object,version,sheet_types,sheets_n,area_total_m2,area_living_m2,room_counts,rooms,sources
,в1,планировка,5,150.2,150.2,"гостиная:2, кухня:2, прихожая:1, санузел:3, сауна:1, спальня:3",Спальня 17.49м²; Кухня 10.67м²; Гостиная 28.74м²; Санузел 3.55м²; Прихожая 5.55м²; санузел 3.75м²; кухня 6.4м²; коридор 6.3м²; спальня 13.57м²; столовая 43.57м²; Комната отдыха с душевой 6.62м²; Парная 4.03м²; кухня-гостиная; спальня; санузел,"2024\Анна Лесное Озеро\В1.pdf (стр.1) | 2024\Для Юры\В1.pdf (стр.1) | 2024\Хозблоки, сауны итп\САУНА\В1.pdf (стр.1) | 2024\Хозблоки, сауны итп\Хозблок модель с баней\В1.pdf (стр.1) | 2024\Юлия Ломоносовский\В1.pdf (стр.1)"
,в2,планировка,1,0.0,0.0,"гостиная:1, санузел:1, спальня:1",кухня-гостиная; спальня; санузел,2024\Юлия Ломоносовский\В2.pdf (стр.1)
,в3,планировка,2,0.0,0.0,"гостиная:1, санузел:1, спальня:1",Парилка; Моечная; Помещение для отдыха; кухня-гостиная; санузел; спальня,2024\Баня Байкал\В3.pdf (стр.1) | 2024\Юлия Ломоносовский\В3.pdf (стр.1)
,в4,планировка,2,71.9,54.9,"гостиная:1, сауна:1, терраса:1",Парная 16.24м²; Помывочное помещение 8.28м²; Массажный кабинет 6.27м²; Кухня-Гостиная 16.33м²; Тамбур 7.79м²; Терраса 16.96м²,2024\Баня Байкал\В4.pdf (стр.1) | 2024\Юлия Ломоносовский\В4.pdf (стр.1)
,в5,планировка,2,71.9,54.9,"гостиная:2, санузел:2, сауна:1, спальня:1, терраса:1",кухня-гостиная; спальня; ванная; санузел; Парная 16.24м²; Помывочное помещение 8.28м²; Массажный кабинет 6.27м²; Кухня-Гостиная 16.33м²; Тамбур 7.79м²; Терраса 16.96м²,2024\Анна Лесное Озеро\В5.pdf (стр.1) | 2024\Баня Байкал\В5.pdf (стр.1)
,в6,планировка,1,72.6,55.6,"гостиная:1, санузел:1, сауна:1, терраса:1",Парная 16.24м²; Помывочное помещение 8.56м²; Массажный кабинет 5.5м²; Кухня-Гостиная 16.33м²; Тамбур 7.79м²; С/У 1.21м²; Терраса 16.96м²,2024\Баня Байкал\В6.pdf (стр.1)
,в7,,1,0.0,0.0,,,2024\Баня Байкал\В7.pdf (стр.1)
00001,,планировка,1,49.4,49.4,"гостиная:1, кухня:1, санузел:1, спальня:1",гостиная 23.57м²; кухня 5.13м²; спальня 9.08м²; ванная 4.26м²; коридор 7.31м²,Планировки\Lampi 4\00001.pdf (стр.1)
001,,планировка,1,155.3,155.3,"гостиная:1, кухня:1, прихожая:3, санузел:2, сауна:1, спальня:2",гостиная 28.2м²; кухня - столовая 28.2м²; кабинет 7.8м²; прихожая 8.1м²; гостевой туалет 5.2м²; постирочная 7.0м²; ванная 10.2м²; сауна 2.8м²; спальня сына 13.2м²; гардеробная 7.0м²; гостевая комната 10.5м²; спальня хозяев 10.8м²; холл 13.9м²; холл 2.4м²,2025\Планировки\Вводные\001.pdf (стр.1)
0мд гараж,в1,планировка,1,47.2,0.0,,Гараж 1 23.58м²; Гараж 1 23.58м²,2026\Планировки\Юра\0МД Гараж В1.pdf (стр.1)
1,,планировка,1,53.8,35.8,"кухня:1, санузел:1, спальня:1, терраса:1",спальня 8.9м²; кухня-столовая 17.5м²; терраса 18.0м²; ванная 3.15м²; коридор 3.25м²; кладовая 3.0м²,Работы Валя\Аля Точка на карте\ФИНАЛИМ ПЛАНИРОВКИ\1.pdf (стр.1)
1 модуль панорама,в1,планировка,1,34.2,34.2,"гостиная:1, кухня:1, санузел:1",гостиная 18.0м²; кухня 13.53м²; санузел 2.64м²,Планировки\Собрать проект\1 модуль панорама в1.pdf (стр.1)
"1,5 модуля",в1,планировка,1,31.4,21.5,"гостиная:1, санузел:1, терраса:1",Кухня-Гостиная 16.35м²; С/У 5.19м²; Терраса 9.9м²,"2025\Дома\Вищневское озеро 9МД и остальное\1,5 МОДУЛЯ\ПЛАНИРОВКИ\1,5 Модуля В1.pdf (стр.1)"
"1,5 модуля",в2,планировка,1,31.4,21.5,"гостиная:1, санузел:1, терраса:1",Кухня-Гостиная 16.35м²; С/У 5.19м²; Терраса 9.9м²,"2025\Дома\Вищневское озеро 9МД и остальное\1,5 МОДУЛЯ\ПЛАНИРОВКИ\1,5 Модуля В2.pdf (стр.1)"
"1,5 модуля в3-ф",,планировка,1,21.5,21.5,"гостиная:1, санузел:1",Кухня-Гостиная 16.35м²; С/У 5.19м²,"2025\Дома\Вищневское озеро 9МД и остальное\1,5 МОДУЛЯ\ПЛАНИРОВКИ\1,5 Модуля В3-Ф.pdf (стр.1)"
"1,5 модуля вишневское размеры",,планировка,1,0.0,0.0,,,"2025\Дома\Вищневское озеро 9МД и остальное\1,5 МОДУЛЯ\ПЛАНИРОВКИ\1,5 Модуля Вишневское Размеры.pdf (стр.1)"
1.27.2,,планировка,1,27.2,27.2,"гостиная:1, кухня:1, санузел:1",гостиная 17.1м²; кухня 2.3м²; санузел 3.4м²; коридор 4.4м²,Планировки\Обновленные\1.27.2.pdf (стр.1)
1.30.3,,планировка,1,20.5,20.5,гостиная:1,гостиная 20.5м²; Место под фурако,Планировки\Обновленные\1.30.3.pdf (стр.1)
11+мд углово игорь,в1,планировка,1,250.6,154.0,"гостиная:1, прихожая:2, санузел:2, спальня:4, терраса:1",Гостиная-Кухня 56.65м²; Прихожая 9.51м²; Гардероб 2.54м²; Спальня 12.29м²; Спальня 8.94м²; Спальня 16.59м²; С/У 7.86м²; Гардеробная 8.31м²; С/У 3.0м²; Спальня 9.14м²; Хоз помещение 2.87м²; Котельная 3.57м²; Холл 12.73м²; Терраса 93.55м²; Крыльцо 3.0м²,2025\Планировки\Юра\11+МД Углово Игорь В1.pdf (стр.1)
11+мд углово игорь,в2,планировка,3,781.1,474.5,"гостиная:3, прихожая:9, санузел:9, спальня:12, терраса:3",Гостиная-Кухня 48.42м²; Прихожая 9.51м²; С/У 2.54м²; Спальня 12.39м²; Мастер спальня - Гардеробная 18.06м²; С/У 7.08м²; Спальня 9.17м²; Игровая зона 7.3м²; С/У 6.38м²; Спальня 10.94м²; Прихожая 6.24м²; Котельная+Кладовая 7.26м²; Холл 12.89м²; Терраса 93.55м²; Крыльцо 8.65м²; Гостиная-Кухня 48.42м²; Прихожая 9.51м²; С/У 2.54м²; Спальня 12.39м²; Мастер спальня - Гардеробная 18.06м²; С/У 7.08м²; Спальня 9.17м²; Игровая зона 7.3м²; С/У 6.38м²; Спальня 10.94м²; Прихожая 6.24м²; Котельная+Кладовая 7.26м²; Холл 12.89м²; Терраса 93.55м²; Крыльцо 8.65м²; Гостиная-Кухня 48.42м²; Прихожая 9.51м²; С/У 2.54м²; Спальня 12.39м²; Мастер спальня - Гардеробная 18.06м²; С/У 7.08м²; Спальня 9.17м²; Игровая зона 7.3м²; С/У 6.38м²; Спальня 10.94м²; Прихожая 6.24м²; Котельная+Кладовая 7.26м²; Холл 12.89м²; Терраса 93.55м²; Крыльцо 8.65м²,2025\Планировки\Юра\11+МД Углово Игорь В2.pdf (стр.1) | 2025\Планировки\Юра\11+МД Углово Игорь В2.pdf (стр.2) | 2025\Планировки\Юра\11+МД Углово Игорь В2.pdf (стр.3)
11мд - террасы,,"планировка, спецификация",2,59.6,0.0,терраса:8,Терраса №3 12.7м²; Терраса №4 12.0м²; Терраса №5 12.0м²; Терраса №6 3.0м²; Терраса №7 7.2м²; Терраса №8 3.8м²; Терраса №9 4.1м²; Терраса №10 4.8м²,2025\Дома\11МД Москва Евгения\11мд - террасы.pdf (стр.1) | 2025\Дома\11МД Москва Евгения\11мд - террасы.pdf (стр.2)
11мд мск,в10,планировка,1,261.5,182.6,"гостиная:1, кухня:1, прихожая:2, санузел:3, спальня:3, терраса:2",Спальня 16.87м²; С/У 7.33м²; Спальня 15.74м²; Коридор 9.3м²; Прихожая 13.36м²; С/У 2.44м²; Гостиная 40.31м²; Кухня 11.47м²; Кладовая 8.05м²; Котельная 7.33м²; Кабинет 13.92м²; С/У 7.92м²; Холл 6.22м²; Спальня 22.35м²; Терраса 60.44м²; Терраса 18.49м²,2025\Планировки\Юра\11МД МСК В10.pdf (стр.1)
11мд мск,в11,планировка,1,261.4,182.5,"гостиная:1, кухня:1, прихожая:2, санузел:4, спальня:3, терраса:2",Спальня 16.87м²; С/У 4.34м²; С/У 4.31м²; Спальня 15.88м²; Коридор 7.71м²; Прихожая 13.36м²; С/У 2.44м²; Гостиная 40.31м²; Кухня 11.47м²; Кладовая 8.05м²; Комнатная 7.33м²; Кабинет 13.92м²; Холл 6.22м²; С/У 7.92м²; Спальная 22.35м²; Терраса 60.44м²; Терраса 18.49м²,2025\Планировки\Юра\11МД МСК В11.pdf (стр.1)
11мд мск,в2,планировка,1,238.1,177.9,"гостиная:1, прихожая:2, санузел:2, спальня:3, терраса:1",Спальня 16.72м²; С/У 7.18м²; Спальня 15.4м²; Коридор 8.83м²; Прихожая 15.23м²; Кухня-Гостиная 50.1м²; Кладовая 8.96м²; Котельная 8.02м²; Кабинет 16.46м²; С/У 7.16м²; Холл 4.74м²; Спальня 19.09м²; Терраса 56.56м²; Крыльцо 3.65м²,2025\Планировки\Юра\11МД МСК В2.pdf (стр.1)
11мд мск,в3,,1,0.0,0.0,,,2025\Планировки\Юра\11МД МСК В3.pdf (стр.1)
11мд мск,в4,,1,0.0,0.0,,,2025\Планировки\Юра\11МД МСК В4.pdf (стр.1)
11мд мск,в5,планировка,1,256.8,177.9,"гостиная:1, прихожая:2, санузел:2, спальня:3, терраса:2",Спальня 16.72м²; С/У 7.19м²; Спальня 15.4м²; Коридор 8.82м²; Прихожая 15.23м²; Кухня-Гостиная 50.1м²; Кладовая 8.96м²; Котельная 8.02м²; Кабинет 16.46м²; С/У 7.16м²; Холл 4.74м²; Спальня 19.09м²; Терраса 60.44м²; Терраса 18.49м²,2025\Планировки\Юра\11МД МСК В5.pdf (стр.1)
11мд мск,в6,планировка,1,256.9,178.0,"гостиная:1, прихожая:2, санузел:2, спальня:3, терраса:2",Спальня 16.72м²; С/У 7.19м²; Спальня 15.4м²; Коридор 8.82м²; Прихожая 15.23м²; Кухня-Гостиная 50.1м²; Кладовая 8.96м²; Котельная 8.02м²; Кабинет 9.91м²; С/У 7.16м²; Холл 6.42м²; Спальня 24.07м²; Терраса 60.44м²; Терраса 18.49м²,2025\Планировки\Юра\11МД МСК В6.pdf (стр.1)
11мд мск,в7,планировка,1,256.8,177.9,"гостиная:1, прихожая:2, санузел:2, спальня:3, терраса:2",Спальня 16.72м²; С/У 7.19м²; Спальня 15.4м²; Коридор 8.82м²; Прихожая 15.23м²; Кухня-Гостиная 50.1м²; Кладовая 8.96м²; Котельная 8.02м²; Кабинет 12.25м²; С/У 7.78м²; Холл 5.63м²; Спальня 21.78м²; Терраса 60.44м²; Терраса 18.49м²,2025\Планировки\Юра\11МД МСК В7.pdf (стр.1)
11мд мск,в8,,1,0.0,0.0,,,2025\Планировки\Юра\11МД МСК В8.pdf (стр.1)
11мд мск,в9,,1,0.0,0.0,,,2025\Планировки\Юра\11МД МСК В9.pdf (стр.1)
11мд мск евгения,в12,планировка,1,261.4,182.5,"гостиная:1, кухня:1, прихожая:2, санузел:3, спальня:3, терраса:2",Спальня 16.87м²; С/У 4.34м²; С-У 4.31м²; Спальня 15.88м²; Коридор 7.71м²; Прихожая 13.36м²; С/У 2.44м²; Гостиная 40.31м²; Кухня 11.47м²; Кладовая 8.05м²; Комнатная 7.33м²; Кабинет 13.92м²; Холл 6.22м²; С/У 7.92м²; Спальня 22.35м²; Терраса 60.44м²; Терраса 18.49м²,2025\Планировки\Юра\11МД МСК Евгения В12.pdf (стр.1)
11мд мск евгения,в13,планировка,1,262.6,182.5,"гостиная:1, кухня:1, прихожая:2, санузел:4, спальня:3, терраса:2",Спальня 16.87м²; С/У 3.92м²; С/У 4.73м²; Спальная 15.88м²; Коридор 7.71м²; Прихожая 13.36м²; С/У 2.44м²; Гостиная 40.31м²; Кухня 11.47м²; Кладовая 8.05м²; Комнатная 7.33м²; Кабинет 13.92м²; Холл 6.22м²; С/У 7.92м²; Спальная 22.35м²; Терраса 60.44м²; Терраса 19.7м²,2025\Планировки\Юра\11МД МСК Евгения В13.pdf (стр.1)
11мд мск евгения,в14,планировка,2,491.8,365.0,"гостиная:2, кухня:2, прихожая:4, санузел:8, спальня:6, терраса:2",Спальня 16.87м²; С/У 3.92м²; С/У 4.73м²; Спальная 15.88м²; Коридор 7.71м²; Прихожая 13.36м²; С/У 2.44м²; Гостиная 40.31м²; Кухня 11.47м²; Кладовая 8.05м²; Компенсация 7.33м²; Кабинет 13.92м²; Холл 6.22м²; С/У 7.92м²; Спальная 22.35м²; Терраса 60.44м²; Крыльцо 3.0м²; Спальня 16.87м²; С/У 3.92м²; С/У 4.73м²; Спальная 15.88м²; Коридор 7.71м²; Прихожая 13.36м²; С/У 2.44м²; Гостиная 40.31м²; Кухня 11.47м²; Кладовая 8.05м²; Комнатная 7.33м²; Кабинет 13.92м²; Холл 6.22м²; С/У 7.92м²; Спальная 22.35м²; Терраса 60.44м²; Крыльцо 3.0м²,2025\Дома\11МД Москва Евгения\11МД МСК Евгения В14.pdf (стр.1) | 2025\Планировки\Юра\11МД МСК Евгения В14.pdf (стр.1)
11мд мск евгения,в16,,1,0.0,0.0,,,2025\Планировки\Юра\11МД МСК Евгения В16.pdf (стр.1)
"11мд мск евгения - навесы, пергалы",,разрез,2,0.0,0.0,,,"2025\Дома\11МД Москва Евгения\11МД МСК Евгения - Навесы, пергалы.pdf (стр.1) | 2025\Дома\11МД Москва Евгения\11МД МСК Евгения - Навесы, пергалы.pdf (стр.2)"
11мд мск евгения в15 варианты су,,разрез,1,0.0,0.0,,,2025\Планировки\Юра\11МД МСК Евгения В15 Варианты СУ.pdf (стр.1)
11мд мск евгения в15 варианты су4,,планировка,1,0.0,0.0,,,2025\Планировки\Юра\11МД МСК Евгения В15 Варианты СУ4.pdf (стр.1)
11мд мск евгения в15 варианты су5,,планировка,1,0.0,0.0,,,2025\Планировки\Юра\11МД МСК Евгения В15 Варианты СУ5.pdf (стр.1)
11мд мск евгения в16+доп,,планировка,1,245.9,182.5,"гостиная:1, кухня:1, прихожая:2, санузел:4, спальня:3, терраса:1",Спальня 16.87м²; С/У 3.92м²; С/У 4.73м²; Спальня 15.88м²; Коридор 7.71м²; Прихожая 13.36м²; С/У 2.44м²; Гостиная 40.31м²; Кухня 11.47м²; Кладовая 8.05м²; Комнатная 7.33м²; Кабинет 13.92м²; Холл 6.22м²; С/У 7.92м²; Спальная 22.35м²; Терраса 60.44м²; Крыльцо 3.0м²,2025\Планировки\Юра\11МД МСК Евгения В16+ДОП.pdf (стр.1)
12+мд углово игорь,в3,планировка,3,782.0,475.4,"гостиная:3, прихожая:9, санузел:9, спальня:12, терраса:3",Гостиная-Кухня 48.42м²; Прихожая 9.51м²; С/У 2.54м²; Спальня 12.39м²; Мастер спальня - Гардеробная 18.06м²; С/У 7.08м²; Спальня-Мервака 16.86м²; Коридор 9.35м²; С/У 6.38м²; Спальня 10.94м²; Прихожая 6.24м²; Котельная-Кладовая 7.26м²; Холл 3.45м²; Терраса 93.55м²; Крыльцо 8.65м²; Гостиная-Кухня 48.42м²; Прихожая 9.51м²; С/У 2.54м²; Спальня 12.39м²; Мастер спальня - Гардеробная 18.06м²; С/У 7.08м²; Спальная-Мервака 16.86м²; Коридор 9.35м²; С/У 6.38м²; Спальня 10.94м²; Прихожая 6.24м²; Котельная+Кладовая 7.26м²; Холл 3.45м²; Терраса 93.55м²; Крыльцо 8.65м²; Гостиная-Кухня 48.42м²; Прихожая 9.51м²; С/У 2.54м²; Спальня 12.39м²; Мастер спальня - Гардеробная 18.06м²; С/У 7.08м²; Спальная-Мервака 16.86м²; Коридор 9.35м²; С/У 6.38м²; Спальня 10.94м²; Прихожая 6.24м²; Котельная+Кладовая 7.26м²; Холл 3.45м²; Терраса 93.55м²; Крыльцо 8.65м²,2025\Планировки\Юра\12+МД Углово Игорь В3.pdf (стр.1) | 2025\Планировки\Юра\12+МД Углово Игорь В3.pdf (стр.2) | 2025\Планировки\Юра\12+МД Углово Игорь В3.pdf (стр.3)
12+мд углово игорь,в4,планировка,3,782.0,475.4,"гостиная:3, прихожая:9, санузел:9, спальня:12, терраса:3",Гостиная-Кухня 48.42м²; Прихожая 9.51м²; С/У 2.54м²; Спальня 12.39м²; Мастер спальня - Гардеробная 18.06м²; С/У 7.08м²; Спальня-Мервака 16.86м²; Коридор 9.35м²; С/У 6.38м²; Спальня 10.94м²; Прихожая 6.24м²; Котельная-Кладовая 7.26м²; Холл 3.45м²; Терраса 93.55м²; Крыльцо 8.65м²; Гостиная-Кухня 48.42м²; Прихожая 9.51м²; С/У 2.54м²; Спальня 12.39м²; Мастер спальня - Гардеробная 18.06м²; С/У 7.08м²; Спальная-Мервака 16.86м²; Коридор 9.35м²; С/У 6.38м²; Спальня 10.94м²; Прихожая 6.24м²; Котельная+Кладовая 7.26м²; Холл 3.45м²; Терраса 93.55м²; Крыльцо 8.65м²; Гостиная-Кухня 48.42м²; Прихожая 9.51м²; С/У 2.54м²; Спальня 12.39м²; Мастер спальня - Гардеробная 18.06м²; С/У 7.08м²; Спальная-Мервака 16.86м²; Коридор 9.35м²; С/У 6.38м²; Спальня 10.94м²; Прихожая 6.24м²; Котельная-Кладовая 7.26м²; Холл 3.45м²; Терраса 93.55м²; Крыльцо 8.65м²,2025\Планировки\Юра\12+МД Углово Игорь В4.pdf (стр.1) | 2025\Планировки\Юра\12+МД Углово Игорь В4.pdf (стр.2) | 2025\Планировки\Юра\12+МД Углово Игорь В4.pdf (стр.3)
12+мд углово игорь,в5,планировка,3,782.0,475.4,"гостиная:3, прихожая:6, санузел:9, спальня:12, терраса:3",Гостиная-Кухня 48.42м²; Прихожая 9.51м²; С/У 2.54м²; Спальня 12.39м²; Мастер спальня - Гардеробная 18.06м²; С/У 7.08м²; Спальня-Мереба 16.86м²; Коридор 9.35м²; С/У 6.38м²; Спальня 10.94м²; Гардеробная 6.24м²; Котельная-Кладовая 7.26м²; Холл 3.45м²; Терраса 93.55м²; Крыльцо 8.65м²; Гостиная-Кухня 48.42м²; Прихожая 9.51м²; С/У 2.54м²; Спальня 12.39м²; Мастер спальня - Гардеробная 18.06м²; С/У 7.08м²; Спальня-Мереба 16.86м²; Коридор 9.35м²; С/У 6.38м²; Спальня 10.94м²; Гардеробная 6.24м²; Котельная-Кладовая 7.26м²; Холл 3.45м²; Терраса 93.55м²; Крыльцо 8.65м²; Гостиная-Кухня 48.42м²; Прихожая 9.51м²; С/У 2.54м²; Спальня 12.39м²; Мастер спальня - Гардеробная 18.06м²; С/У 7.08м²; Спальня-Мереба 16.86м²; Коридор 9.35м²; С/У 6.38м²; Спальня 10.94м²; Гардеробная 6.24м²; Котельная-Кладовая 7.26м²; Холл 3.45м²; Терраса 93.55м²; Крыльцо 8.65м²,2025\Планировки\Юра\12+МД Углово Игорь В5.pdf (стр.1) | 2025\Планировки\Юра\12+МД Углово Игорь В5.pdf (стр.2) | 2025\Планировки\Юра\12+МД Углово Игорь В5.pdf (стр.3)
12+мд углово игорь,в6,планировка,3,782.0,475.4,"гостиная:3, прихожая:6, санузел:9, спальня:12, терраса:3",Гостиная-Кухня 48.42м²; Прихожая 9.51м²; С/У 2.54м²; Спальня 12.39м²; Мастер спальня - Гардеробная 18.06м²; С/У 7.08м²; Спальня-Мереба 16.86м²; Коридор 9.35м²; С/У 6.38м²; Спальня 10.94м²; Гардеробная 6.24м²; Котельная-Кладовая 7.26м²; Холл 3.45м²; Терраса 93.55м²; Крыльцо 8.65м²; Гостиная-Кухня 48.42м²; Прихожая 9.51м²; С/У 2.54м²; Спальня 12.39м²; Мастер спальня - Гардеробная 18.06м²; С/У 7.08м²; Спальня-Мереба 16.86м²; Коридор 9.35м²; С/У 6.38м²; Спальня 10.94м²; Гардеробная 6.24м²; Котельная-Кладовая 7.26м²; Холл 3.45м²; Терраса 93.55м²; Крыльцо 8.65м²; Гостиная-Кухня 48.42м²; Прихожая 9.51м²; С/У 2.54м²; Спальня 12.39м²; Мастер спальня - Гардеробная 18.06м²; С/У 7.08м²; Спальня-Мереба 16.86м²; Коридор 9.35м²; С/У 6.38м²; Спальня 10.94м²; Гардеробная 6.24м²; Котельная-Кладовая 7.26м²; Холл 3.45м²; Терраса 93.55м²; Крыльцо 8.65м²,2025\Планировки\Юра\12+МД Углово Игорь В6.pdf (стр.1) | 2025\Планировки\Юра\12+МД Углово Игорь В6.pdf (стр.2) | 2025\Планировки\Юра\12+МД Углово Игорь В6.pdf (стр.3)
12+мд углово игорь,в7,планировка,3,782.0,475.4,"гостиная:3, прихожая:6, санузел:9, спальня:12, терраса:3",Гостиная-Кухня 48.42м²; Прихожая 9.51м²; С/У 2.54м²; Спальня 12.39м²; Мастер спальня - Гардеробная 18.06м²; С/У 7.08м²; Спальня-Мереба 16.86м²; Коридор 9.35м²; С/У 6.38м²; Спальня 10.94м²; Гардеробная 6.24м²; Котельная-Кладовая 7.26м²; Холл 3.45м²; Терраса 93.55м²; Крыльцо 8.65м²; Гостиная-Кухня 48.42м²; Прихожая 9.51м²; С/У 2.54м²; Спальня 12.39м²; Мастер спальня - Гардеробная 18.06м²; С/У 7.08м²; Спальня-Мезонин 16.86м²; Коридор 9.35м²; С/У 6.38м²; Спальня 10.94м²; Гардеробная 6.24м²; Котельная-Кладовая 7.26м²; Холл 3.45м²; Терраса 93.55м²; Крыльцо 8.65м²; Гостиная-Кухня 48.42м²; Прихожая 9.51м²; С/У 2.54м²; Спальня 12.39м²; Мастер спальня - Гардеробная 18.06м²; С/У 7.08м²; Спальня-Мезонин 16.86м²; Коридор 9.35м²; С/У 6.38м²; Спальня 10.94м²; Гардеробная 6.24м²; Котельная-Кладовая 7.26м²; Холл 3.45м²; Терраса 93.55м²; Крыльцо 8.65м²,2025\Планировки\Юра\12+МД Углово Игорь В7.pdf (стр.1) | 2025\Планировки\Юра\12+МД Углово Игорь В7.pdf (стр.2) | 2025\Планировки\Юра\12+МД Углово Игорь В7.pdf (стр.3)
12+мд углово игорь,в8,планировка,1,260.7,158.5,"гостиная:1, прихожая:2, санузел:3, спальня:4, терраса:1",Гостиная-Кухня 48.42м²; Прихожая 9.51м²; С/У 2.54м²; Спальня 12.39м²; Мастер спальня - Гардеробная 18.06м²; С/У 7.08м²; Спальня-Неровная 16.86м²; Коридор 9.35м²; С/У 6.38м²; Спальня 10.94м²; Гардеробная 6.24м²; Камельонка-Кладовая 7.26м²; Холл 3.45м²; Терраса 93.55м²; Крыльцо 8.65м²,2025\Планировки\Юра\12+МД Углово Игорь В8.pdf (стр.1)
12+мд углово игорь,в9,планировка,3,640.3,472.5,"гостиная:3, прихожая:6, санузел:9, спальня:12, терраса:3",Гостиная-Кухня 48.32м²; Прихожая 9.61м²; С/У 2.54м²; Спальня 12.39м²; Мастер спальня 17.92м²; С/У 7.08м²; Спальня-Меридиан 16.59м²; Коридор 9.35м²; С/У 5.41м²; Спальня 11.74м²; Гардеробная 5.9м²; Котельная-Кладовая 7.2м²; Холл 3.45м²; Терраса 55.92м²; Гостиная-Кухня 48.32м²; Прихожая 9.61м²; С/У 2.54м²; Спальня 12.39м²; Мастер спальня 17.92м²; С/У 7.08м²; Спальня-Меридиан 16.59м²; Коридор 9.35м²; С/У 5.41м²; Спальня 11.74м²; Гардеробная 5.9м²; Котельная-Кладовая 7.2м²; Холл 3.45м²; Терраса 55.92м²; Гостиная-Кухня 48.32м²; Прихожая 9.61м²; С/У 2.54м²; Спальня 12.39м²; Мастер спальня 17.92м²; С/У 7.08м²; Спальня-Меридиан 16.59м²; Коридор 9.35м²; С/У 5.41м²; Спальня 11.74м²; Гардеробная 5.9м²; Котельная-Кладовая 7.2м²; Холл 3.45м²; Терраса 55.92м²,2025\Планировки\Юра\12+МД Углово Игорь В9.pdf (стр.1) | 2025\Планировки\Юра\12+МД Углово Игорь В9.pdf (стр.2) | 2025\Планировки\Юра\12+МД Углово Игорь В9.pdf (стр.3)
12мд агалатово,в11,планировка,1,311.7,217.1,"гостиная:1, детская:3, прихожая:2, санузел:3, спальня:1, терраса:2",Детская 1 16.67м²; Детская 2 18.65м²; Спальня 24.88м²; С/У 1 7.67м²; Молявная 7.8м²; Гостиная 33.65м²; С/У 2 4.56м²; Детская 3 28.81м²; С/У 3 1.76м²; Холл 64.73м²; Прихожая 7.92м²; Терраса 1 13.86м²; Терраса 2 80.76м²,2025\Планировки\Для Василия\12МД Агалатово В11.pdf (стр.1)
12мд агалатово,в13,планировка,1,292.1,195.3,"гостиная:1, детская:2, прихожая:2, санузел:3, спальня:1, терраса:3",Прихожая 5.96м²; Молельная 7.83м²; Детская 19.95м²; Спальня 33.86м²; С/У 9.07м²; Тех. Помещение 6.35м²; Гостиная 33.87м²; С/У 4.93м²; Детская 27.14м²; С/У 1.89м²; Холл 44.46м²; Терраса-Крыльцо 17.37м²; Крытая Терраса 54.0м²; Открытая Терраса 25.44м²,2025\Планировки\Для Василия\12МД Агалатово В13.pdf (стр.1)
12мд агалатово,в14,планировка,1,157.0,157.0,"гостиная:1, детская:2, прихожая:2, санузел:3, спальня:1",Прихожая 6.47м²; Молельня 6.13м²; Детская 22.45м²; Спальня 36.47м²; С/У 9.07м²; Тех. Помещение 3.98м²; Гостиная 33.87м²; С/У 4.93м²; Детская 27.14м²; С/У 1.89м²; Холл 4.64м²,2025\Планировки\Для Василия\12МД Агалатово В14.pdf (стр.1)
12мд агалатово,в15,планировка,1,257.0,160.1,"гостиная:1, детская:2, прихожая:2, санузел:3, спальня:1, терраса:3",Прихожая 6.7м²; Молельня 6.13м²; Детская 22.45м²; Спальня 36.47м²; С/У 9.07м²; Тех Помещение 6.86м²; Гостиная 33.87м²; С/У 4.93м²; Детская 27.14м²; С/У 1.89м²; Холл 4.64м²; Терраса-Крыльцо 17.37м²; Крытая Терраса 54.0м²; Открытая Терраса 25.44м²,2025\Планировки\Для Василия\12МД Агалатово В15.pdf (стр.1)
12мд агалатово,в16,планировка,1,257.4,160.6,"гостиная:1, детская:2, прихожая:2, санузел:3, спальня:1, терраса:3",Прихожая 6.7м²; Молельная 6.13м²; Детская 22.45м²; Спальня 36.96м²; С/У 9.07м²; Тех Помещение 6.86м²; Гостиная 33.87м²; С/У 4.93м²; Детская 27.14м²; С/У 1.89м²; Холл 4.64м²; Терраса-Крыльцо 17.37м²; Крытая Терраса 54.0м²; Открытая Терраса 25.44м²,2025\Планировки\Для Василия\12МД Агалатово В16.pdf (стр.1)
12мд агалатово,в17,планировка,1,257.4,160.6,"гостиная:1, детская:2, прихожая:2, санузел:3, спальня:1, терраса:3",Прихожая 6.7м²; Молельня 6.13м²; Детская 22.45м²; Спальня 36.96м²; С/У 9.07м²; Тех Помещение 6.86м²; Гостиная 33.87м²; С/У 4.93м²; Детская 27.14м²; С/У 1.89м²; Холл 4.64м²; Терраса-Крыльцо 17.37м²; Крытая Терраса 54.0м²; Открытая Терраса 25.44м²,2025\Планировки\Для Василия\12МД Агалатово В17.pdf (стр.1)
12мд агалатово,в18,планировка,1,257.4,160.6,"гостиная:1, детская:2, прихожая:2, санузел:3, спальня:1, терраса:3",Прихожая 6.7м²; Молельня 6.13м²; Детская 22.45м²; Спальня 36.96м²; С/У 9.07м²; Тех. Помещение 6.86м²; Гостиная 33.87м²; С/У 4.93м²; Детская 27.14м²; С/У 1.89м²; Холл 4.64м²; Терраса-Крыльцо 17.37м²; Крытая Терраса 54.0м²; Открытая Терраса 25.44м²,2025\Планировки\Для Василия\12МД Агалатово В18.pdf (стр.1)
12мд агалатово,в19,планировка,1,257.4,160.6,"гостиная:1, детская:2, прихожая:2, санузел:3, спальня:1, терраса:3",Прихожая 6.7м²; Молельня 6.13м²; Детская 22.45м²; Спальня 36.96м²; С/У 9.07м²; Тех Помещение 6.86м²; Гостиная 33.87м²; С/У 4.93м²; Детская 27.14м²; С/У 1.89м²; Холл 4.64м²; Терраса-Крыльцо 17.37м²; Крытая Терраса 54.0м²; Открытая Терраса 25.44м²,2025\Планировки\Для Василия\12МД Агалатово В19.pdf (стр.1)
12мд агалатово,в20,планировка,1,257.4,160.6,"гостиная:1, детская:2, прихожая:2, санузел:3, спальня:1, терраса:3",Прихожая 6.7м²; Молельня 6.13м²; Детская 22.45м²; Спальня 36.96м²; С/У 9.07м²; Тех. Помещение 6.86м²; Гостиная 33.87м²; С/У 4.93м²; Детская 27.14м²; С/У 1.89м²; Холл 4.64м²; Терраса-Крыльцо 17.37м²; Крытая Терраса 54.0м²; Открытая Терраса 25.44м²,2025\Планировки\Для Василия\12МД Агалатово В20.pdf (стр.1)
12мд агалатово вф,,планировка,1,256.9,160.1,"гостиная:1, детская:2, прихожая:2, санузел:3, спальня:1, терраса:3",Прихожая 6.47м²; Молельня 6.13м²; Детская 22.45м²; Спальня 36.96м²; С/У 9.07м²; Тех. Помещение 6.86м²; Гостиная 33.87м²; С/У 4.93м²; Детская 27.14м²; С/У 1.89м²; Холл 4.364м²; Терраса-Крыльцо 17.37м²; Крытая Терраса 54.0м²; Открытая Терраса 25.44м²,2025\Дома\12МД Агалатово\12МД Агалатово ВФ.pdf (стр.1)
12мд мск,в1,планировка,1,267.4,195.0,"гостиная:1, прихожая:3, санузел:4, спальня:3, терраса:3",Тех помещение 8.1м²; Кладовая-прихожая 8.25м²; Кабинет 16.81м²; С/У 6.67м²; Холл 5.24м²; Спальня 19.28м²; Мастерская 6.25м²; Кладовка 5.01м²; Кухня-Гостиная 42.27м²; Прихожая 10.88м²; С/У 1.99м²; Котельная 11.99м²; Спальня 22.1м²; С/У 4.07м²; С/У 4.07м²; Спальня 22.04м²; Терраса 52.02м²; Терраса 14.4м²; Терраса 6.0м²,2025\Планировки\Юра\12МД МСК В1.pdf (стр.1)
12мд учебный центр,в2,планировка,1,227.8,183.2,"санузел:3, спальня:5, терраса:1",Проходная 6.71м²; Коридор 14.73м²; Комната экраны 10.05м²; Танцпол 4.75м²; Спальная №3 11.53м²; Комната Хранения 14.54м²; Постирочная 16.25м²; Спальная №4 11.92м²; Спальня №1 11.58м²; С/У 3.03м²; Учебный Зал 45.92м²; Спальная №2 11.33м²; С/У 3.03м²; Спальня №2 11.33м²; С/У 3.03м²; Котельная-ПЧ 3.51м²; Терраса 44.55м²,2025\Планировки\Для Василия\12МД Учебный Центр В2.pdf (стр.1)
12мд учебный центр,в3,планировка,2,450.5,352.4,"санузел:8, спальня:8, терраса:3",Проходная 6.71м²; Комната охраны 10.05м²; С/У 6.45м²; Комната Хранения 14.54м²; Постирочная 16.25м²; Спальная №1 11.58м²; С/У 3.03м²; Спальная №2 11.33м²; С/У 3.03м²; Коридор 14.73м²; Спальная №3 11.33м²; С/У 3.03м²; Спальная №4 11.92м²; Учебный Зал 46.08м²; Терраса 44.55м²; Котельная-ПЧ 11.96м²; Проходная 6.71м²; Комната охраны 10.05м²; 7 6.45м²; Прачечная 13.79м²; С/У 1.38м²; ПИК 6.16м²; Комната хранения 9.28м²; Спальная №1 11.76м²; С/У 3.03м²; Спальная №2 11.52м²; С/У 3.03м²; Коридор 10.53м²; Тамбур 3.56м²; Спальная №3 11.54м²; Спальная №4 11.92м²; С/У 3.03м²; Учебный Зал 46.66м²; Крытая терраса 18.38м²; Терраса Открытая 29.72м²; Крыльцо 5.4м²,2025\Планировки\Для Василия\12МД Учебный Центр В3.pdf (стр.1) | 2025\Планировки\Юра\12МД Учебный центр В3.pdf (стр.1)
13мд агалатово,в10,планировка,1,319.1,212.5,"гостиная:1, детская:3, прихожая:1, санузел:3, спальня:1, терраса:2",Детская 1 24.82м²; Детская 2 24.72м²; Детская 3 16.33м²; Гостиная 27.87м²; С/У 4.47м²; С/У 6.73м²; Тех. Помещение 4.42м²; Спальня 21.31м²; С/У 2.83м²; Холл 66.11м²; Проход 5.16м²; Маленькая 7.71м²; Терраса 1 13.86м²; Терраса 2 92.76м²,2025\Планировки\Для Василия\13МД Агалатово В10.pdf (стр.1)
13мд агалатово,в7,планировка,1,313.0,206.4,"гостиная:1, детская:2, прихожая:2, санузел:3, спальня:1, терраса:2",Детская 1 24.82м²; Детская 2 24.72м²; Гостиная 27.69м²; Допская 3 11.35м²; С/У 3.75м²; С/У 6.73м²; Мойка 4.47м²; Спальня 21.31м²; С/У 2.63м²; Холл 66.11м²; Прихожая 5.16м²; Тех.Помещение 7.71м²; Терраса 1 13.82м²; Терраса 2 92.76м²,2025\Планировки\Для Василия\13МД Агалатово В7.pdf (стр.1)
13мд агалатово,в8,планировка,1,306.5,199.9,"гостиная:1, детская:3, прихожая:2, санузел:2, спальня:1, терраса:2",Детская 1 24.82м²; Детская 2 24.72м²; Гостиная 27.69м²; Детская 3 11.35м²; С/У 3 3.75м²; Мойка 4.42м²; Спальня 21.31м²; С/У 2 2.83м²; Холл 66.11м²; Прихожая 5.16м²; Тех.Помещение 7.71м²; Терраса 1 13.86м²; Терраса 2 92.76м²,2025\Планировки\Для Василия\13МД Агалатово В8.pdf (стр.1)
13мд агалатово,в9,планировка,1,319.1,212.5,"гостиная:1, детская:3, прихожая:2, санузел:3, спальня:1, терраса:2",Детская 1 24.82м²; Детская 2 24.72м²; Детская 3 16.33м²; Гостиная 27.87м²; С/У 1 4.47м²; С/У 2 6.73м²; Тех. Помещение 4.42м²; Спальня 21.31м²; С/У 3 2.83м²; Холл 66.11м²; Прихожая 5.16м²; Маленькая 7.71м²; Терраса 1 13.86м²; Терраса 2 92.76м²,2025\Планировки\Для Василия\13МД Агалатово В9.pdf (стр.1)
14.03.24,,планировка,1,112.0,97.7,"гостиная:1, кухня:1, прихожая:1, санузел:3, спальня:1, терраса:1",гостиная 43.57м²; кухня 6.4м²; спальня 13.57м²; ванная 3.75м²; гардеробная 5.5м²; санузел 4.31м²; прихожая 6.3м²; санузел 14.31м²; терраса 14.31м²,Планировки\14.03.24.pdf (стр.1)
16мд агалатово,в2,планировка,1,275.1,256.4,"гостиная:1, детская:3, прихожая:2, санузел:2, спальня:1, терраса:1",Тех. Помещение 6.31м²; Прихожая 7.65м²; Молельная комната 9.07м²; Детская 1 32.69м²; Холл 7.55м²; Мастер Спальня 41.07м²; Мастер 1 / 3 8.39м²; Гостиная 50.47м²; Детская 2 38.95м²; Детская 3 19.07м²; С/У 6 3.36м²; С/У 2 2.63м²; Коридор 29.22м²; Терраса 15.0м²; Крыльцо 3.65м²,2025\Планировки\Для Василия\16МД Агалатово В2.pdf (стр.1)
16мд агалатово,в3,,1,0.0,0.0,,,2025\Планировки\Для Василия\16МД Агалатово В3.pdf (стр.1)
16мд агалатово,в4,планировка,1,374.4,260.2,"гостиная:1, детская:3, прихожая:2, санузел:3, спальня:1, терраса:2",Тех. Помещение 6.31м²; Прихожая 7.65м²; Молельная комната 9.67м²; Детская 1 32.77м²; Холл 6.94м²; Мастер Спальня 41.07м²; Мастер С/У 8.39м²; Гостиная 50.47м²; Детская 2 19.19м²; Детская 3 38.68м²; С/У 1 6.49м²; С/У 2 2.63м²; Коридор 29.97м²; Терраса 15.0м²; Крыльцо 3.65м²; Проектируемая терраса 95.51м²,2025\Планировки\Для Василия\16МД Агалатово В4.pdf (стр.1)
16мд агалатово,в5,планировка,1,374.4,260.2,"гостиная:1, детская:3, прихожая:2, санузел:3, спальня:1, терраса:2",Тех. Помещение 6.31м²; Прихожая 7.65м²; Молельная комната 9.67м²; Детская 1 32.77м²; Холл 6.94м²; Мастер Спальня 41.07м²; Мастер С/У 8.39м²; Гостиная 50.47м²; Детская 2 19.19м²; Детская 3 38.68м²; С/У 1 6.49м²; С/У 2 2.63м²; Коридор 29.97м²; Терраса 15.0м²; Крыльцо 3.65м²; Проектируемая терраса 95.51м²,2025\Планировки\Для Василия\16МД Агалатово В5.pdf (стр.1)
16мд агалатово,в6,планировка,1,370.5,256.4,"гостиная:1, детская:3, прихожая:2, санузел:3, терраса:2",Тех. Помещение 6.31м²; Прихожая 7.65м²; Молельная комната 9.67м²; Детская 1 32.77м²; Холл 6.94м²; Мастер Спалня 41.13м²; Мастер С/У 8.39м²; Гостиная 50.47м²; Детская 2 20.65м²; Детская 3 38.68м²; С/У 5 1.12м²; С/У 2 2.63м²; Коридор 29.97м²; Терраса 15.0м²; Крыльцо 3.65м²; Проектируемая терраса 95.51м²,2025\Планировки\Для Василия\16МД Агалатово В6.pdf (стр.1)
16мд агалатово,в7,,1,0.0,0.0,,,2025\Планировки\Для Василия\16МД Агалатово В7.pdf (стр.1)
1ff,,планировка,1,50.9,50.9,,Камера 18.0м²; Камера 29.69м²; Камера 3.22м²,Планировки\Настя\1FF.pdf (стр.1)
1мд баея pr габаритная,в1,планировка,1,10.2,10.2,сауна:1,Комната отдыха 3.0м²; Предбанник 2.33м²; Парная 4.84м²,2025\Планировки\Юра\1МД Баея PR габаритная В1.pdf (стр.1)
1мд баня (цм),в1,планировка,1,20.4,15.4,"сауна:1, терраса:1",Парная 5.73м²; Помывочная 3.52м²; Комната отдыха 6.16м²; Терраса 5.01м²,2025\Планировки\Юра\1МД Баня (ЦМ) В1.pdf (стр.1)
1мд баня (цм),в2,планировка,1,20.4,15.4,"сауна:1, терраса:1",Парная 5.73м²; Помывочная 3.52м²; Комната отдыха 6.16м²; Терраса 5.01м²,2025\Планировки\Юра\1МД Баня (ЦМ) В2.pdf (стр.1)
1мд баня (цм),в3,планировка,1,19.0,14.3,"сауна:1, терраса:1",Парная 5.24м²; Помывочная 3.27м²; Комната отдыха 5.79м²; Терраса 4.73м²,2026\Планировки\Юра\1МД Баня (ЦМ) В3.pdf (стр.1)
1мд баня (цм),в4,планировка,2,38.1,28.6,"сауна:2, терраса:2",Парная 5.24м²; Помывочная 3.27м²; Комната отдыха 5.79м²; Терраса 4.73м²; Парная 5.24м²; Помывочная 3.27м²; Комната отдыха 5.79м²; Терраса 4.73м²,2026\БАНИ\1МД Баня (ЦМ) В4.pdf (стр.1) | 2026\Планировки\Юра\1МД Баня (ЦМ) В4.pdf (стр.1)
1мд баня (цм),в5,планировка,1,19.0,14.3,"сауна:1, терраса:1",Парная 5.24м²; Помывочная 3.27м²; Комната отдыха 5.79м²; Терраса 4.73м²,2026\Планировки\Юра\1МД Баня (ЦМ) В5.pdf (стр.1)
1мд баня (цм),в6,планировка,1,19.0,14.3,"сауна:1, терраса:1",Парная 5.24м²; Помывочная 3.27м²; Комната отдыха 5.79м²; Терраса 4.73м²,2026\Планировки\Юра\1МД Баня (ЦМ) В6.pdf (стр.1)
1мд баня pr габаритная,в2,планировка,1,10.2,10.2,сауна:1,Комната отдыха 3.0м²; Предбанник 2.33м²; Парная 4.84м²,2025\Планировки\Юра\1МД Баня PR габаритная В2.pdf (стр.1)
1мд баня pr габаритная зеркальная,в1,планировка,1,10.2,10.2,сауна:1,Комната отдыха 3.0м²; Предбанник 2.33м²; Парная 4.84м²,2025\Планировки\Юра\1МД Баня PR габаритная зеркальная В1.pdf (стр.1)
1мд баня pr габаритная зеркальная,в2,планировка,1,10.2,10.2,сауна:1,Комната отдыха 3.0м²; Предбанник 2.33м²; Парная 4.84м²,2025\Планировки\Юра\1МД Баня PR габаритная зеркальная В2.pdf (стр.1)
1мд баня pr габаритная зеркальная,в3,планировка,1,10.2,10.2,сауна:1,Комната отдыха 3.0м²; Предбанник 2.33м²; Парная 4.84м²,2025\Планировки\Юра\1МД Баня PR габаритная зеркальная В3.pdf (стр.1)
1мд бытовой,в1,планировка,1,8.7,8.7,"кухня:1, санузел:1",Кухня 4.2м²; С/У 2.26м²; Тех.помещение 2.26м²,2025\Планировки\Юра\1МД Бытовой В1.pdf (стр.1)
1мд бытовой,в2,планировка,1,8.7,8.7,"кухня:1, санузел:1",Кухня 4.2м²; С/У 2.26м²; Тех.помещение 2.26м²,2025\Планировки\Юра\1МД Бытовой В2.pdf (стр.1)
1мд гостевой дом,в2,планировка,1,17.5,15.1,"гостиная:1, санузел:1",Кухня-Гостиная 12.18м²; С/У 2.95м²; Крыльцо 2.4м²,2026\Планировки\Юра\1МД Гостевой дом В2.pdf (стр.1)
1мд гостевой дом,в3,планировка,1,17.5,15.1,"гостиная:1, санузел:1",Кухня-Гостиная 12.18м²; С/У 2.95м²; Крыльцо 2.4м²,2026\Планировки\Юра\1МД Гостевой дом В3.pdf (стр.1)
1мд гостевой дом,в5,планировка,1,17.5,15.1,"гостиная:1, санузел:1",Кухня-Гостиная 12.18м²; С/У 2.95м²; Крыльцо 2.4м²,2026\Планировки\Юра\1МД Гостевой дом В5.pdf (стр.1)
1мд гостевой сбр,в1,планировка,1,17.5,15.1,"гостиная:1, санузел:1",Кухня-Гостиная 12.47м²; С/У 2.65м²; Крыльцо 2.4м²,2025\Планировки\Юра\1МД Гостевой Сбр В1.pdf (стр.1)
1мд гостевой сбр,в2,планировка,1,17.5,15.1,"гостиная:1, санузел:1",Кухня-Гостиная 12.18м²; С/У 2.95м²; Крыльцо 2.4м²,2025\Планировки\Юра\1МД Гостевой Сбр В2.pdf (стр.1)
1мд домик охраны,,планировка,1,10.3,10.3,,Помещение №1 4.37м²; Помещение №2 5.92м²,2026\Планировки\Юра\1МД Домик Охраны.pdf (стр.1)
1мд сауна мини (без комнаты отдыха),в1,планировка,1,6.0,3.7,сауна:1,Парная 3.68м²; Крыльцо 2.35м²,2026\Планировки\Юра\1МД Сауна Мини (Без комнаты отдыха) В1.pdf (стр.1)
1мд хозблок-пристройка,в1,планировка,1,12.4,12.4,,Помещение 12.37м²,2025\Планировки\Юра\1МД Хозблок-Пристройка В1.pdf (стр.1)
1мд хозблок-пристройка,в2,планировка,1,12.4,12.4,,Помещение 12.37м²,2025\Планировки\Юра\1МД Хозблок-Пристройка В2.pdf (стр.1)
1мд хозблок-пристройка,в3,планировка,1,12.4,12.4,,Помещение 12.37м²,2025\Планировки\Юра\1МД Хозблок-Пристройка В3.pdf (стр.1)
1мд хозблок-пристройка,в4,планировка,1,18.4,18.4,,Помещение 18.36м²,2025\Планировки\Юра\1МД Хозблок-Пристройка В4.pdf (стр.1)
1мд хохблок,в1,планировка,1,21.7,15.7,,Помещение 1 5.64м²; Помещение 2 10.03м²; Крыльцо 1 3.0м²; Крыльцо 2 3.0м²,2025\Планировки\Для Василия\1МД Хохблок В1.pdf (стр.1)
1мд хохблок,в2,планировка,1,21.7,15.7,,Помещение 1 5.64м²; Помещение 2 10.03м²; Крыльцо 1 3.0м²; Крыльцо 2 3.0м²,2025\Планировки\Для Василия\1МД Хохблок В2.pdf (стр.1)
1мд хохблок,в3,планировка,1,21.7,15.7,,Помещение 1 5.64м²; Помещение 2 10.03м²; Крыльцо 1 3.0м²; Крыльцо 2 3.0м²,2025\Планировки\Для Василия\1МД Хохблок В3.pdf (стр.1)
1мд хохблок,в4,планировка,1,15.7,15.7,,Помещение 1 6.06м²; Помещение 2 9.6м²,2025\Планировки\Для Василия\1МД Хохблок В4.pdf (стр.1)
1мд хохблок,в5,планировка,1,21.7,15.7,,Помещение 1 6.06м²; Помещение 2 9.6м²; Крыльцо 1 3.0м²; Крыльцо 2 3.0м²,2025\Планировки\Для Василия\1МД Хохблок В5.pdf (стр.1)
2,,планировка,1,54.0,36.0,"гостиная:1, терраса:1",СТМ 4.45м²; ПМ; Х; ВХОД 3.0м²; гостиная 28.55м²; терраса 18.0м²,Работы Валя\Аля Точка на карте\ФИНАЛИМ ПЛАНИРОВКИ\2.pdf (стр.1)
2 тажа на клееных балках,,планировка,1,69.3,69.3,,комната 8.72м²; комната 9.18м²; комната 8.07м²; комната 6.1м²; комната 37.25м²,Планировки\Lampi 4\2 тажа на клееных балках.pdf (стр.1)
2 эт проба клееные,,планировка,1,69.3,69.3,"гостиная:1, кухня:1, санузел:1, спальня:1",кухня 9.18м²; спальня 8.72м²; ванная 8.07м²; коридор 6.1м²; гостиная 37.25м²,Планировки\RANTA\2 эт проба клееные.pdf (стр.1)
2 этажа,,планировка,1,31.5,31.5,"гостиная:1, санузел:1, спальня:1",кухня-гостиная 16.77м²; санузел 4.03м²; спальня 10.7м²,Планировки\Настя\2 этажа.pdf (стр.1)
2+2 модуля планировка,,планировка,2,44.6,44.6,"гостиная:2, кухня:2, санузел:2",гостиная 12.02м²; кухня 5.3м²; ванная 4.68м²; Холод Ст.М. 0.31м²; гостиная 12.02м²; кухня 5.3м²; санузел 4.68м²; холодильник 0.31м²,2024\Прадайз\Нью парадайс\2+2 модуля планировка.pdf (стр.1) | Работы Валя\Нью парадайс\2+2 модуля планировка.pdf (стр.1)
2+2 модуля планировка (1),,планировка,2,44.6,44.6,"гостиная:2, кухня:2, санузел:2",гостиная 12.02м²; кухня 5.3м²; санузел 4.68м²; коридор 0.31м²; гостиная 12.02м²; кухня 5.3м²; санузел 4.68м²; холодильник 0.31м²,2024\Прадайз\Нью парадайс\2+2 модуля планировка (1).pdf (стр.1) | Работы Валя\Нью парадайс\2+2 модуля планировка (1).pdf (стр.1)
2+2 полная планировка,,планировка,1,81.0,81.0,"гостиная:1, кухня:1, санузел:3, спальня:1",гостиная 18.38м²; кухня 23.03м²; ванная 5.16м²; туалет 5.11м²; коридор 5.75м²; спальня 18.38м²; санузел 5.16м²,Работы Валя\Лосево\2+2 Полная планировка.pdf (стр.1)
2+мд анна,в1,планировка,1,73.7,34.4,"гостиная:1, прихожая:1, санузел:1, сауна:1, терраса:1",Парная 6.64м²; Комната отдыха-Душевая 6.33м²; С/У 1.6м²; Кухня-Гостиная 16.86м²; Прихожая 2.96м²; Терраса 39.35м²,2026\Планировки\Юра\2+МД Анна В1.pdf (стр.1)
2.31.1,,планировка,1,43.7,31.7,"гостиная:1, прихожая:1, санузел:1, спальня:2, терраса:1",Крытой террасы 12.0м²; Спальня 6.27м²; Гостиная 14.01м²; Спальня 6.1м²; Прихожая 2.77м²; Ванная 2.55м²,Планировки\Обновленные\2м\2.31.1.pdf (стр.1)
2.33.1,,планировка,1,36.0,36.0,,СТМ 4.4м²; Бонтер Комната 28.6м²; не указано 3.0м²,Планировки\Обновленные\2.33.1.pdf (стр.1)
2.33.2,,планировка,1,33.0,33.0,гостиная:1,СТМ 4.4м²; Бонтер Комната; Кухня-гостиная 28.55м²,Планировки\Обновленные\2.33.2.pdf (стр.1)
2.5,,планировка,1,32.3,32.3,"гостиная:1, кухня:1, прихожая:1, санузел:1",гостиная 19.04м²; кухня 4.87м²; санузел 2.97м²; коридор 3.07м²; прихожая 2.39м²,Планировки\RANTA\2.5.pdf (стр.1)
24мд03.00-ос-8x12-94кр,,"ведомость чертежей, другое, спецификация",3,0.0,0.0,,,Планировки\Артем\24МД03.00-ОС-8x12-94КР.pdf (стр.1) | Планировки\Артем\24МД03.00-ОС-8x12-94КР.pdf (стр.2) | Планировки\Артем\24МД03.00-ОС-8x12-94КР.pdf (стр.3)
2м для влюбленных,,планировка,1,53.8,35.8,"кухня:1, санузел:1, терраса:1",Дом - студия 23.05м²; терраса 18.0м²; кухня 4.55м²; ванная 5.16м²; кладовая 3.0м²,Загрузки Валя\2м для влюбленных.pdf (стр.1)
2м плитка,,узел,1,0.0,0.0,,,Планировки\2м плитка.pdf (стр.1)
2м плитка 2,,узел,1,0.0,0.0,,,Планировки\2м плитка 2.pdf (стр.1)
2м растущий,в1,планировка,1,61.5,61.5,"гостиная:1, кухня:1, санузел:2, спальня:1",гостиная 18.0м²; спальня 8.0м²; кухня 23.72м²; ванная 4.14м²; туалет 4.61м²; кладовая 3.0м²,Планировки\Собрать проект 2\2м РАСТУЩИЙ в1.pdf (стр.1)
2мд банный комплекс елена ярославаль,в2,планировка,1,104.2,30.9,"гостиная:1, санузел:1, сауна:1, терраса:1",Кухня-Гостиная 16.23м²; Парная 5.85м²; Душевая 2.45м²; Комната отдыха 5.06м²; С/У 1.28м²; Террасы 48.56м²; Навес 1 5.8м²; Навес 2 18.95м²,2025\Дома\Елена Ярославаль\2МД Банный Комплекс Елена Ярославаль В2.pdf (стр.1)
2мд баня,в1,планировка,1,52.8,31.8,"гостиная:1, санузел:1, сауна:1, терраса:1",Гостиная 16.96м²; С/У 1.6м²; Предбанник-Душевая 5.56м²; Парная 7.68м²; Терраса 18.0м²; Крыльцо 3.0м²,2025\Планировки\Для Василия\2МД Баня В1.pdf (стр.1)
2мд баня,в2,планировка,1,52.8,31.8,"гостиная:1, санузел:1, сауна:1, терраса:1",Гостиная 16.96м²; С/У 1.6м²; Предбанник-Душевая 5.56м²; Парная 7.68м²; Терраса 18.0м²; Крыльцо 3.0м²,2025\Планировки\Для Василия\2МД Баня В2.pdf (стр.1)
2мд баня,в3,планировка,1,34.4,31.4,"гостиная:1, санузел:1, сауна:1",Гостиная 16.03м²; С/У 1.77м²; Предбанник-Душевая 5.72м²; Парная 7.87м²; Крыльцо 3.0м²,2025\Планировки\Для Василия\2МД Баня В3.pdf (стр.1)
2мд баня,в4,планировка,1,34.3,31.3,"гостиная:1, санузел:1, сауна:1",Гостиная 16.03м²; С/У 1.94м²; Предбанник-Душевая 5.48м²; Парная 7.87м²; Крыльцо 3.0м²,2025\Планировки\Для Василия\2МД Баня В4.pdf (стр.1)
2мд баня,в5,планировка,1,34.3,31.3,"гостиная:1, санузел:1, сауна:1",Гостиная 16.03м²; С/У 1.94м²; Предбанник-Душевая 5.48м²; Парная 7.87м²; Крыльцо 3.0м²,2025\Планировки\Для Василия\2МД Баня В5.pdf (стр.1)
2мд баня,в6,планировка,1,31.3,31.3,"гостиная:1, санузел:1, сауна:1",Гостиная 16.03м²; С/У 1.94м²; Предбанник-Душевая 5.48м²; Парная 7.87м²,2025\Планировки\Для Василия\2МД Баня В6.pdf (стр.1)
2мд белоостров,в1,планировка,1,46.2,31.2,"гостиная:1, санузел:2, спальня:1, терраса:1",Спальня 10.99м²; Гардероб 2.06м²; С/У 2.18м²; Гостиная 14.3м²; С/У 1.67м²; Терраса 15.0м²,2026\Планировки\Юра\2МД Белоостров В1.pdf (стр.1)
2мд белоостров,в2,планировка,1,46.2,31.2,"гостиная:1, санузел:1, спальня:1, терраса:1",Кухня-Гостиная 11.44м²; С/У 3.76м²; Общая 4.84м²; Спальная 11.18м²; Терраса 15.0м²,2026\Планировки\Юра\2МД Белоостров В2.pdf (стр.1)
2мд белоостров,в3,планировка,1,38.7,31.2,"гостиная:1, прихожая:1, санузел:1, спальня:1, терраса:1",Кухня-Гостиная 11.44м²; С/У 3.76м²; Прихожая 4.84м²; Спальная 11.18м²; Терраса 7.5м²,2026\Планировки\Юра\2МД Белоостров В3.pdf (стр.1)
2мд бюджет тип 1,в1,планировка,1,47.4,32.4,"гостиная:1, прихожая:1, санузел:1, спальня:1, терраса:1",Спальная 5.53м²; С/У 3.89м²; Прихожая 2.38м²; Кухня-Гостиная 20.63м²; Терраса 12.0м²; Крыльцо 3.0м²,2026\Планировки\Юра\2МД Бюджет тип 1 В1.pdf (стр.1)
2мд бюджет тип 2,в1,планировка,1,45.9,31.2,"гостиная:1, санузел:1, спальня:1, терраса:1",Кухня-Гостиная 18.85м²; Спальная 7.83м²; С/У 4.51м²; Терраса 12.0м²; Крыльцо 2.7м²,2026\Планировки\Юра\2МД Бюджет тип 2 В1.pdf (стр.1)
2мд гостевой,,планировка,1,39.0,24.8,"гостиная:1, прихожая:1, санузел:1, терраса:1",Гостиная 13.55м²; Прихожая 3.3м²; С/У 7.97м²; Терраса 11.84м²; Крыльцо 2.32м²,2025\Планировки\Для Василия\2МД Гостевой.pdf (стр.1)
2мд гостевой,в2,планировка,1,34.6,23.0,"гостиная:1, прихожая:1, санузел:1, терраса:1",Гостиная 13.55м²; Прихожая 3.3м²; С/У 6.19м²; Терраса 9.24м²; Крыльцо 2.32м²,2025\Планировки\Для Василия\2МД Гостевой В2.pdf (стр.1)
2мд дом выборг,в1,планировка,1,66.0,42.5,"гостиная:1, санузел:1, спальня:2, терраса:1",Кухня-Гостиная 19.08м²; Спальная 1 14.9м²; Спальная 2 4.68м²; С/У 3.81м²; Терраса 19.02м²; Крыльцо 4.5м²,2025\Дома\2МД Дом Выборг\2МД Дом Выборг В1.pdf (стр.1)
2мд кпп уютный берег,в1,планировка,1,20.8,20.8,санузел:1,Рабочая зона 10.21м²; Комната отдыха 8.79м²; С/У 1.8м²,2025\Планировки\Для Василия\2МД КПП Уютный Берег В1.pdf (стр.1)
2мд летняя кухня s,в1,планировка,1,34.2,18.6,"гостиная:1, прихожая:1, терраса:1",Кухня-Гостиная 12.82м²; Прихожая 3.34м²; УМ 2.42м²; Терраса 15.66м²,2026\Планировки\Юра\2МД Летняя кухня S В1.pdf (стр.1)
2мд максим,в1,планировка,1,44.9,31.8,"гостиная:1, санузел:1, спальня:1, терраса:1",Кухня-Гостиная 11.55м²; С/У 3.36м²; Спальня 9.43м²; Кабинет 7.46м²; Терраса 13.13м²,2025\Планировки\Юра\2МД Максим В1.pdf (стр.1)
2мд максим белоостров набросок,в1,планировка,1,0.0,0.0,,,2025\Планировки\Юра\2МД Максим Белоостров набросок В1.pdf (стр.1)
2мд максим блоостров,в1,планировка,3,149.8,95.8,"гостиная:3, прихожая:3, санузел:3, спальня:3, терраса:3",Прихожая 3.99м²; С/У 2.76м²; Спальня 11.02м²; Кабинет 5.75м²; Гостиная 8.4м²; Терраса 18.0м²; Прихожая 3.99м²; С/У 2.76м²; Спальня 11.02м²; Кабинет 5.75м²; Гостиная 8.4м²; Терраса 18.0м²; Прихожая 3.99м²; С/У 2.76м²; Спальня 11.02м²; Кабинет 5.75м²; Гостиная 8.4м²; Терраса 18.0м²,2025\Планировки\Юра\2МД Максим Блоостров В1.pdf (стр.1) | 2025\Планировки\Юра\2МД Максим Блоостров В1.pdf (стр.2) | 2025\Планировки\Юра\2МД Максим Блоостров В1.pdf (стр.3)
2мд оптима,в1,планировка,1,34.5,24.3,"гостиная:1, прихожая:1, санузел:1, терраса:1",Кухня-Гостиная 19.08м²; С/У 3.13м²; Прихожая 2.07м²; Терраса 10.25м²,2026\Планировки\Юра\2МД Оптима В1.pdf (стр.1)
2мд офис,в1,планировка,1,28.9,28.9,санузел:1,Яндекс еда 5.76м²; с/у 2.13м²; Тамбур 2.44м²; Офис 18.59м²,2026\Планировки\Юра\2МД Офис В1.pdf (стр.1)
2мд офис,в2,планировка,1,30.6,30.6,санузел:1,Яндекс еда 5.76м²; С/У 2.13м²; Тамбур 2.44м²; Офис 20.23м²,2026\Планировки\Юра\2МД Офис В2.pdf (стр.1)
2мд офис,в3,планировка,1,30.8,30.8,санузел:1,Яндекс еда 5.76м²; с/у 2.13м²; Тамбур 2.44м²; Офис 20.44м²,2026\Планировки\Юра\2МД Офис В3.pdf (стр.1)
2мд офис,в4,планировка,1,30.7,30.7,санузел:1,Яндекс еда 5.76м²; с/у 2.13м²; Тамбур 2.44м²; Офис 20.39м²,2026\Планировки\Юра\2МД Офис В4.pdf (стр.1)
2мд парная плюс спальная,в1,планировка,1,54.6,33.0,"гостиная:1, санузел:1, сауна:1, спальня:1, терраса:1",Кухня-Гостиная 19.13м²; Спальня 4.93м²; С/У 4.17м²; Парная 4.82м²; Крыльцо 3.6м²; Терраса 18.0м²,2025\Планировки\Для Василия\2МД Парная плюс Спальная В1.pdf (стр.1)
2мд парная плюс спальная,в2,планировка,1,50.9,32.9,"гостиная:1, санузел:1, сауна:1, спальня:1, терраса:1",Кухня-Гостиная 19.61м²; Спальня 5.69м²; С/У 4.17м²; Парная 3.47м²; Терраса 18.0м²,2025\Планировки\Для Василия\2МД Парная плюс Спальная В2.pdf (стр.1)
2мд парная плюс спальная,в3,планировка,1,50.9,32.9,"гостиная:1, санузел:1, сауна:1, спальня:1, терраса:1",Кухня-Гостиная 19.61м²; Спальня 5.69м²; С/У 4.17м²; Парная 3.47м²; Терраса 18.0м²,2025\Планировки\Для Василия\2МД Парная плюс Спальная В3.pdf (стр.1)
2мд парная плюс спальная,в4,планировка,1,50.9,32.9,"гостиная:1, санузел:1, сауна:1, спальня:1, терраса:1",Кухня-Гостиная 19.61м²; Спальня 5.69м²; С/У 4.17м²; Парная 3.47м²; Терраса 18.0м²,2025\Планировки\Для Василия\2МД Парная плюс Спальная В4.pdf (стр.1)
2мд пристройка,в1,планировка,1,24.7,24.7,"кухня:1, санузел:4",1 С/У 1 1.01м²; 2 С/У 2 1.01м²; 3 С/У 3 1.01м²; 4 С/У Персонала 1.2м²; 5 Зона кухни 20.47м²,2026\Планировки\Юра\2МД Пристройка В1.pdf (стр.1)
2мд псков,в1,планировка,1,0.0,0.0,,ПМ; БОЙЛЕР 80л,2025\Планировки\Юра\2МД Псков В1.pdf (стр.1)
2мд эксперимент,,планировка,1,0.0,0.0,гостиная:1,CТМ.; X/У; кухня-гостиная,2026\Планировки\Юра\2МД Эксперимент.pdf (стр.1)
2мд ямилахти,в1,планировка,1,49.8,32.4,"гостиная:1, прихожая:1, санузел:1, терраса:1",Кухня-Гостиная 19.87м²; Прихожая 4.81м²; С/У 4.64м²; Тех. помещение 3.07м²; Крыльцо 3.0м²; Терраса 14.4м²,2026\Планировки\Юра\2МД Ямилахти В1.pdf (стр.1)
2мд ямилахти,в2,планировка,1,49.8,32.4,"гостиная:1, прихожая:1, санузел:1, терраса:1",Кухня-Гостиная 19.87м²; Прихожая 4.81м²; С/У 4.64м²; Тех. помещение 3.07м²; Крыльцо 3.0м²; Терраса 14.4м²,2026\Планировки\Юра\2МД Ямилахти В2.pdf (стр.1)
2мд ямилахти  - потолки,,"другое, планировка, спецификация",3,0.0,0.0,,,2026\ДОМА\Ямилахти\ПОТОЛОК и КРЫША\2МД Ямилахти  - ПОТОЛКИ.pdf (стр.1) | 2026\ДОМА\Ямилахти\ПОТОЛОК и КРЫША\2МД Ямилахти  - ПОТОЛКИ.pdf (стр.2) | 2026\ДОМА\Ямилахти\ПОТОЛОК и КРЫША\2МД Ямилахти  - ПОТОЛКИ.pdf (стр.3)
2мд ямилахти стандарт,в1,планировка,1,44.9,32.9,"гостиная:1, прихожая:1, санузел:1, терраса:1",Кухня-Гостиная 20.78м²; Прихожая 8.11м²; С/У 4.02м²; Терраса 12.0м²,2026\Планировки\Юра\2МД Ямилахти стандарт В1.pdf (стр.1)
2мд ямилахти стандарт,в2,планировка,1,47.9,32.9,"гостиная:1, прихожая:1, санузел:1, терраса:1",Кухня-Гостиная 20.78м²; Прихожая 8.11м²; С/У 4.02м²; Терраса 12.0м²; Крыльцо 3.0м²,2026\Планировки\Юра\2МД Ямилахти стандарт В2.pdf (стр.1)
2мд ямилахти стандарт,в3,планировка,1,47.9,32.9,"гостиная:1, прихожая:1, санузел:1, терраса:1",Кухня-Гостиная 20.78м²; Прихожая 8.11м²; С/У 4.02м²; Терраса 12.0м²; Крыльцо 3.0м²,2026\Планировки\Юра\2МД Ямилахти стандарт В3.pdf (стр.1)
2мд ямилахти стандарт,в4,,1,0.0,0.0,,,2026\Планировки\Юра\2МД Ямилахти стандарт В4.pdf (стр.1)
2мд ямилахти стандарт в4 — копия,,планировка,1,47.9,32.9,"гостиная:1, прихожая:1, санузел:1, терраса:1",Кухня-Гостиная 20.78м²; Прихожая 8.11м²; С/У 4.02м²; Терраса 12.0м²; Крыльцо 3.0м²,2026\Планировки\Юра\2МД Ямилахти стандарт В4 — копия.pdf (стр.1)
2мд++ выборг,в1,планировка,1,26.0,26.0,"гостиная:1, спальня:1",Гостиная 17.12м²; Спальня 8.83м²,2026\Планировки\Юра\2МД++ Выборг В1.pdf (стр.1)
2мд++ выборг,в2,планировка,1,26.0,26.0,"гостиная:1, спальня:1",Гостиная 17.12м²; Спальня 8.83м²,2026\Планировки\Юра\2МД++ Выборг В2.pdf (стр.1)
2эт,,планировка,1,69.3,69.3,,комната 9.18м²; комната 8.72м²; комната 6.1м²; комната 37.25м²; комната 8.07м²,Планировки\Lampi 4\2эт.pdf (стр.1)
3,,планировка,1,54.0,36.0,"гостиная:1, терраса:1",ВХОД 3.0м²; ПМ 4.45м²; СТМ; гостиная 28.55м²; терраса 18.0м²,Работы Валя\Аля Точка на карте\ФИНАЛИМ ПЛАНИРОВКИ\3.pdf (стр.1)
3 спальни,,планировка,1,0.0,0.0,,,2025\Планировки\Николай\3 спальни.pdf (стр.1)
3+ с сауной,в1,планировка,1,72.8,72.8,"кухня:1, санузел:1, спальня:3",ПМ 3.0м²; кухня-столовая 21.15м²; коридор 3.68м²; санузел 1.2м²; спальня 7.77м²; спальня 8.95м²; спальня 27.0м²,Планировки\Lampi 4\3+ с сауной в1.pdf (стр.1)
3+ с сауной,в2,планировка,1,48.5,48.5,"кухня:1, санузел:1, спальня:1",ПМ 3.0м²; кладовая 3.59м²; офис 1.2м²; кухня-столовая 21.15м²; коридор 3.68м²; спальня 7.77м²; ванная 4.63м²; гардеробная 3.43м²,Планировки\Lampi 4\3+ с сауной в2.pdf (стр.1)
3+ с сауной обн,,планировка,1,58.9,58.9,,ПМ 3.0м²; комната 21.15м²; комната 8.95м²; комната 7.77м²; комната 3.59м²; комната 3.68м²; комната 4.63м²; комната 2.72м²; комната 3.43м²,Планировки\Собрать проект\3+ с сауной обн.pdf (стр.1)
"3,3",в2,планировка,1,56.5,56.5,"гостиная:1, санузел:2, спальня:2",спальня 8.68м²; спальня 7.75м²; кухня-гостиная 22.38м²; ванная 10.8м²; санузел 3.84м²; лестница 3.0м²,"Планировки\RANTA\3,3 в2.pdf (стр.1)"
"3,3",в3,планировка,1,56.5,56.5,"гостиная:1, санузел:1, спальня:2",спальня 8.68м²; спальня 7.75м²; кухня-гостиная 22.38м²; ванная 10.8м²; холодильник 3.84м²; лестница 3.0м²,"Планировки\RANTA\3,3 в3.pdf (стр.1)"
3.3,в1,планировка,1,47.1,47.1,"гостиная:1, санузел:1, спальня:2",спальня 9.09м²; спальня 9.09м²; ванная 3.64м²; коридор 4.3м²; кухня-гостиная 21.02м²,Планировки\RANTA\3.3в1.pdf (стр.1)
3.54.9,,планировка,1,60.7,60.7,"гостиная:1, кухня:1, санузел:2, спальня:1",кухня 12.0м²; спальня 10.1м²; гостиная 24.16м²; ванная 2.9м²; туалет 1.4м²; коридор 10.1м²,2025\Планировки\Вводные\3.54.9.pdf (стр.1)
32232,,планировка,1,0.0,0.0,"гостиная:1, санузел:1, спальня:1",кухня-гостиная; спальня; санузел,Планировки\32232.pdf (стр.1)
3232,,планировка,1,98.7,98.7,"кухня:1, прихожая:2, санузел:3, спальня:3",спальня 11.91м²; гардеробная 4.12м²; санузел 1.84м²; спальня 11.83м²; санузел 2.13м²; кухня-столовая 34.5м²; коридор 4.33м²; санузел 5.42м²; прихожая 5.7м²; холл 6.82м²; спальня 10.1м²,Планировки\3232.pdf (стр.1)
33333,,планировка,1,0.0,0.0,,,Планировки\33333.pdf (стр.1)
3343243,,планировка,1,130.4,130.4,"гостиная:1, санузел:1, спальня:1",кухня-гостиная 68.6м²; спальня 23.0м²; санузел 8.2м²; коридор 30.6м²,Планировки\3343243.pdf (стр.1)
3м,в1,планировка,1,47.4,47.4,,ПМ 19.9м²; комната 8.66м²; комната 8.43м²; комната 3.78м²; комната 3.63м²; комната 3.0м²,Планировки\Собрать проект\3м- в1.pdf (стр.1)
3м с сауной,,планировка,1,58.6,58.6,"гостиная:1, кухня:1, санузел:2, спальня:1",ПМ 22.0м²; кухня 9.42м²; ванная 2.97м²; туалет 3.5м²; коридор 3.76м²; спальня 7.44м²; гостиная 9.54м²,Планировки\Собрать проект\3м с сауной.pdf (стр.1)
3м с сауной 1,,планировка,1,58.6,58.6,"гостиная:1, кухня:1, прихожая:1, санузел:2, спальня:1",гостиная 22.0м²; кухня 9.42м²; спальня 9.54м²; ванная 3.76м²; туалет 3.5м²; коридор 7.44м²; прихожая 2.97м²,Планировки\Собрать проект\3м с сауной 1.pdf (стр.1)
3м с сауной 2,,планировка,1,75.2,75.2,"гостиная:1, кухня:1, прихожая:1, санузел:2, спальня:1",гостиная 18.0м²; кухня 22.29м²; спальня 12.65м²; ванная 2.97м²; туалет 3.5м²; коридор 3.55м²; кладовая 4.5м²; прихожая 7.79м²,Планировки\Собрать проект\3м с сауной 2.pdf (стр.1)
3м+баня,в2,планировка,1,46.3,46.3,"гостиная:1, кухня:1, санузел:1, спальня:1",ПМ; кухня-столовая 21.34м²; гостиная 10.0м²; ванная 3.68м²; гардеробная 4.24м²; спальня 7.0м²,Загрузки Валя\3м+баня в2.pdf (стр.1)
3м+баня,в5,планировка,1,49.6,49.6,"гостиная:1, кухня:1, санузел:1, спальня:1",ПМ; кухня-столовая 21.7м²; гостиная 10.0м²; ванная 3.68м²; гардеробная 4.24м²; спальня 7.0м²; лестница 3.0м²,Загрузки Валя\3м+баня в5.pdf (стр.1)
3м+баня,в7,планировка,1,58.8,58.8,"гостиная:1, кухня:1, санузел:2, спальня:1",гостиная 20.92м²; кухня 18.0м²; спальня 9.42м²; ванная 3.13м²; гардеробная 3.8м²; туалет 3.5м²,Работы Валя\Карповы\3м+баня в7.pdf (стр.1)
3м+баня,в8,планировка,2,95.5,95.5,"кухня:2, санузел:2, спальня:2",ПМ 3.13м²; кухня-столовая 20.92м²; ванная 3.5м²; гардеробная 3.8м²; спальня 7.0м²; комната 9.42м²; ПМ 3.13м²; кухня-столовая 20.92м²; санузел 3.5м²; коридор 3.8м²; спальня 7.0м²; комната 9.42м²,Загрузки Валя\3м+баня в8.pdf (стр.1) | Работы Валя\Карповы\3м+баня в8.pdf (стр.1)
3м+баня в5 (1),,планировка,1,49.6,49.6,"кухня:1, санузел:1, спальня:1",ПМ; кухня-столовая 21.7м²; спальня 10.0м²; ванная 3.68м²; гардеробная 4.24м²; коридор 7.0м²; лестница 3.0м²,Загрузки Валя\3м+баня в5 (1).pdf (стр.1)
3м+баня в5 (2),,планировка,1,52.5,52.5,"гостиная:1, кухня:1, санузел:2, спальня:1",ПМ; кухня-столовая 21.7м²; гостиная 10.0м²; ванная 2.89м²; санузел 3.68м²; гардеробная 4.24м²; спальня 7.0м²; лестничная клетка 3.0м²,Загрузки Валя\3м+баня в5 (2).pdf (стр.1)
3мд анна,в2,планировка,1,79.8,39.9,"гостиная:1, прихожая:1, санузел:1, сауна:1, терраса:1",Парная 6.78м²; Комната отдыха-Душевая 6.72м²; С/У 1.66м²; Кухня-Гостиная 21.07м²; Прихожая 3.71м²; Терраса 39.88м²,2026\Планировки\Юра\3МД Анна В2.pdf (стр.1)
3мд анна,в3,планировка,1,79.8,39.9,"гостиная:1, прихожая:1, санузел:1, сауна:1, терраса:1",Парная 6.78м²; Комната отдыха-Душевая 6.72м²; С/У 1.66м²; Кухня-Гостиная 21.07м²; Прихожая 3.71м²; Терраса 39.88м²,2026\Планировки\Юра\3МД Анна В3.pdf (стр.1)
3мд банный дом,в1,планировка,1,59.9,47.9,"гостиная:1, кухня:1, прихожая:1, санузел:1, сауна:1, спальня:1, терраса:1",Спальная 11.08м²; Кухня 6.93м²; Гостиная 13.52м²; Прихожая 2.08м²; С/У 1.06м²; Душевая 1.8м²; Тамбур 3.38м²; Парная 8.05м²; Терраса 12.0м²,2026\Планировки\Юра\3МД Банный дом В1.pdf (стр.1)
3мд банный комлпекс,в1,планировка,1,67.1,41.7,"гостиная:1, прихожая:2, санузел:1, сауна:1, терраса:1",Прихожая 3.28м²; Холл 4.42м²; С/У 3.82м²; Кухня-Гостиная 17.98м²; Душевая-Комната отдыха 5.47м²; Парная 6.76м²; Терраса 25.35м²,2025\Планировки\Юра\3МД Банный комлпекс В1.pdf (стр.1)
3мд банный комлпекс,в2,планировка,1,67.1,41.7,"гостиная:1, прихожая:2, санузел:1, сауна:1, терраса:1",Прихожая 3.28м²; Холл 4.42м²; С/У 3.82м²; Кухня-Гостиная 17.98м²; Душевая-Комната отдыха 5.47м²; Парная 6.76м²; Терраса 25.35м²,2025\Планировки\Юра\3МД Банный комлпекс В2.pdf (стр.1)
3мд банный комлпекс,в3,планировка,1,67.1,41.7,"гостиная:1, прихожая:2, санузел:1, сауна:1, терраса:1",Прихожая 3.28м²; Холл 4.42м²; С/У 3.82м²; Кухня-Гостиная 17.98м²; Душевая-Комната отдыха 5.47м²; Парная 6.76м²; Терраса 25.35м²,2025\Планировки\Юра\3МД Банный комлпекс В3.pdf (стр.1)
3мд банный комлпекс крытая терраса,в1,планировка,1,109.9,49.4,"гостиная:1, прихожая:1, санузел:1, сауна:1, терраса:2",Кухня-Гостиная 34.07м²; Парная 5.06м²; Помывочная 5.8м²; Прихожая 2.95м²; С/У 1.47м²; Крытая терраса 36.01м²; Крыльцо 5.4м²; Открытая терраса 19.11м²,2025\Планировки\Юра\3МД Банный комлпекс Крытая терраса В1.pdf (стр.1)
3мд банный комлпекс крытая терраса,в2,планировка,1,108.8,49.4,"гостиная:1, прихожая:1, санузел:1, сауна:1, терраса:2",Кухня-Гостиная 34.07м²; Парная 5.06м²; Помывочная 5.8м²; Прихожая 2.95м²; С/У 1.47м²; Крытая терраса 36.01м²; Крыльцо 5.4м²; Терраса 18.0м²,2025\Планировки\Юра\3МД Банный комлпекс Крытая терраса В2.pdf (стр.1)
3мд баня l,в1,планировка,1,53.0,35.6,"санузел:1, сауна:1, спальня:1, терраса:1",Парная 10.6м²; С/У 4.19м²; Комната отдыха 12.29м²; Спальная 8.57м²; Терраса 17.34м²,2025\Планировки\Юра\3МД Баня L В1.pdf (стр.1)
3мд баня l,в2,планировка,1,50.1,32.8,"санузел:1, сауна:1, спальня:1, терраса:1",Парная 7.7м²; С/У 4.19м²; Комната отдыха 12.29м²; Спальная 8.57м²; Терраса 17.34м²,2025\Планировки\Юра\3МД Баня L В2.pdf (стр.1)
3мд баня l,в3,планировка,1,47.8,30.4,"санузел:1, сауна:1, спальня:1, терраса:1",Парная 5.76м²; С/У 4.19м²; Комната отдыха 11.38м²; Спальная 9.12м²; Терраса 17.34м²,2025\Планировки\Юра\3МД Баня L В3.pdf (стр.1)
3мд баня l,в4,планировка,1,47.8,30.4,"санузел:1, сауна:1, спальня:1, терраса:1",Парная 5.76м²; С/У 4.19м²; Комната отдыха 11.38м²; Спальная 9.12м²; Терраса 17.34м²,2025\Планировки\Юра\3МД Баня L В4.pdf (стр.1)
3мд баня l,в5,планировка,1,48.1,30.8,"санузел:1, сауна:1, спальня:1, терраса:1",Парная 5.76м²; С/У 4.19м²; Комната отдыха 12.66м²; Спальная 8.2м²; Терраса 17.34м²,2025\Планировки\Юра\3МД Баня L В5.pdf (стр.1)
3мд баня l,в6,планировка,1,61.1,30.0,"санузел:1, сауна:1, спальня:1, терраса:1",Парная 5.71м²; С/У 4.19м²; Комната отдыха 11.99м²; Спальная 8.14м²; Терраса 31.1м²,2026\Планировки\Юра\3МД Баня L В6.pdf (стр.1)
3мд баня l,в7,планировка,1,61.1,30.0,"санузел:1, сауна:1, спальня:1, терраса:1",Парная 5.71м²; С/У 4.19м²; Комната отдыха 11.99м²; Спальная 8.14м²; Терраса 31.1м²,2026\Планировки\Юра\3МД Баня L В7.pdf (стр.1)
3мд белоостров,в4,планировка,1,46.6,39.1,"гостиная:1, прихожая:1, санузел:1, спальня:1, терраса:1",Кухня-Гостиная 17.54м²; С/У 5.55м²; Прихожая 4.82м²; Спальня 11.18м²; Терраса 7.5м²,2026\Планировки\Юра\3МД Белоостров В4.pdf (стр.1)
3мд белоостров,в5,планировка,1,46.6,39.1,"гостиная:1, прихожая:1, санузел:1, спальня:1, терраса:1",Кухня-Гостиная 17.54м²; С/У 5.55м²; Прихожая 4.82м²; Спальня 11.18м²; Терраса 7.5м²,2026\Планировки\Юра\3МД Белоостров В5.pdf (стр.1)
3мд белоостров,в6,планировка,1,46.6,39.1,"гостиная:1, прихожая:1, санузел:1, спальня:1, терраса:1",Кухня-Гостиная 17.54м²; С/У 5.55м²; Прихожая 4.82м²; Спальня 11.18м²; Терраса 7.5м²,2026\Планировки\Юра\3МД Белоостров В6.pdf (стр.1)
3мд гараж + хозблок,в1,планировка,1,50.0,16.2,,Гараж 33.86м²; Хоз. Помещение 16.16м²,2025\Планировки\Юра\3МД Гараж + Хозблок В1.pdf (стр.1)
3мд гараж + хозблок,в2,планировка,1,35.9,11.6,,Гараж 24.29м²; Хоз. Помещение 11.59м²,2025\Планировки\Юра\3МД Гараж + Хозблок В2.pdf (стр.1)
3мд дыбенко,в1,планировка,1,0.0,0.0,"гостиная:1, кухня:1",гостиная; кухня,2025\Планировки\Юра\3МД Дыбенко В1.pdf (стр.1)
3мд летняя кухня l,в1,планировка,1,48.2,32.5,"кухня:1, санузел:1, терраса:1",Дровохранилище 3.34м²; Кухня-столовая 26.74м²; Санузел 2.42м²; Терраса 15.66м²,2026\Планировки\Юра\3МД Летняя кухня L В1.pdf (стр.1)
3мд максим блоостров,в1,планировка,1,48.1,39.4,"гостиная:1, санузел:1, спальня:1, терраса:1",Кухня-Гостиная 16.27м²; С/У 4.48м²; Мастерская 7.17м²; Спальная 11.49м²; Терраса 8.73м²,2025\Планировки\Юра\3МД Максим Блоостров В1.pdf (стр.1)
3мд максим блоостров,в2,планировка,1,48.1,39.4,"гостиная:1, санузел:1, спальня:1, терраса:1",Кухня-Гостиная 16.27м²; С/У 4.48м²; Мастерская 7.17м²; Спальная 11.49м²; Терраса 8.73м²,2025\Планировки\Юра\3МД Максим Блоостров В2.pdf (стр.1)
3мд максим блоостров,в3,планировка,1,48.1,39.4,"гостиная:1, санузел:1, спальня:1, терраса:1",Кухня-Гостиная 16.27м²; С/У 4.48м²; Мастерская 7.17м²; Спальная 11.49м²; Терраса 8.73м²,2025\Планировки\Юра\3МД Максим Блоостров В3.pdf (стр.1)
3мд максим блоостров,в4,планировка,3,146.2,134.9,"гостиная:3, санузел:3, спальня:6",Гостиная 22.42м²; Спальная 6.13м²; С/У 3.14м²; Спальная 13.27м²; Крыльцо 3.76м²; Гостиная 22.42м²; Спальная 6.13м²; С/У 3.14м²; Спальная 13.27м²; Крыльцо 3.76м²; Гостиная 22.42м²; Спальная 6.13м²; С/У 3.14м²; Спальная 13.27м²; Крыльцо 3.76м²,2025\Планировки\Юра\3МД Максим Блоостров В4.pdf (стр.1) | 2025\Планировки\Юра\3МД Максим Блоостров В4.pdf (стр.2) | 2025\Планировки\Юра\3МД Максим Блоостров В4.pdf (стр.3)
3мд петергоф,в1,планировка,1,68.4,45.2,"гостиная:1, прихожая:1, санузел:1, спальня:1, терраса:1",Спальня 12.36м²; Кухня-Гостиная 21.55м²; С/У 5.27м²; Прихожая 6.0м²; Терраса 18.57м²; Крыльцо 4.64м²,2026\Планировки\Юра\3МД Петергоф В1.pdf (стр.1)
3мд петергоф,в2,планировка,1,68.4,45.2,"гостиная:1, прихожая:1, санузел:1, спальня:1, терраса:1",Спальная 12.36м²; Кухня-Гостиная 21.55м²; С/У 5.27м²; Прихожая 6.0м²; Терраса 18.57м²; Крыльцо 4.64м²,2026\Планировки\Юра\3МД Петергоф В2.pdf (стр.1)
3мд петергоф,в3,планировка,1,68.4,45.2,"гостиная:1, прихожая:1, санузел:1, спальня:1, терраса:1",Спальня 12.36м²; Кухня-Гостиная 21.55м²; С/У 5.27м²; Прихожая 6.0м²; Терраса 18.57м²; Крыльцо 4.64м²,2026\Планировки\Юра\3МД Петергоф В3.pdf (стр.1)
3мд петергоф,в4,планировка,1,68.4,45.2,"гостиная:1, прихожая:1, санузел:1, спальня:1, терраса:1",Спальная 12.36м²; Кухня-Гостиная 21.55м²; С/У 5.27м²; Прихожая 6.0м²; Терраса 18.57м²; Крыльцо 4.64м²,2026\Планировки\Юра\3МД Петергоф В4.pdf (стр.1)
3мд презентация,,планировка,1,68.8,50.8,"гостиная:1, кухня:1, терраса:1",ПМ 5.01м²; Х 3.1м²; СТМ 10.45м²; гостиная 22.75м²; кухня 9.5м²; терраса 18.0м²,2026\Планировки\Юра\3МД Презентация.pdf (стр.1)
3мд презентация,в2,планировка,1,68.8,50.8,"гостиная:1, кухня:1, спальня:1, терраса:1",ПМ 5.01м²; Х 3.1м²; Кухня-столовая 22.75м²; Спальня 10.45м²; Гостиная 9.5м²; Терраса 18.0м²,2026\Планировки\Юра\3МД Презентация В2.pdf (стр.1)
3мд саша сосед,в1,планировка,1,70.6,70.6,"кухня:1, прихожая:1, санузел:1, спальня:2",ПМ 18.0м²; кухня-столовая 22.21м²; спальня 9.46м²; санузел 4.11м²; коридор 4.35м²; прихожая 3.08м²; спальня 9.38м²,2026\Планировки\Юра\3МД Саша Сосед В1.pdf (стр.1)
3мд саша сосед,в2,планировка,1,53.4,53.4,"кухня:1, санузел:1, спальня:1",ПМ 4.065м²; кухня-столовая 22.18м²; спальня 9.46м²; санузел 4.12м²; кладовая 4.22м²; коридор 9.38м²,2026\Планировки\Юра\3МД Саша Сосед В2.pdf (стр.1)
3мд саша сосед,в3,планировка,1,52.4,52.4,"гостиная:1, прихожая:1, санузел:1, спальня:2",Спальня 9.46м²; Спальня 9.38м²; Кухня-гостиная 22.18м²; Санузел 4.12м²; Прихожая 4.22м²; Гардеробная 3.0м²,2026\Планировки\Юра\3МД Саша Сосед В3.pdf (стр.1)
3мд саша сосед,в4,планировка,1,69.1,48.0,"гостиная:1, детская:1, прихожая:1, санузел:1, спальня:1, терраса:1",С/У 3.85м²; Кухня-Гостиная 22.38м²; Прихожая 3.71м²; Спальня 9.43м²; Детская 8.64м²; Терраса 18.09м²; Крыльцо 3.0м²,2026\Планировки\Юра\3МД Саша Сосед В4.pdf (стр.1)
3мд сашино  - стены,,"другое, планировка, спецификация",3,0.0,0.0,,,2025\Дома\Сашино 3МД Людмила\Новая папка\3МД Сашино  - СТЕНЫ.pdf (стр.1) | 2025\Дома\Сашино 3МД Людмила\Новая папка\3МД Сашино  - СТЕНЫ.pdf (стр.2) | 2025\Дома\Сашино 3МД Людмила\Новая папка\3МД Сашино  - СТЕНЫ.pdf (стр.3)
3мд сергей барн,в1,планировка,1,48.2,48.2,"гостиная:1, детская:1, прихожая:1, санузел:1, спальня:1",Детская 8.06м²; Спальная 11.2м²; С/У 4.15м²; Кухня-Гостиная 16.44м²; Прихожая-Холл 8.39м²,2026\Планировки\Юра\3МД Сергей Барн В1.pdf (стр.1)
3мд сергей барн,в2,планировка,1,65.7,48.7,"гостиная:1, детская:1, прихожая:1, санузел:1, спальня:1, терраса:1",Детская 6.74м²; Спальная 11.2м²; С/У 4.15м²; Кухня-Гостиная 18.45м²; Прихожая-Холл 8.12м²; Терраса 14.08м²; Крыльцо 3.0м²,2026\Планировки\Юра\3МД Сергей Барн В2.pdf (стр.1)
3мд сергей барн,в3,планировка,1,65.5,48.5,"гостиная:1, детская:1, прихожая:1, санузел:1, спальня:1, терраса:1",Детская 7.36м²; Спальная 10.38м²; С/У 4.28м²; Кухня-Гостиная 19.02м²; Прихожая-Холл 7.42м²; Терраса 14.08м²; Крыльцо 3.0м²,2026\Планировки\Юра\3МД Сергей Барн В3.pdf (стр.1)
3мд сергей барн,в4,планировка,1,65.5,48.5,"гостиная:1, детская:1, прихожая:1, санузел:1, спальня:1, терраса:1",Детская 7.36м²; Спальня 10.38м²; С/У 4.28м²; Кухня-Гостиная 19.02м²; Прихожая-Холл 7.42м²; Терраса 14.08м²; Крыльцо 3.0м²,2026\Планировки\Юра\3МД Сергей Барн В4.pdf (стр.1)
3мд снетково,в1,планировка,2,105.1,80.4,"гостиная:1, кухня:1, прихожая:1, санузел:1, спальня:4, терраса:4",Прихожая 3.29м²; Кухня-Гостиная 21.44м²; Спальня 8.35м²; Спальня 8.35м²; Порная 2.83м²; С/У 3.54м²; Терраса 11.99м²; Крыльцо 3.0м²; Кухня-столовая 21.45м²; Спальня 8.35м²; Спальня 2.85м²; Терраса 3.34м²; Терраса 3.0м²; Терраса 3.3м²,2025\Дома\3МД Снетково\3МД Снетково В1.pdf (стр.1) | 2025\Планировки\Юра\3МД Снетково В1.pdf (стр.1)
3мд спальная+парная,,планировка,1,92.2,65.2,"гостиная:1, прихожая:2, санузел:1, сауна:1, спальня:1, терраса:1",Спальня 17.22м²; Кухня-Гостиная 22.08м²; Холл 3.3м²; Прихожая 4.62м²; С/У 2.92м²; Тех. Помещение 5.42м²; Помывочная 4.64м²; Парная 5.02м²; Терраса 27.0м²,2025\Планировки\Юра\3МД Спальная+Парная.pdf (стр.1)
3мд спальная+парная,в1,планировка,1,92.2,65.2,"гостиная:1, прихожая:2, санузел:1, сауна:1, спальня:1, терраса:1",Спальня 17.22м²; Кухня-Гостиная 22.08м²; Холл 3.3м²; Прихожая 4.62м²; С/У 2.92м²; Тех. Помещение 5.42м²; Помывочная 4.64м²; Парная 5.02м²; Терраса 27.0м²,2025\Планировки\Юра\3МД Спальная+Парная В1.pdf (стр.1)
3мд ульяна,в1,планировка,1,56.0,44.7,"гостиная:1, прихожая:1, спальня:1, терраса:1",Спальня 9.14м²; Кухня-Гостиная 24.15м²; Прихожая 2.49м²; Кладовая 1.82м²; Кабинет 7.1м²; Терраса 11.26м²,2026\Планировки\Юра\3МД Ульяна В1.pdf (стр.1)
3мд чехофф банный дом - план внутренней отделки,,"планировка, спецификация",3,0.0,0.0,"гостиная:4, санузел:3, спальня:4",С/У-01; С/У-02; С/У-03; Гостиная 1; Гостиная 2; Гостиная 3; Гостиная 4; Спальная 01; Спальная 02; Спальная 03; Спальная 04,2026\ДОМА\Чехов банный дом МД3\ВН ОТДЕЛКА\3МД Чехофф Банный дом - План внутренней отделки.pdf (стр.1) | 2026\ДОМА\Чехов банный дом МД3\ВН ОТДЕЛКА\3МД Чехофф Банный дом - План внутренней отделки.pdf (стр.2) | 2026\ДОМА\Чехов банный дом МД3\ВН ОТДЕЛКА\3МД Чехофф Банный дом - План внутренней отделки.pdf (стр.3)
4,,планировка,1,67.9,49.9,"кухня:1, санузел:1, спальня:2, терраса:1",ВХОД 3.0м²; санузел 4.2м²; кухня 22.75м²; спальня 10.45м²; спальня 9.5м²; терраса 18.0м²,Работы Валя\Аля Точка на карте\ФИНАЛИМ ПЛАНИРОВКИ\4.pdf (стр.1)
4 модуля планировка,,планировка,2,106.0,106.0,"гостиная:2, прихожая:2, санузел:4, спальня:2",спальня 7.67м²; кухня-гостиная 23.03м²; ванная 7.23м²; прихожая 5.11м²; коридор 5.3м²; туалет 4.68м²; спальня 7.67м²; кухня-гостиная 23.03м²; ванная 7.23м²; коридор 5.11м²; прихожая 5.3м²; туалет 4.68м²,2024\Прадайз\Нью парадайс\4 модуля планировка.pdf (стр.1) | Работы Валя\Нью парадайс\4 модуля планировка.pdf (стр.1)
4 модуля планировка (1),,планировка,2,106.0,106.0,"гостиная:2, прихожая:2, санузел:4, спальня:2",спальня 7.67м²; кухня-гостиная 23.03м²; ванная 7.23м²; коридор 5.11м²; прихожая 5.3м²; туалет 4.68м²; спальня 7.67м²; кухня-гостиная 23.03м²; ванная 7.23м²; коридор 5.11м²; прихожая 5.3м²; туалет 4.68м²,2024\Прадайз\Нью парадайс\4 модуля планировка (1).pdf (стр.1) | Работы Валя\Нью парадайс\4 модуля планировка (1).pdf (стр.1)
4 спальни,,планировка,1,0.0,0.0,"гостиная:1, кухня:1, спальня:1",гостиная; кухня; спальня,2025\Планировки\Николай\4 спальни.pdf (стр.1)
4 спальни_вариант 2,,планировка,1,0.0,0.0,"гостиная:1, кухня:1, спальня:1",гостиная; кухня; спальня,2025\Планировки\Николай\4 спальни_вариант 2.pdf (стр.1)
4+ мд ямилахти с2,в1,планировка,1,57.4,44.0,"гостиная:1, санузел:1, спальня:2, терраса:1",С/У 2.12м²; Бойлер Котельная 3.7м²; Гостиная 20.45м²; Спальня 8.87м²; Спальня 8.87м²; Терраса 13.44м²,2026\Планировки\Юра\4+ МД Ямилахти С2 В1.pdf (стр.1)
4+ мд ямилахти с2,в2,,1,0.0,0.0,,,2026\Планировки\Юра\4+ МД Ямилахти С2 В2.pdf (стр.1)
4+ мд ямилахти с2,в3,,1,0.0,0.0,,,2026\Планировки\Юра\4+ МД Ямилахти С2 В3.pdf (стр.1)
4+мд максим белоостров,в1,планировка,1,109.9,75.1,"гостиная:1, прихожая:2, санузел:2, спальня:2, терраса:1",Кухня-Гостиная 24.85м²; Спальня 7.14м²; Прихожая 5.17м²; Бойлерная 4.02м²; С/У 3.95м²; Кладовая 3.95м²; Кабинет 7.15м²; С/У 4.99м²; Гардеробная 2.5м²; Холл 1.87м²; Спальня 9.53м²; Терраса 34.82м²,2025\Планировки\Для Василия\4+МД Максим Белоостров В1.pdf (стр.1)
4.63.5,,планировка,1,38.3,38.3,,БАНЯ; Матрас 200х200см 12.0м²; холод 4.8м²; котел 21.5м²,Планировки\Обновленные\4.63.5.pdf (стр.1)
4мд вариант (сауна) 4,в1,,1,0.0,0.0,,,2025\Планировки\Юра\4МД Вариант (сауна) 4 В1.pdf (стр.1)
4мд вариант 2,в1,планировка,1,63.6,63.6,"гостиная:1, кухня:1, санузел:2, спальня:1",гостиная 18.0м²; кухня 9.69м²; спальня 21.02м²; санузел 2.83м²; ванная 3.47м²; коридор 8.57м²,2025\Планировки\Юра\4МД Вариант 2 В1.pdf (стр.1)
4мд вариант 3,в2,планировка,1,75.2,54.2,"гостиная:1, прихожая:1, санузел:1, спальня:2, терраса:1",Кухня-Гостиная 23.96м²; Спальня 11.07м²; Спальня 10.22м²; Кладовая 1.96м²; Прихожая 3.23м²; С/У 3.74м²; Терраса 18.0м²; Крыльцо 3.0м²,2025\Планировки\Юра\4МД Вариант 3 В2.pdf (стр.1)
4мд вариант 3,в3,планировка,1,75.2,54.2,"гостиная:1, прихожая:1, санузел:1, спальня:2, терраса:1",Кухня-Гостиная 23.96м²; Спальня 11.07м²; Спальня 10.22м²; Кладовая 1.96м²; Прихожая 3.23м²; С/У 3.74м²; Терраса 18.0м²; Крыльцо 3.0м²,2025\Планировки\Юра\4МД Вариант 3 В3.pdf (стр.1)
4мд вариант 3,в4,планировка,1,75.2,54.2,"гостиная:1, прихожая:1, санузел:1, спальня:2, терраса:1",Кухня-Гостиная 23.96м²; Спальня 11.07м²; Спальня 10.22м²; Кладовая 1.96м²; Прихожая 3.23м²; С/У 3.74м²; Терраса 18.0м²; Крыльцо 3.0м²,2025\Планировки\Юра\4МД Вариант 3 В4.pdf (стр.1)
4мд вариант 3,в5,планировка,1,75.2,54.2,"гостиная:1, прихожая:1, санузел:1, спальня:2, терраса:1",Кухня-Гостиная 23.96м²; Спальня 11.07м²; Спальня 10.22м²; Кладовая 1.96м²; Прихожая 3.23м²; С/У 3.74м²; Терраса 18.0м²; Крыльцо 3.0м²,2025\Планировки\Юра\4МД Вариант 3 В5.pdf (стр.1)
4мд гараж,в2,планировка,1,47.4,0.0,,Гараж 1 23.69м²; Гараж 1 23.69м²,2026\Планировки\Юра\4МД Гараж В2.pdf (стр.1)
4мд гараж,в3,планировка,1,47.8,0.0,,Гараж 1 23.88м²; Гараж 1 23.88м²,2026\Планировки\Юра\4МД Гараж В3.pdf (стр.1)
4мд гараж,в4,планировка,1,47.6,0.0,,Гараж 1 23.81м²; Гараж 1 23.81м²,2026\Планировки\Юра\4МД Гараж В4.pdf (стр.1)
4мд гараж,в6,планировка,1,46.3,0.0,,Гараж 1 23.13м²; Гараж 1 23.14м²,2026\Планировки\Юра\4МД Гараж В6.pdf (стр.1)
4мд гараж схема площадки,,другое,1,0.0,0.0,,,2026\ДОМА\4МД Гараж\4МД Гараж Схема площадки.pdf (стр.1)
4мд денис орехово,в1,планировка,1,0.0,0.0,,,2026\Планировки\Юра\4МД Денис Орехово В1.pdf (стр.1)
4мд диалог,в0,планировка,1,48.7,48.7,спальня:1,Зал 16.13м²; Мастер спальня 17.36м²; Кабинет 8.96м²; Тех. Помещение 6.22м²,2026\Планировки\Юра\4МД Диалог В0.pdf (стр.1)
4мд диалог в0-1,,планировка,1,65.2,65.2,"прихожая:1, санузел:2, спальня:1",Зал 21.35м²; Кабинет 11.04м²; С/У 3.26м²; Спальня 12.54м²; Тех помещение 6.15м²; С/У 1.39м²; Коридор-Прихожая 9.48м²,2026\Планировки\Юра\4МД Диалог В0-1.pdf (стр.1)
4мд зеленая роща,в1,планировка,1,60.1,60.1,"кухня:1, санузел:1",Жилая комната 30.4м²; Кухня 12.02м²; Санузел 4.12м²; ПМ 2.34м²; Коридор 11.25м²,2025\Планировки\Юра\4МД Зеленая Роща В1.pdf (стр.1)
4мд зеленая роща,в2,планировка,1,64.5,64.5,"гостиная:1, кухня:1, санузел:1, спальня:1",Жилая комната 11.25м²; Санузел 4.12м²; ПМ 2.34м²; Кухня 4.39м²; Гостиная 30.4м²; Спальня 12.02м²,2025\Планировки\Юра\4МД Зеленая Роща В2.pdf (стр.1)
4мд зеленая роща,в3,планировка,1,56.4,56.4,"кухня:1, санузел:1, спальня:1",спальня 11.25м²; ванная 4.12м²; кухня 24.66м²; коридор 12.02м²; гардеробная 4.39м²,2025\Планировки\Юра\4МД Зеленая Роща В3.pdf (стр.1)
4мд зеленая роща,в4,планировка,1,58.6,58.6,"кухня:1, санузел:1, спальня:1",спальня 11.77м²; ванная 4.36м²; кухня 25.32м²; коридор 12.66м²; гардеробная 4.53м²,2025\Планировки\Юра\4МД Зеленая Роща В4.pdf (стр.1)
4мд мастерская,в1,планировка,1,68.9,58.7,терраса:1,Мастерская 53.23м²; Тех. помещение 5.43м²; Терраса 10.23м²,2025\Планировки\Юра\4МД Мастерская В1.pdf (стр.1)
4мд мастерская в1 исправлены площади,,планировка,1,68.9,58.7,терраса:1,Мастерская 53.23м²; Тех. помещение 5.43м²; Терраса 10.23м²,2025\Планировки\Юра\4МД Мастерская В1 исправлены площади.pdf (стр.1)
4мд николай апатиты,в1,планировка,1,78.1,60.1,"гостиная:1, детская:1, прихожая:1, санузел:1, сауна:1, спальня:1, терраса:1",Парная 2.88м²; С/У 3.63м²; Прихожая 3.72м²; Кухня-Гостиная 22.76м²; Спальня 11.96м²; Детская 10.09м²; Тех. Помещение 5.1м²; Крыльцо 6.0м²; Терраса 12.0м²,2026\Планировки\Юра\4МД Николай Апатиты В1.pdf (стр.1)
4мд орехово,в1,планировка,1,99.7,65.2,"гостиная:1, детская:1, прихожая:1, санузел:1, спальня:2, терраса:2",Спальня 11.98м²; Гардероб 4.62м²; Кухня-Гостиная 23.23м²; Спальня 8.83м²; Детская 7.72м²; Прихожая 4.49м²; С/У 4.36м²; Терраса 27.0м²; Терраса 4.5м²; Крыльцо 3.0м²,2025\Планировки\Юра\4МД Орехово В1.pdf (стр.1)
4мд орехово,в2,планировка,1,103.2,65.2,"гостиная:1, детская:1, прихожая:1, санузел:1, спальня:2, терраса:2",Спальня 11.98м²; Гардероб 4.62м²; Кухня-Гостиная 23.23м²; Спальня 8.83м²; Детская 7.72м²; Прихожая 4.49м²; С/У 4.36м²; Терраса 27.0м²; Терраса 8.0м²; Крыльцо 3.0м²,2025\Планировки\Юра\4МД Орехово В2.pdf (стр.1)
4мд орехово,в3,планировка,1,103.2,65.2,"гостиная:1, детская:1, прихожая:1, санузел:1, спальня:2, терраса:2",Спальня 11.98м²; Гардероб 4.62м²; Кухня-Гостиная 23.23м²; Спальня 8.83м²; Детская 7.72м²; Прихожая 4.49м²; С/У 4.36м²; Терраса 27.0м²; Терраса 8.0м²; Крыльцо 3.0м²,2025\Планировки\Юра\4МД Орехово В3.pdf (стр.1)
4мд офис - пол,,"планировка, спецификация",3,0.0,0.0,,,2025\Дома\Офис косой\КД Общий\4МД Офис - ПОЛ.pdf (стр.1) | 2025\Дома\Офис косой\КД Общий\4МД Офис - ПОЛ.pdf (стр.2) | 2025\Дома\Офис косой\КД Общий\4МД Офис - ПОЛ.pdf (стр.3)
4мд офис - потолки,,"другое, планировка, спецификация",3,0.0,0.0,,,2025\Дома\Офис косой\КД Общий\4МД Офис - ПОТОЛКИ.pdf (стр.1) | 2025\Дома\Офис косой\КД Общий\4МД Офис - ПОТОЛКИ.pdf (стр.2) | 2025\Дома\Офис косой\КД Общий\4МД Офис - ПОТОЛКИ.pdf (стр.3)
4мд пески,в1,планировка,1,89.7,65.7,"гостиная:1, прихожая:1, санузел:1, спальня:1, терраса:1",Кухня-Гостиная 34.76м²; Холл 3.16м²; С/У 3.98м²; Гардеробная 4.21м²; Спальная 13.58м²; Коридор 6.0м²; Крыльцо 6.0м²; Терраса 18.0м²,2025\Планировки\Юра\4МД Пески В1.pdf (стр.1)
4мд пески,в2,планировка,1,91.2,66.3,"гостиная:1, прихожая:2, спальня:1, терраса:1",Кухня-Гостиная 35.41м²; Холл 3.17м²; Г/Ч 3.98м²; Гардеробная 4.92м²; Спальня 12.83м²; Прихожая 6.02м²; Крыльцо 5.69м²; Терраса 19.16м²,2025\Планировки\Юра\4МД Пески В2.pdf (стр.1)
4мд пески,в3,планировка,1,91.2,66.3,"гостиная:1, прихожая:2, спальня:1, терраса:1",Кухня-Гостиная 35.41м²; Холл 3.17м²; Г/Ч 3.98м²; Гардеробная 4.92м²; Спальня 12.83м²; Прихожая 6.02м²; Крыльцо 5.69м²; Терраса 19.16м²,2025\Планировки\Юра\4МД Пески В3.pdf (стр.1)
4мд проект,,,1,0.0,0.0,,,2025\Планировки\Юра\4МД Проект.pdf (стр.1)
4мд проект,в1,планировка,1,58.9,58.9,"гостиная:1, кухня:1, санузел:1, спальня:1",гостиная 18.0м²; кухня 23.71м²; спальня 9.69м²; ванная 4.3м²; гардеробная 3.22м²,2025\Планировки\Юра\4МД Проект В1.pdf (стр.1)
4мд проект(цветков),в2,планировка,1,75.3,75.3,"гостиная:1, кухня:1, прихожая:1, санузел:1, спальня:1",гостиная 23.71м²; кухня 18.0м²; спальня 10.51м²; ванная 4.3м²; гардеробная 9.69м²; коридор 3.22м²; лестница 1.98м²; прихожая 3.9м²,2025\Планировки\Юра\4МД Проект(Цветков) В2.pdf (стр.1)
4мд проект(цветков),в3,планировка,1,72.4,54.4,"гостиная:1, прихожая:1, санузел:1, спальня:1, терраса:1",спальня 10.51м²; кухня-гостиная 23.71м²; санузел 4.3м²; коридор 9.69м²; гардеробная 3.22м²; прихожая 3.0м²; терраса 18.0м²,2025\Планировки\Юра\4МД Проект(Цветков) В3.pdf (стр.1)
4мд пухолово,в2,планировка,1,74.4,52.9,"гостиная:1, детская:1, прихожая:1, санузел:1, спальня:1, терраса:1",Кухня-Гостиная 23.25м²; Спальня 10.61м²; Детская 9.47м²; Тех. помещение 2.36м²; Прихожая 3.42м²; С/У 3.74м²; Крыльцо 3.0м²; Терраса 18.56м²,2026\Планировки\Юра\4МД Пухолово В2.pdf (стр.1)
4мд ранта 73 (3+),,планировка,1,79.9,58.9,"гостиная:1, прихожая:1, санузел:1, спальня:2, терраса:1",Кухня-Гостиная 23.96м²; Спальня 15.84м²; Спальня 10.22м²; Кладовая 1.96м²; Прихожая 3.23м²; С/У 3.74м²; Терраса 17.91м²; Крыльцо 3.0м²,2025\Дома\Планировка 4МД Ранта 73\4МД Ранта 73 (3+).pdf (стр.1)
4мд ямилахти с2 в1 план стен,,,1,0.0,0.0,,,2026\Планировки\Юра\4МД Ямилахти С2 В1 План стен.pdf (стр.1)
4мд_терраса,в1,планировка,1,85.3,53.1,"гостиная:1, санузел:1, сауна:1, терраса:1",Парная 8.15м²; Душевые 7.57м²; Комната отдыха 4.77м²; С/У 4.63м²; Гостиная-Кухня 27.95м²; Терраса 32.27м²,2025\Дома\баня 4МД и Терраса\4МД_Терраса_В1.pdf (стр.1)
5,,планировка,1,71.0,53.0,"гостиная:1, санузел:1, терраса:1",ВХОД 3.0м²; СТМ 3.1м²; комната 10.45м²; кухня-гостиная 22.75м²; комната 9.5м²; ванная 4.2м²; ПММ; терраса 18.0м²,Работы Валя\Аля Точка на карте\ФИНАЛИМ ПЛАНИРОВКИ\5.pdf (стр.1)
5+мд максим белоостров,в2,планировка,1,129.9,88.9,"гостиная:1, прихожая:2, санузел:2, спальня:2, терраса:1",Кухня-Гостиная 38.45м²; Спальная 7.14м²; Прихожая 5.17м²; Бойлерная 4.34м²; С/У 4.12м²; Кладовая 3.63м²; Кабинет 7.15м²; С/У 4.99м²; Гардеробная 2.5м²; Холл 1.87м²; Спальная 9.53м²; Терраса 41.02м²,2025\Планировки\Для Василия\5+МД Максим Белоостров В2.pdf (стр.1)
5+мд максим белоостров,в3,планировка,1,129.9,88.9,"гостиная:1, прихожая:2, санузел:2, спальня:2, терраса:1",Кухня-Гостиная 38.45м²; Спальная 7.14м²; Прихожая 5.17м²; Бойлерная 4.34м²; С/У 4.12м²; Кладовая 3.63м²; Кабинет 7.15м²; С/У 4.99м²; Гардеробная 2.5м²; Холл 1.87м²; Спальная 9.53м²; Терраса 41.02м²,2025\Планировки\Для Василия\5+МД Максим Белоостров В3.pdf (стр.1)
5.83.4,,планировка,1,77.4,77.4,"гостиная:1, кухня:1, прихожая:1, санузел:2, спальня:3",гостиная 25.47м²; кухня 5.01м²; санузел 3.87м²; прихожая 3.22м²; спальня 9.11м²; спальня 11.29м²; спальня 11.29м²; ванная 4.21м²; гардеробная 3.94м²,Планировки\5.83.4.pdf (стр.1)
5.83.5,,планировка,1,77.4,77.4,"гостиная:1, кухня:1, прихожая:1, санузел:2, спальня:3",гостиная 25.47м²; кухня 5.01м²; санузел 3.87м²; прихожая 3.22м²; спальня 9.11м²; спальня 11.29м²; спальня 11.29м²; ванная 4.21м²; гардеробная 3.94м²,Планировки\5.83.5.pdf (стр.1)
5м,в1,планировка,1,96.1,78.1,"гостиная:1, санузел:2, спальня:2, терраса:1",спальня 11.29м²; гардеробная 9.11м²; ванная 4.21м²; кухня-гостиная 34.95м²; спальня 11.29м²; санузел 4.21м²; лестница 3.0м²; терраса 18.0м²,Загрузки Валя\5м в1.pdf (стр.1)
5м в1 (1),,планировка,1,75.1,75.1,"гостиная:1, санузел:2, спальня:2",спальня 11.29м²; гардеробная 9.11м²; ванная 4.21м²; кухня-гостиная 34.95м²; спальня 11.29м²; санузел 4.21м²,Загрузки Валя\5м в1 (1).pdf (стр.1)
5м максим,в1,планировка,1,93.0,93.0,"кухня:1, прихожая:1, санузел:3, спальня:3",кухня-столовая 30.77м²; ПМХ; СТМ; коридор 6.05м²; ванная 3.66м²; туалет 3.84м²; спальня 11.71м²; гардеробная 4.83м²; санузел 3.71м²; холл 2.97м²; спальня 13.4м²; спальня 12.02м²,Планировки\Lampi 4\5м Максим в1.pdf (стр.1)
5мд rnt84,в1,планировка,1,104.8,83.2,"гостиная:1, прихожая:1, санузел:1, спальня:3, терраса:1",Кухня-Гостиная 31.11м²; С/У 4.52м²; Спальня 10.89м²; Спальня 8.38м²; Спальня 14.18м²; Техпомещение 5.25м²; Холл 8.84м²; Крыльцо 3.6м²; Терраса 18.0м²,2025\Планировки\Для Василия\5МД RNT84 В1.pdf (стр.1)
5мд rnt84,в2,планировка,1,104.8,83.2,"гостиная:1, прихожая:1, санузел:1, спальня:3, терраса:1",Кухня-Гостиная 31.11м²; С/У 4.52м²; Спальня 10.89м²; Спальня 8.38м²; Спальня 14.18м²; Тех помещение 5.25м²; Холл 8.84м²; Крыльцо 3.6м²; Терраса 18.0м²,2025\Планировки\Для Василия\5МД RNT84 В2.pdf (стр.1)
5мд rnt84,в6,планировка,1,116.9,82.6,"гостиная:1, прихожая:1, санузел:1, спальня:3, терраса:1",Кухня-Гостиная 28.59м²; С/У 4.52м²; Спальня 10.89м²; Спальня 8.38м²; Спальня 14.18м²; Тех помещение 5.25м²; Холл 8.75м²; Кладовая 2.08м²; Крыльцо 4.5м²; Терраса 29.76м²,2026\Планировки\Юра\5МД RNT84 В6.pdf (стр.1)
5мд гатчина,в1,планировка,1,77.4,77.4,"гостиная:1, прихожая:2, санузел:1, спальня:2",Кухня-Гостиная 34.04м²; Тех. помещение 4.41м²; С/У 4.23м²; Спальня 13.69м²; Холл 6.91м²; Прихожая 4.83м²; Спальня 9.26м²,2026\Планировки\Юра\5МД Гатчина В1.pdf (стр.1)
5мд гатчина,в2,планировка,1,118.9,84.8,"гостиная:1, прихожая:1, санузел:2, спальня:3, терраса:1",Спальня 8.45м²; Спальня 8.02м²; Коридор 6.18м²; Санузел 2.61м²; Санузел 4.73м²; Прихожая 5.92м²; Кабинет 5.72м²; Спальня 13.01м²; Кухня-Гостиная 30.16м²; Крыльцо 10.12м²; Терраса 23.97м²,2026\Планировки\Юра\5МД Гатчина В2.pdf (стр.1)
5мд гатчина,в3,планировка,1,102.7,78.7,"гостиная:1, детская:2, прихожая:1, санузел:2, спальня:1, терраса:1",Детская 8.41м²; Детская 8.39м²; Санузел 4.53м²; Санузел 2.42м²; Коридор 7.35м²; Прихожая 5.76м²; Кухня-Гостиная 29.27м²; Спальня 12.61м²; Терраса 23.97м²,2026\Планировки\Юра\5МД Гатчина В3.pdf (стр.1)
5мд денис орехово,в2,,1,0.0,0.0,,,2026\Планировки\Юра\5МД Денис Орехово В2.pdf (стр.1)
5мд денис орехово,в3,,1,0.0,0.0,,,2026\Планировки\Юра\5МД Денис Орехово В3.pdf (стр.1)
5мд денис орехово,в4,планировка,1,57.4,57.4,"гостиная:1, детская:1, прихожая:1, санузел:1, спальня:1",Детская 10.66м²; С/У 2.97м²; Прихожая 4.61м²; Кухня-Гостиная 24.4м²; Лоджия 4.73м²; Спальня 10.05м²,2026\Планировки\Юра\5МД Денис Орехово В4.pdf (стр.1)
5мд денис орехово,в5,планировка,1,52.7,52.7,"гостиная:1, детская:1, прихожая:1, санузел:1, спальня:1",Детская 10.66м²; Санузел 2.97м²; Прихожая 4.61м²; Кухня-Гостиная 24.4м²; Спальня 10.05м²,2026\Планировки\Юра\5МД Денис Орехово В5.pdf (стр.1)
5мд денис орехово,в6,,1,0.0,0.0,,,2026\Планировки\Юра\5МД Денис Орехово В6.pdf (стр.1)
5мд денис орехово,в7,,1,0.0,0.0,,,2026\Планировки\Юра\5МД Денис Орехово В7.pdf (стр.1)
5мд дом (охраны) гостевой,в5,планировка,1,61.6,57.9,"гостиная:1, прихожая:1, санузел:1, спальня:1",Кухня-Гостиная 21.05м²; Прихожая 10.75м²; С/У 5.07м²; Спальня 21.05м²; Крыльцо 3.65м²,2025\Планировки\Для Василия\5МД Дом (охраны) Гостевой В5.pdf (стр.1)
5мд дом (охраны) гостевой,в6,планировка,1,61.6,57.9,"гостиная:1, прихожая:1, санузел:1, спальня:1",Кухня-Гостиная 21.05м²; Прихожая 10.75м²; С/У 5.07м²; Спальная 21.05м²; Крыльцо 3.65м²,2025\Планировки\Для Василия\5МД Дом (охраны) Гостевой В6.pdf (стр.1)
5мд дом охраны,в1,планировка,1,61.6,57.9,"гостиная:1, прихожая:1, санузел:1, спальня:1",Кухня-Гостиная 21.05м²; Прихожая 10.75м²; С/У 5.07м²; Спальня 21.05м²; Крыльцо 3.65м²,2025\Планировки\Для Василия\5МД Дом охраны В1.pdf (стр.1)
5мд дом охраны,в2,планировка,1,61.6,57.9,"гостиная:1, прихожая:1, санузел:1, спальня:1",Кухня-Гостиная 21.05м²; Прихожая 10.75м²; С/У 5.07м²; Спальная 21.05м²; Крыльцо 3.65м²,2025\Планировки\Для Василия\5МД Дом охраны В2.pdf (стр.1)
5мд дом охраны,в3,планировка,1,61.6,57.9,"гостиная:1, прихожая:1, санузел:1, спальня:1",Кухня-Гостиная 21.05м²; Прихожая 10.75м²; С/У 5.07м²; Спальная 21.05м²; Крыльцо 3.65м²,2025\Планировки\Для Василия\5МД Дом охраны В3.pdf (стр.1)
5мд дом охраны,в4,планировка,1,61.6,57.9,"гостиная:1, прихожая:1, санузел:1, спальня:1",Кухня-Гостиная 21.05м²; Прихожая 10.75м²; С/У 5.07м²; Спальная 21.05м²; Крыльцо 3.65м²,2025\Планировки\Для Василия\5МД Дом охраны В4.pdf (стр.1)
5мд ирина,в2,планировка,1,84.2,62.9,"гостиная:1, прихожая:1, санузел:1, сауна:1, спальня:1, терраса:1",Кухня-Гостиная 25.4м²; Спальная 9.88м²; Тех.Помещение 5.01м²; С/У 5.88м²; Парная 3.12м²; Прихожая 5.31м²; Кабинет 8.29м²; Крыльцо 3.36м²; Терраса 18.0м²,2026\Планировки\Юра\5МД Ирина В2.pdf (стр.1)
5мд ирина,в3,планировка,1,85.6,64.6,"гостиная:1, прихожая:1, санузел:1, сауна:1, спальня:1, терраса:1",Кухня-Гостиная 26.02м²; Спальная 10.82м²; Тех.Помещение 4.82м²; С/У 5.5м²; Парная 3.4м²; Прихожая 5.62м²; Кабинет 8.41м²; Крыльцо 2.99м²; Терраса 18.0м²,2026\Планировки\Юра\5МД Ирина В3.pdf (стр.1)
5мд ирина,в4,планировка,1,85.6,64.6,"гостиная:1, прихожая:1, санузел:1, сауна:1, спальня:1, терраса:1",Кухня-Гостиная 26.02м²; Спальная 10.82м²; Тех.Помещение 4.82м²; С/У 5.5м²; Парная 3.4м²; Прихожая 5.62м²; Кабинет 8.41м²; Крыльцо 2.99м²; Терраса 18.0м²,2026\Планировки\Юра\5МД Ирина В4.pdf (стр.1)
5мд ирина,в5,планировка,1,85.6,64.6,"гостиная:1, прихожая:1, санузел:1, сауна:1, спальня:1, терраса:1",Кухня-Гостиная 26.02м²; Спальная 10.82м²; Тех.Помещение 4.82м²; С/У 5.5м²; Парная 3.4м²; Прихожая 5.62м²; Кабинет 8.41м²; Крыльцо 2.99м²; Терраса 18.0м²,2026\Планировки\Юра\5МД Ирина В5.pdf (стр.1)
5мд мария разлив-3,в1,,1,0.0,0.0,,,2026\Планировки\Юра\5МД Мария Разлив-3 В1.pdf (стр.1)
5мд мария разлив-3 - отделка планкен,,"планировка, спецификация",3,0.0,0.0,,,2026\ДОМА\5МД Мария Разлив №3\ОТДЕЛКА\5МД Мария Разлив-3 - ОТДЕЛКА ПЛАНКЕН.pdf (стр.1) | 2026\ДОМА\5МД Мария Разлив №3\ОТДЕЛКА\5МД Мария Разлив-3 - ОТДЕЛКА ПЛАНКЕН.pdf (стр.2) | 2026\ДОМА\5МД Мария Разлив №3\ОТДЕЛКА\5МД Мария Разлив-3 - ОТДЕЛКА ПЛАНКЕН.pdf (стр.3)
5мд мария разлив-3 отделака четверть,,спецификация,1,0.0,0.0,,,2026\ДОМА\5МД Мария Разлив №3\ОТДЕЛКА\5МД Мария Разлив-3 Отделака четверть.pdf (стр.1)
5мд мск (сауна),в1,планировка,1,80.9,80.9,"гостиная:1, прихожая:1, санузел:2, сауна:1, спальня:2",Спальная 12.02м²; С/У 4.2м²; Гардероб 5.07м²; Коридор 2.66м²; Сауна 4.35м²; Кухня-Гостиная 24.14м²; Тех. помещение 5.69м²; Прихожая 1.56м²; Коридор 1.62м²; Гардеробная 3.25м²; Спальная 11.7м²; С/У 4.65м²,2025\Планировки\Юра\5МД МСК (сауна) В1.pdf (стр.1)
5мд николай апатиты,в1,,1,0.0,0.0,,,2026\Планировки\Юра\5МД Николай Апатиты В1.pdf (стр.1)
5мд николай апатиты,в2,планировка,1,77.7,59.3,"гостиная:1, прихожая:1, санузел:1, сауна:1, спальня:2, терраса:1",Прихожая 3.34м²; Кухня-Гостиная 22.77м²; Спальня 12.61м²; Спальня 9.21м²; Парная 3.07м²; С/У 3.34м²; Тех Помещение 5.0м²; Терраса 12.0м²; Крыльцо 6.38м²,2026\Планировки\Юра\5МД Николай Апатиты В2.pdf (стр.1)
5мд николай апатиты в1-1,,планировка,1,77.7,59.3,"гостиная:1, прихожая:1, сауна:1, спальня:2, терраса:1",Прихожая 3.34м²; Кухня-Гостиная 22.77м²; Спальня 12.61м²; Спальня 9.21м²; Парная 3.07м²; Пергола 3.34м²; Тех Помещение 5.0м²; Терраса 12.0м²; Крыльцо 6.38м²,2026\Планировки\Юра\5МД Николай Апатиты В1-1.pdf (стр.1)
5мд николай апатиты в1-2,,планировка,1,77.7,59.3,"гостиная:1, прихожая:1, санузел:1, сауна:1, спальня:2, терраса:1",Прихожая 3.34м²; Кухня-Гостиная 22.77м²; Спальня 12.61м²; Спальня 9.21м²; Парная 3.07м²; С/У 3.34м²; Тех Помещение 5.0м²; Терраса 12.0м²; Крыльцо 6.38м²,2026\Планировки\Юра\5МД Николай Апатиты В1-2.pdf (стр.1)
5мд одинцовсий район план наружных стен,в1,разрез,1,0.0,0.0,,,2025\Планировки\Юра\5МД Одинцовсий район план наружных стен В1.pdf (стр.1)
5мд пески,в1,планировка,1,195.9,161.7,"гостиная:1, прихожая:2, санузел:2, спальня:2, терраса:1",Кухня-Гостиная 33.62м²; С/У 14.0м²; Спальня 19.7м²; Прихожая 16.5м²; Холл 16.5м²; Тех. Помещение 12.12м²; Гардеробная 13.3м²; Кладовая 12.6м²; С/У 10.06м²; Спальня 13.25м²; Терраса 31.25м²; Крыльцо 3.0м²,2025\Дома\Крутой склон Пески\5МД Пески В1.pdf (стр.1)
5мд учебный центр,в1,планировка,1,84.2,84.2,"прихожая:1, санузел:2",Прихожая 6.23м²; Тамбур 3.71м²; С/У М 1.81м²; С/У Ж 1.81м²; Кладовая 2.0м²; Столовая 17.66м²; Коридор 6.73м²; Лекционный зал 44.26м²,2025\Планировки\Для Василия\5МД Учебный центр В1.pdf (стр.1)
6,,планировка,1,18.0,18.0,,баня 7.75м²; комната 1.5м²; комната 3.0м²; комната 5.75м²,Работы Валя\Аля Точка на карте\ФИНАЛИМ ПЛАНИРОВКИ\6.pdf (стр.1)
6 мд пески,в2,планировка,1,144.9,101.4,"гостиная:1, прихожая:2, санузел:2, спальня:2, терраса:1",Кухня-Гостиная 42.55м²; С/У 3.69м²; Спальня 10.34м²; Прихожая 7.89м²; Холл 4.55м²; Тех. Помещение 2.35м²; Гардеробная 3.38м²; Кладовая 4.5м²; С/У 4.07м²; Спальня 18.11м²; Терраса 40.52м²; Крыльцо 3.0м²,2025\Дома\Крутой склон Пески\6 МД Пески В2.pdf (стр.1)
6+мд максим белоостров,в4,планировка,1,136.2,97.4,"гостиная:1, прихожая:2, санузел:2, спальня:2, терраса:1",Кухня-Гостиная 42.95м²; Спальня 9.11м²; Прихожая 5.48м²; Бойлерная 6.09м²; С/У 4.12м²; Кладовая 3.72м²; Кабинет 6.87м²; С/У 4.99м²; Гардеробная 2.63м²; Холл 1.76м²; Спальня 9.69м²; Терраса 38.75м²,2025\Планировки\Для Василия\6+МД Максим Белоостров В4.pdf (стр.1)
6_дом выборг_руслан и марина,,"другое, планировка",3,114.2,46.6,"прихожая:1, санузел:1, терраса:1",Жилая комната 10.9м²; Гардероб 4.5м²; Комната отдыха 16.5м²; Прихожая 3.7м²; С/У 4.7м²; Порная 3.3м²; Коридор 3.0м²; Терраса 67.6м²,2026\Планировки\6_Дом Выборг_Руслан и Марина.pdf (стр.1) | 2026\Планировки\6_Дом Выборг_Руслан и Марина.pdf (стр.2) | 2026\Планировки\6_Дом Выборг_Руслан и Марина.pdf (стр.3)
6мд ++ миниотель варианты,,планировка,1,79.0,79.0,,3 Балк №1 10.23м²; 3 Балк №2 10.37м²; 4 Балк №1 12.48м²; 5 Балк №5 12.85м²; 6 Балк №6 12.57м²; 1 Балк №1 10.17м²; 2 Балк №2 10.37м²,2026\Планировки\Юра\6МД ++ Миниотель варианты.pdf (стр.1)
6мд 2этажа,в1,планировка,1,0.0,0.0,"кухня:1, спальня:1",кухня-столовая; спальня,2026\Планировки\Юра\6МД 2Этажа В1.pdf (стр.1)
6мд 2этажа,в2,планировка,1,75.3,75.3,"гостиная:1, прихожая:2, санузел:1, спальня:3",Кухня-Гостиная 28.64м²; С/У 4.61м²; Прихожая 3.54м²; Тех. Помещение 1.67м²; Спальня 11.96м²; Спальня 9.99м²; Спальня 8.89м²; Холл 5.99м²,2026\Планировки\Юра\6МД 2Этажа В2.pdf (стр.1)
6мд а_к_вф в договор,,планировка,1,141.0,101.0,"гостиная:1, прихожая:2, санузел:2, спальня:3, терраса:1",Кухня-Гостиная 39.69м²; Прихожая 3.51м²; Спальня 10.77м²; Спальня 10.77м²; Холл 4.38м²; С/У 3.3м²; Кладовая 2.26м²; Тех. Помещение 3.77м²; С/У 5.07м²; Спальная 17.5м²; Терраса 39.95м²,2025\Дома\6МД Лесное Озеро\6МД А_К_ВФ в договор.pdf (стр.1)
6мд андрей тургеневка,в1,,1,0.0,0.0,,,2025\Планировки\Юра\6МД Андрей Тургеневка В1.pdf (стр.1)
6мд гатчина,в1,планировка,1,103.4,91.8,"гостиная:1, прихожая:1, спальня:2, терраса:1",Спальня 11.09м²; Спальня 11.11м²; СУ 3.5м²; Кабинет 6.81м²; Прихожая 3.94м²; Кухня-Гостиная 38.24м²; ГСН 5.1м²; Терраса 11.64м²; Лоджия 12.0м²,2026\Планировки\Юра\6МД Гатчина В1.pdf (стр.1)
6мд жилой дом крп,в1,,1,0.0,0.0,,,2026\Планировки\Юра\6МД Жилой дом КРП В1.pdf (стр.1)
6мд жилой дом крп,в2,планировка,1,129.7,99.2,"гостиная:1, прихожая:2, санузел:3, спальня:2, терраса:2",Жилая комната 11.64м²; Спальня 11.09м²; Кухня-гостиная 38.45м²; Санузел 4.76м²; Холл 5.1м²; Прихожая 4.18м²; Спальня 10.74м²; Санузел 3.61м²; Санузел 9.59м²; Терраса 6.7м²; Терраса 23.83м²,2026\Планировки\Юра\6МД Жилой дом КРП В2.pdf (стр.1)
6мд жилой дом крп,в3,планировка,1,114.8,93.0,"гостиная:1, прихожая:2, санузел:2, спальня:1, терраса:1",Жилая комната 11.64м²; Спальня 11.09м²; Кухня-гостиная 38.45м²; Санузел 4.76м²; Холл 5.1м²; Прихожая 4.18м²; Санузел 9.59м²; Хранение 8.17м²; Терраса 21.84м²,2026\Планировки\Юра\6МД Жилой дом КРП В3.pdf (стр.1)
6мд жилой дом крп в3_260428_105932,,планировка,1,114.8,93.0,"гостиная:1, кухня:1, прихожая:2, санузел:2, спальня:2, терраса:1",Спальня 11.64м²; Спальня 11.09м²; Гостиная 38.45м²; Кухня 4.76м²; Санузел 5.1м²; Санузел 4.18м²; Прихожая 9.59м²; Холл 8.17м²; Терраса 21.84м²,С рабочего стола Юры (бывш Аркадий)\6МД Жилой дом КРП В3_260428_105932.pdf (стр.1)
6мд ивановка,в1,планировка,1,136.8,83.4,"кухня:1, прихожая:1, спальня:4, терраса:1",Спальня 10.65м²; Спальня 9.59м²; Спальня 7.17м²; Спальня 6.52м²; Холл 10.23м²; Кухня-столовая 39.27м²; Терраса 53.39м²,2026\Планировки\Юра\6МД Ивановка В1.pdf (стр.1)
6мд ивановка,в2,планировка,1,66.1,66.1,"гостиная:1, кухня:1, прихожая:1, санузел:2, спальня:1",Спальня 10.31м²; Кухня 9.21м²; Гостиная 18.4м²; Холл 5.53м²; Техническая комната 5.57м²; Мастерская 4.54м²; Санузел 6.83м²; Санузел 5.74м²,2026\Планировки\Юра\6МД Ивановка В2.pdf (стр.1)
6мд ивановка,в3,планировка,1,92.0,92.0,спальня:10,Спальня 9.2м²; Спальня 9.2м²; Спальня 9.2м²; Спальня 9.2м²; Спальня 9.2м²; Спальня 9.2м²; Спальня 9.2м²; Спальня 9.2м²; Спальня 9.2м²; Спальня 9.2м²,2026\Планировки\Юра\6МД Ивановка В3.pdf (стр.1)
6мд ивановка,в4,планировка,1,199.6,199.6,"гостиная:1, кухня:1, прихожая:1, санузел:1, спальня:3",гостиная 49.73м²; кухня 9.21м²; холл 9.46м²; санузел 5.76м²; спальня 14.7м²; спальня 89.1м²; спальня 21.6м²,2026\Планировки\Юра\6МД Ивановка В4.pdf (стр.1)
6мд ирина раздолье,в1,планировка,1,93.9,93.9,"гостиная:1, прихожая:1, санузел:2, спальня:3",Спальная 17.78м²; Кухня-Гостиная 36.08м²; Прихожая 3.45м²; Спальная 10.04м²; Спальная 10.04м²; С/У 4.07м²; Тех помещение-Кладовая 4.5м²; Кладовая 2.16м²; Порядок 2.33м²; С/У 3.49м²,2026\Планировки\Юра\6МД Ирина Раздолье В1.pdf (стр.1)
6мд ирина раздолье,в10,планировка,1,126.6,86.9,"гостиная:1, прихожая:2, санузел:2, спальня:3, терраса:1",Кухня-Гостиная 30.93м²; Прихожая 4.21м²; Спальня 9.93м²; Спальня 9.02м²; С/У 3.81м²; Кладовая 2.23м²; Кладовая 3.32м²; С/У 4.64м²; Спальня 13.34м²; Холл 5.51м²; Терраса 39.7м²,2026\Планировки\Юра\6МД Ирина Раздолье В10.pdf (стр.1)
6мд ирина раздолье,в11,планировка,1,126.6,86.9,"гостиная:1, прихожая:2, санузел:2, спальня:3, терраса:1",Кухня-Гостиная 30.93м²; Прихожая 4.21м²; Спальня 9.93м²; Спальня 9.02м²; С/У 3.81м²; Кладовая 2.23м²; Кладовая 3.32м²; С/У 4.64м²; Спальня 13.34м²; Холл 5.51м²; Терраса 39.7м²,2026\Планировки\Юра\6МД Ирина Раздолье В11.pdf (стр.1)
6мд ирина раздолье,в2,планировка,1,96.4,74.7,"гостиная:1, детская:2, прихожая:2, санузел:1, спальня:1, терраса:2",Детская 7.75м²; Детская 8.81м²; Кухня-Гостиная 31.82м²; Холл 4.21м²; Прихожая 4.53м²; С/У 4.11м²; Кладовая 1.96м²; Спальня 11.47м²; Терраса 3.76м²; Терраса 18.0м²,2026\Планировки\Юра\6МД Ирина Раздолье В2.pdf (стр.1)
6мд ирина раздолье,в3,планировка,1,110.5,81.2,"гостиная:1, детская:2, прихожая:1, санузел:2, сауна:1, спальня:1, терраса:3",1 детская 8.47м²; 2 детская 8.09м²; 3 кухня-гостиная 31.04м²; 4 прихожая-холл 9.92м²; 5 спальня 9.94м²; 6 парная 3.67м²; 7 с/у 4.75м²; 8 с/у-тех помещение 3.25м²; 9 кладовая 2.03м²; 10 терраса 7.0м²; 11 крытая терраса 18.0м²; 12 терраса 4.33м²,2026\Планировки\Юра\6МД Ирина Раздолье В3.pdf (стр.1)
6мд ирина раздолье,в4,планировка,1,106.1,76.8,"гостиная:1, детская:2, прихожая:1, санузел:1, сауна:1, спальня:1, терраса:3",Детская 8.09м²; Детская 8.47м²; Кухня-Гостиная 31.04м²; Прихожая-Холл 9.92м²; Спальная 10.43м²; С/У-Тех. Помещение 3.25м²; Кладовая 2.03м²; Парная 3.54м²; Терраса 7.0м²; Крытая Терраса 18.0м²; Терраса 4.33м²,2026\Планировки\Юра\6МД Ирина Раздолье В4.pdf (стр.1)
6мд ирина раздолье,в5,планировка,1,106.1,76.8,"гостиная:1, детская:2, прихожая:1, санузел:1, сауна:1, спальня:1, терраса:3",Детская 8.09м²; Детская 8.47м²; Кухня-Гостиная 31.04м²; Прихожая-Холл 9.92м²; Спальная 10.43м²; С/У-Тех. Помещение 3.25м²; Кладовая 2.03м²; Парная 3.54м²; Терраса 7.0м²; Крытая Терраса 18.0м²; Терраса 4.33м²,2026\Планировки\Юра\6МД Ирина Раздолье В5.pdf (стр.1)
6мд ирина раздолье,в6,планировка,1,99.6,77.3,"гостиная:1, детская:2, прихожая:2, санузел:1, сауна:1, спальня:1, терраса:2",Детская 8.09м²; Детская 8.47м²; Кухня-Гостиная 31.04м²; Прихожая 6.69м²; Холл 3.74м²; Спальня 10.43м²; Кладовая 2.03м²; С/У-Тех. Помещение 3.25м²; Парная 3.54м²; Терраса 4.33м²; Крытая Терраса 18.0м²,2026\Планировки\Юра\6МД Ирина Раздолье В6.pdf (стр.1)
6мд ирина раздолье,в7,планировка,1,106.6,77.3,"гостиная:1, детская:2, прихожая:2, санузел:1, сауна:1, спальня:1, терраса:3",Детская 8.09м²; Детская 8.47м²; Кухня-Гостиная 31.04м²; Прихожая 6.69м²; Холл 3.74м²; Спальня 10.43м²; Кладовая 2.03м²; С/У-Тех. Помещение 3.25м²; Парная 3.54м²; Терраса 7.0м²; Крытая Терраса 18.0м²; Терраса 4.33м²,2026\Планировки\Юра\6МД Ирина Раздолье В7.pdf (стр.1)
6мд ирина раздолье,в8,планировка,1,82.0,82.0,"детская:2, прихожая:2, санузел:2, спальня:2",Спальня 10.69м²; Спальня 29.75м²; Детская 8.86м²; Детская 10.65м²; Холл 4.13м²; Прихожая 4.73м²; Техническое помещение 4.07м²; С/У 3.88м²; С/У 5.27м²,2026\Планировки\Юра\6МД Ирина Раздолье В8.pdf (стр.1)
6мд ирина раздолье,в9,планировка,1,126.6,86.9,"гостиная:1, прихожая:2, санузел:2, спальня:3, терраса:1",Кухня-Гостиная 30.93м²; Прихожая 4.21м²; Спальня 9.93м²; Спальня 9.02м²; С/У 3.81м²; Кладовая 2.23м²; Кладовая 3.32м²; С/У 4.64м²; Спальная 13.34м²; Холл 5.51м²; Терраса 39.7м²,2026\Планировки\Юра\6МД Ирина Раздолье В9.pdf (стр.1)
6мд лесное озеро a,,планировка,1,141.0,101.0,"гостиная:1, прихожая:2, санузел:2, спальня:3, терраса:1",Кухня-Гостиная 39.69м²; Прихожая 3.51м²; Спальня 10.77м²; Спальня 10.77м²; Холл 4.38м²; С/У 3.3м²; Кладовая 2.26м²; Тех. Помещение 3.77м²; С/У 5.07м²; Спальня 17.5м²; Терраса 39.95м²,2025\Дома\6МД Лесное Озеро\6МД Лесное Озеро A.pdf (стр.1)
6мд лесное озеро изменено открывание двери,,планировка,1,95.0,95.0,"гостиная:1, кухня:1, прихожая:1, санузел:1, спальня:3",спальня 1 17.9м²; спальня 2 10.77м²; спальня 3 10.77м²; гостиная 29.1м²; кухня 10.7м²; прихожая 3.51м²; кладовая 4.45м²; санузел 4.0м²; техническое помещение 2.25м²; откидное 1.6м²,2025\Дома\6МД Лесное Озеро\6МД Лесное озеро изменено открывание двери.pdf (стр.1)
6мд набросок,,планировка,1,0.0,0.0,"гостиная:1, кухня:1, санузел:1, спальня:1",спальня; ванная; кухня; гостиная,2025\Дома\6МД Набросок\6МД Набросок.pdf (стр.1)
6мд ранта 100,в1,планировка,1,111.0,81.3,"гостиная:1, прихожая:2, санузел:1, сауна:1, спальня:3, терраса:1",1 Спальня 9.21м²; 2 Спальня 11.54м²; 3 Спальня 9.69м²; 4 Кухня-Гостиная 31.27м²; 5 Гардероб 2.17м²; 6 Прихожая 3.24м²; 7 Тех. помещение 3.13м²; 8 С/У 3.95м²; 9 Парная 3.29м²; 10 Холл 3.77м²; 11 Терраса 29.76м²,2026\Планировки\Юра\6МД Ранта 100 В1.pdf (стр.1)
6мд с тех.помещением,в1,планировка,1,97.9,97.9,"гостиная:1, кухня:1, санузел:3, спальня:1",гостиная 34.17м²; кухня 8.42м²; холодильник 5.7м²; санузел 2.03м²; гардеробная 11.6м²; коридор 4.02м²; спальня 11.6м²; ванная 5.32м²; туалет 5.14м²; прачечная 4.95м²; лестница 4.9м²,2025\Планировки\Юра\6МД С тех.помещением В1.pdf (стр.1)
6мд семейный дом (ипотека),в1,планировка,1,83.1,83.1,"гостиная:1, прихожая:2, санузел:1, спальня:3",Спальная 8.81м²; Спальная 8.09м²; Кухня-Гостиная 31.82м²; Кабинет 8.67м²; Спальная 11.78м²; Холл 3.49м²; Прихожая 4.53м²; С/У 3.96м²; Тех помещение 1.96м²,2026\Планировки\Юра\6МД Семейный дом (Ипотека) В1.pdf (стр.1)
6мд ярославль,в2,планировка,1,119.1,97.3,"гостиная:1, прихожая:2, санузел:2, спальня:3, терраса:1",Тех. помещение 7.63м²; Кухня-Гостиная 36.46м²; Холл 5.07м²; Спальная 11.07м²; Спальная 13.07м²; Спальная 11.11м²; С/У 5.04м²; С/У 1.33м²; Прихожая 6.55м²; Крыльцо 3.75м²; Терраса 18.0м²,2025\Планировки\Юра\6МД Ярославль В2.pdf (стр.1)
7,,планировка,1,52.7,34.7,терраса:1,ВХОД 3.0м²; комната 16.91м²; комната 1.85м²; комната 5.26м²; комната 7.68м²; терраса 18.0м²,Работы Валя\Аля Точка на карте\ФИНАЛИМ ПЛАНИРОВКИ\7.pdf (стр.1)
7++мд максим белоостров,в6,планировка,1,97.4,97.4,"гостиная:1, прихожая:2, санузел:2, спальня:2",Кухня-Гостинная 42.95м²; Спальная 9.11м²; Прихожая 5.48м²; Бойлерная 6.09м²; С/У 4.12м²; Кладовая 3.72м²; Кабинет 6.87м²; С/У 4.99м²; Гардеробная 2.63м²; Холл 1.76м²; Спальная 9.69м²,2025\Планировки\Для Василия\7++МД Максим Белоостров В6.pdf (стр.1)
7++мд максим белоостров в5-1,,планировка,1,136.2,97.4,"гостиная:1, прихожая:2, санузел:2, спальня:2, терраса:1",Кухня-Гостиная 42.95м²; Спальня 9.11м²; Прихожая 5.48м²; Бойлерная 6.09м²; С/У 4.12м²; Кладовая 3.72м²; Кабинет 6.87м²; С/У 4.99м²; Гардеробная 2.63м²; Холл 1.76м²; Спальня 9.69м²; Терраса 38.75м²,2025\Планировки\Для Василия\7++МД Максим Белоостров В5-1.pdf (стр.1)
7++мд максим белоостров в5-2,,планировка,1,136.2,97.4,"гостиная:1, прихожая:2, санузел:2, спальня:2, терраса:1",Кухня-Гостинная 42.95м²; Спальня 9.11м²; Прихожая 5.48м²; Бойлерная 6.09м²; С/У 4.12м²; Кладовая 3.72м²; Кабинет 6.87м²; С/У 4.99м²; Гардеробная 2.63м²; Холл 1.76м²; Спальня 9.69м²; Терраса 38.75м²,2025\Планировки\Для Василия\7++МД Максим Белоостров В5-2.pdf (стр.1)
7++мд максим белоостров в6-2,,планировка,1,136.2,97.4,"гостиная:1, прихожая:2, санузел:2, спальня:2, терраса:1",Кухня-Гостинная 42.95м²; Спальня 9.11м²; Прихожая 5.48м²; Бойлерная 6.09м²; С/У 4.12м²; Кладовая 3.72м²; Кабинет 6.87м²; С/У 4.99м²; Гардеробная 2.63м²; Холл 1.76м²; Спальня 9.69м²; Терраса 38.75м²,2025\Планировки\Для Василия\7++МД Максим Белоостров В6-2.pdf (стр.1)
7+2 модуля планировка нью парадайс,,планировка,2,408.6,408.6,"гостиная:2, кухня:2, прихожая:2, санузел:18, спальня:4",Гостиная 69.6м²; Спальня 12.54м²; Спальня 12.54м²; Кухня 48.5м²; Холл 6.45м²; Санузел 3.84м²; Санузел 4.54м²; Санузел 5.39м²; Санузел 5.45м²; Санузел 6.3м²; Санузел 3.68м²; Санузел 5.65м²; Санузел 13.53м²; Санузел 6.27м²; Гостиная 69.6м²; Спальня 12.54м²; Спальня 12.54м²; Кухня 48.5м²; Холл 6.45м²; Санузел 3.84м²; Санузел 4.54м²; Санузел 5.39м²; Санузел 5.45м²; Санузел 6.3м²; Санузел 3.68м²; Санузел 5.65м²; Санузел 13.53м²; Санузел 6.27м²,2024\Прадайз\Нью парадайс\27 сентября\7+2 модуля Планировка Нью Парадайс.pdf (стр.1) | Работы Валя\Нью парадайс\27 сентября\7+2 модуля Планировка Нью Парадайс.pdf (стр.1)
7_плюс_мд,в3,планировка,1,120.6,120.6,"гостиная:1, прихожая:2, санузел:2, спальня:1",Кухня-Гостиная 32.83м²; Холл 12.71м²; Тех. Помещение 7.12м²; Спальная-Гардеробная 27.71м²; С/У 10.47м²; С/У 4.9м²; Прихожая 8.15м²; Мастерская 16.69м²,2025\Дома\Дом с сауной\7_Плюс_МД_В3.pdf (стр.1)
7_плюс_мд,в4,планировка,1,120.6,120.6,"гостиная:1, прихожая:2, санузел:2, спальня:1",Кухня-Гостиная 32.83м²; Холл 12.71м²; Тех. Помещение 7.12м²; Спальная-Гардеробная 27.71м²; С/У 10.47м²; С/У 4.9м²; Прихожая 8.15м²; Мастерская 16.69м²,2025\Дома\Дом с сауной\7_Плюс_МД_В4.pdf (стр.1)
7_плюс_мд,в5,планировка,1,70.7,49.7,"гостиная:1, кухня:1, санузел:1, сауна:1, терраса:1",Гостиная 22.95м²; Кухня 8.51м²; Парная 7.17м²; Душевая 5.29м²; Тех.помещение 2.86м²; С/У 2.93м²; Терраса 18.0м²; Крыльцо 3.0м²,2025\Дома\Дом с сауной\7_Плюс_МД_В5.pdf (стр.1)
7_плюс_мд,в6,планировка,1,70.7,49.7,"гостиная:1, кухня:1, санузел:1, сауна:1, терраса:1",Гостиная 22.95м²; Кухня 8.51м²; Парная 7.17м²; Душевая 5.29м²; Тех.помещение 2.86м²; С/У 2.93м²; Терраса 18.0м²; Крыльцо 3.0м²,2025\Дома\Дом с сауной\7_Плюс_МД_В6.pdf (стр.1)
7мд андрей мск,в1,,1,0.0,0.0,,,2025\Планировки\Юра\7МД Андрей МСК В1.pdf (стр.1)
7мд жилой дом с сауной,в1,планировка,1,134.5,112.9,"гостиная:1, прихожая:2, санузел:2, сауна:1, спальня:3, терраса:1",Кухня-Гостиная 46.71м²; Спальня 13.83м²; Спальня 14.11м²; Спальня 11.52м²; Холл 6.48м²; С/У 1.51м²; С/У 4.92м²; Парная 4.76м²; Котельная 5.01м²; Прихожая 4.04м²; Крыльцо 3.62м²; Терраса 18.0м²,2025\Планировки\Для Василия\7МД Жилой дом с сауной В1.pdf (стр.1)
7мд жилой дом с сауной,в2,планировка,1,134.5,112.9,"гостиная:1, прихожая:2, санузел:2, сауна:1, спальня:3, терраса:1",Кухня-Гостиная 46.71м²; Спальня 13.83м²; Холл 6.48м²; С/У 1.51м²; Спальня 14.11м²; Спальня 11.52м²; С/У 4.92м²; Парная 4.76м²; Котельная 5.01м²; Прихожая 4.04м²; Крыльцо 3.62м²; Терраса 18.0м²,2025\Планировки\Для Василия\7МД Жилой дом с сауной В2.pdf (стр.1)
7мд жилой дом с сауной,в3,планировка,1,149.0,112.7,"гостиная:1, прихожая:2, санузел:2, сауна:1, спальня:3, терраса:1",Кухня-Гостиная 46.71м²; Спальня 13.72м²; Спальня 13.73м²; Спальня 11.52м²; Холл 6.48м²; С/У 1.82м²; С/У 4.92м²; Парная 4.76м²; Котельная 5.01м²; Прихожая 4.04м²; Крыльцо 9.32м²; Терраса 26.98м²,2025\Планировки\Для Василия\7МД Жилой дом с сауной В3.pdf (стр.1)
7мд ирина,в1,планировка,1,107.2,81.1,"гостиная:1, прихожая:1, санузел:1, сауна:1, спальня:2, терраса:1",Кухня-Гостиная 29.32м²; Парная 4.22м²; Душевая 4.66м²; С/У 2.47м²; Спальня 10.91м²; Спальная 12.87м²; Прихожая 11.48м²; Гардеробная 5.21м²; Терраса 26.04м²,2026\Планировки\Юра\7МД Ирина В1.pdf (стр.1)
7мд ирина,в3,планировка,1,84.5,63.1,"гостиная:1, прихожая:1, санузел:1, сауна:1, спальня:1, терраса:1",Кухня-Гостиная 26.16м²; Спальная 10.17м²; Тех.Помещение 4.79м²; С/У 5.88м²; Парная 3.12м²; Прихожая 5.1м²; Кабинет 7.91м²; Крыльцо 3.36м²; Терраса 18.0м²,2026\Планировки\Юра\7МД Ирина В3.pdf (стр.1)
7мд ирина раздолье,в1,планировка,1,109.4,109.4,"гостиная:1, прихожая:3, санузел:1, спальня:4",1 Спальня 17.78м²; 2 Кухня-Гостиная 34.87м²; 3 Прихожая 3.45м²; 4 Спальная 10.04м²; 5 Спальня 10.04м²; 6 Спальня 15.94м²; 7 Душевая 1.69м²; 8 Санузел 2.4м²; 9 Прихожая 2.4м²; 10 Техническое помещение-Кладовая 4.5м²; 11 Холл 6.32м²,2026\Планировки\Юра\7МД Ирина Раздолье В1.pdf (стр.1)
7мд ирина раздолье,в2,планировка,1,107.8,93.2,"гостиная:1, детская:2, прихожая:1, санузел:2, сауна:1, спальня:1, терраса:1",Терраса 11.64м²; Спальная 10.97м²; Гардеробная 3.05м²; С/У 3.74м²; Детская 10.03м²; Детская 8.86м²; Кухня-Гостиная 33.83м²; Парная 4.71м²; С/У 6.44м²; Прихожая 5.4м²; Тех. Помещение 6.14м²; Крыльцо 3.0м²,2026\Планировки\Юра\7МД Ирина Раздолье В2.pdf (стр.1)
7мд ирина раздолье,в3,планировка,1,107.8,93.2,"гостиная:1, детская:2, прихожая:1, санузел:2, сауна:1, спальня:1, терраса:1",Терраса 11.64м²; Спальная 10.97м²; Гардеробная 3.05м²; Кухня-Гостиная 33.83м²; Парная 4.71м²; С/У 6.44м²; Прихожая 5.4м²; Детская 8.86м²; Детская 10.03м²; С/У 3.74м²; Тех. Помещение 6.14м²; Крыльцо 3.0м²,2026\Планировки\Юра\7МД Ирина Раздолье В3.pdf (стр.1)
7мд мск победоносец,в2,планировка,1,141.2,117.5,"детская:2, прихожая:4, санузел:2, терраса:1",Детская 1 16.12м²; Детская 2 13.92м²; Холл 4.42м²; С/У 4.37м²; Тех. Помещение 5.87м²; Прихожая 5.63м²; Прихожая 43.54м²; Гардеробная 6.58м²; С/У 3.55м²; Прихожая 13.48м²; Крыльцо 6.29м²; Терраса 17.46м²,2026\Планировки\Юра\7МД МСК Победоносец В2.pdf (стр.1)
7мд мск победоносец,в3,планировка,1,141.2,117.5,"детская:2, прихожая:4, санузел:2, терраса:1",Детская 1 16.12м²; Детская 2 13.92м²; Холл 4.42м²; С/У 4.37м²; Тех. Помещение 5.87м²; Прихожая 5.63м²; Прихожая 43.54м²; Гардеробная 6.58м²; С/У 3.55м²; Прихожая 13.48м²; Крыльцо 6.29м²; Терраса 17.46м²,2026\Планировки\Юра\7МД МСК Победоносец В3.pdf (стр.1)
7мд мск победоносец,в4,планировка,1,141.2,117.5,"детская:2, прихожая:3, санузел:1, спальня:2, терраса:1",Детская 1 16.12м²; Детская 2 13.92м²; Холл 4.42м²; С/У 4.37м²; Тех. Помещение 5.87м²; Прихожая 5.63м²; Прихожая 43.54м²; Гардеробная 6.58м²; Спальня 3.55м²; Спальная 13.48м²; Крыльцо 6.29м²; Терраса 17.46м²,2026\Планировки\Юра\7МД МСК Победоносец В4.pdf (стр.1)
8,,планировка,1,53.8,53.8,"гостиная:1, прихожая:1, санузел:1, спальня:2",спальня 8.9м²; кухня-гостиная 17.5м²; спальня 18.0м²; ванная 3.15м²; коридор 3.25м²; прихожая 3.0м²,Работы Валя\Аля Точка на карте\ФИНАЛИМ ПЛАНИРОВКИ\8.pdf (стр.1)
8 модулей,в1,планировка,1,178.8,133.0,"гостиная:1, прихожая:1, санузел:3, спальня:4, терраса:1",Кухня-Гостиная 52.81м²; Спальная 10.7м²; Спальная 11.55м²; Спальная 11.91м²; Спальная 12.15м²; Прихожая 5.62м²; Коридор 6.6м²; С/у 5.92м²; С/у 5.09м²; С/у 2.49м²; Кладовая 4.83м²; Тамбур 3.3м²; Терраса 45.81м²,2025\Дома\8 Модулей\8 Модулей В1.pdf (стр.1)
8 модулей,в2,планировка,1,178.8,133.0,"гостиная:1, прихожая:1, санузел:3, спальня:4, терраса:1",Кухня-Гостиная 52.81м²; Спальная 10.7м²; Спальная 11.55м²; Спальная 11.91м²; Спальная 12.15м²; Прихожая 5.62м²; Коридор 6.6м²; С/у 5.92м²; С/у 5.09м²; С/у 2.49м²; Кладовая 4.83м²; Тамбур 3.3м²; Терраса 45.81м²,2025\Дома\8 Модулей\8 Модулей В2.pdf (стр.1)
8+мд максим белоостров набросок,в1,планировка,1,0.0,0.0,"кухня:1, прихожая:1, санузел:1, спальня:1",спальня; кухня; столовая; ванная; прихожая,2025\Планировки\Для Василия\8+МД Максим Белоостров Набросок В1.pdf (стр.1)
8мд ирина раздолье,в1,планировка,1,158.6,105.6,"гостиная:1, детская:3, прихожая:2, санузел:2, спальня:1, терраса:3",1 Детская 1 9.97м²; 2 Детская 2 11.52м²; 3 Детская 3 9.97м²; 4 Кухня-Гостиная 34.91м²; 5 Прихожая 5.81м²; 6 Спальня 9.31м²; 7 Гардеробная 5.13м²; 8 С/У 3.74м²; 9 Порница 5.18м²; 10 С/У 4.72м²; 11 Тех. Помещение 2.68м²; 12 Холл 2.69м²; 13 Открытая терраса 18.01м²; 14 Крытая терраса 18.0м²; 15 Открытая терраса 16.95м²,2026\Планировки\Юра\8МД Ирина Раздолье В1.pdf (стр.1)
8мд ирина раздолье,в2,планировка,1,115.8,93.1,"гостиная:1, детская:3, прихожая:1, санузел:1, спальня:1, терраса:1",Кухня-Гостиная 33.83м²; Детская 10.47м²; Спальная 11.57м²; Гардеробная 3.02м²; С/У 3.74м²; Детская 10.03м²; Детская 8.86м²; Прихожая 5.4м²; Тех. Помещение 6.14м²; Веранда 4.71м²; Крытая терраса 18.0м²,2026\Планировки\Юра\8МД Ирина Раздолье В2.pdf (стр.1)
8мд мск победоносец,в1,планировка,1,136.2,114.0,"гостиная:1, детская:2, прихожая:2, санузел:2, спальня:1, терраса:1",Детская 1 14.16м²; Детская 2 13.95м²; Холл 3.39м²; С/У 4.37м²; Тех помещение 5.71м²; Прихожая 5.49м²; Кухня-Гостиная 43.96м²; Гардеробная 6.18м²; С/У 3.95м²; Мастер-Спальня 12.88м²; Крыльцо 5.58м²; Терраса 16.57м²,2026\Планировки\Юра\8МД МСК Победоносец В1.pdf (стр.1)
9 + мд максим белоостров,в10,планировка,1,153.0,114.0,"гостиная:1, прихожая:2, санузел:2, спальня:2, терраса:1",Кухня-Гостиная 45.72м²; Спальня 9.25м²; Прихожая 5.5м²; Бойлерная 6.25м²; С/У 4.12м²; Кладовая 3.72м²; Кабинет 11.18м²; С/У 6.23м²; Гардеробная 4.29м²; Холл 2.45м²; Спальня 15.31м²; Терраса 38.97м²,2025\Планировки\Юра\9 + МД Максим Белоостров В10.pdf (стр.1)
9 + мд максим белоостров,в11,планировка,1,146.8,107.8,"гостиная:1, прихожая:2, санузел:1, спальня:2, терраса:1",Кухня-Гостиная 45.72м²; Спальня 9.25м²; Прихожая 5.5м²; Бойлерная 6.25м²; С/У 4.12м²; Кладовая 3.72м²; Кабинет 11.18м²; Гардеробная 4.29м²; Холл 2.45м²; Спальня 15.31м²; Терраса 38.97м²,2025\Планировки\Юра\9 + МД Максим Белоостров В11.pdf (стр.1)
9 + мд максим белоостров,в12,планировка,1,153.0,114.0,"гостиная:1, прихожая:2, санузел:2, спальня:2, терраса:1",Кухня-Гостиная 45.72м²; Спальня 9.25м²; Прихожая 5.5м²; Бойлерная 6.25м²; С/У 4.12м²; Кладовая 3.72м²; Кабинет 11.18м²; С/У 6.23м²; Гардеробная 4.29м²; Холл 2.45м²; Спальня 15.31м²; Терраса 38.97м²,2025\Планировки\Юра\9 + МД Максим Белоостров В12.pdf (стр.1)
9 + мд максим белоостров,в13,планировка,1,153.0,114.0,"гостиная:1, прихожая:2, санузел:2, спальня:2, терраса:1",Кухня-Гостиная 45.72м²; Спальня 9.25м²; Прихожая 5.5м²; Бойлерная 6.25м²; С/У 4.12м²; Кладовая 3.72м²; Кабинет 11.18м²; С/У 6.23м²; Гардеробная 4.29м²; Холл 2.45м²; Спальня 15.31м²; Терраса 38.97м²,2025\Планировки\Юра\9 + МД Максим Белоостров В13.pdf (стр.1)
9 + мд максим белоостров,в14,планировка,2,293.5,215.6,"гостиная:2, прихожая:4, санузел:2, спальня:4, терраса:2",Кухня-Гостиная 45.72м²; Спальня 9.25м²; Прихожая 5.5м²; Бойлерная 6.25м²; С/У 4.12м²; Кладовая 3.72м²; Кабинет 11.18м²; Гардеробная 4.29м²; Холл 2.45м²; Спальня 15.31м²; Терраса 38.97м²; Кухня-Гостиная 45.72м²; Спальня 9.25м²; Прихожая 5.5м²; Бойлерная 6.25м²; С/У 4.12м²; Кладовая 3.72м²; Кабинет 11.18м²; Гардеробная 4.29м²; Холл 2.45м²; Спальня 15.31м²; Терраса 38.97м²,2025\Дома\9МД + Максим Белоостров\9 + МД Максим Белоостров В14.pdf (стр.1) | 2025\Планировки\Юра\9 + МД Максим Белоостров В14.pdf (стр.1)
9 + мд максим белоостров,в7,планировка,1,146.3,107.6,"гостиная:1, прихожая:2, санузел:1, спальня:2, терраса:1",Кухня-Гостиная 43.47м²; Спальня 9.3м²; Прихожая 5.5м²; Бойлерная 6.2м²; Кладовая 3.72м²; Кабинет 11.18м²; С/У 6.26м²; Гардеробная 4.29м²; Холл 2.4м²; Спальня 15.31м²; Терраса 38.64м²,2025\Планировки\Для Василия\9 + МД Максим Белоостров В7.pdf (стр.1)
9 + мд максим белоостров,в8,планировка,1,107.2,107.2,"гостиная:1, прихожая:2, санузел:1, спальня:2",Кухня-Гостиная 45.15м²; Спальня 9.25м²; Прихожая 5.5м²; Бойлерная 6.25м²; С/У 4.12м²; Кладовая 3.72м²; Кабинет 11.18м²; Гардеробная 4.29м²; Холл 2.45м²; Спальня 15.31м²,2025\Планировки\Юра\9 + МД Максим Белоостров В8.pdf (стр.1)
9 + мд максим белоостров,в9,планировка,1,107.8,107.8,"гостиная:1, прихожая:2, санузел:1, спальня:2",Кухня-Гостиная 45.72м²; Спальня 9.25м²; Прихожая 5.5м²; Бойлерная 6.25м²; С/У 4.12м²; Кладовая 3.72м²; Кабинет 11.18м²; Гардеробная 4.29м²; Холл 2.45м²; Спальня 15.31м²,2025\Планировки\Юра\9 + МД Максим Белоостров В9.pdf (стр.1)
9 + мд максим белоостров в13[1],,планировка,1,153.0,114.0,"гостиная:1, прихожая:2, санузел:2, спальня:2, терраса:1",Кухня-Гостиная 45.72м²; Спальня 9.25м²; Прихожая 5.5м²; Бойлерная 6.25м²; С/У 4.12м²; Кладовая 3.72м²; Кабинет 11.18м²; С/У 6.23м²; Гардеробная 4.29м²; Холл 2.45м²; Спальня 15.31м²; Терраса 38.97м²,Белоостров 9мд\9 + МД Максим Белоостров В13[1].pdf (стр.1)
9 + мд максим белоостров в7 с размерами стен,,планировка,1,146.3,107.6,"гостиная:1, прихожая:2, санузел:1, спальня:2, терраса:1",Кухня-Гостиная 43.47м²; Спальня 9.3м²; Прихожая 5.5м²; Бойлерная 6.2м²; Кладовая 3.72м²; Кабинет 11.18м²; С/У 6.26м²; Гардеробная 4.29м²; Холл 2.4м²; Спальня 15.31м²; Терраса 38.64м²,2025\Планировки\Для Василия\9 + МД Максим Белоостров В7 с размерами стен.pdf (стр.1)
9 + мд максим белоостров размер плиты,,планировка,1,0.0,0.0,,,2025\Планировки\Юра\9 + МД Максим Белоостров размер плиты.pdf (стр.1)
9мд вишневское размеры,,планировка,1,0.0,0.0,,,2025\Дома\Вищневское озеро 9МД и остальное\Согласованная планировка\9МД Вишневское Размеры.pdf (стр.1)
9мд охта-парк,в1,планировка,1,134.1,134.1,"гостиная:1, прихожая:2, санузел:1, сауна:1, спальня:2",Кухня-Гостиная 50.55м²; Кабинет 7.0м²; Прихожая 5.22м²; Холл 11.12м²; С/У 3.28м²; Тех Помещение 5.95м²; Сауна 3.16м²; Спаленка 14.48м²; Гардеробная 8.63м²; Спальня 12.33м²; Спальня 12.33м²,2025\Планировки\Юра\9МД Охта-Парк В1.pdf (стр.1)
9мд охта-парк,в2,планировка,1,143.1,143.1,"гостиная:1, прихожая:2, санузел:2, сауна:1, спальня:3",Кухня-Гостиная 50.55м²; Кабинет 7.0м²; Прихожая 5.22м²; Холл 11.12м²; С/У 3.28м²; Тех Помещение 5.95м²; С/У 9.03м²; Сауна 3.16м²; Спальня 14.48м²; Гардеробная 8.63м²; Спальня 12.33м²; Спальня 12.33м²,2025\Планировки\Юра\9МД Охта-Парк В2.pdf (стр.1)
9мд ярославль,в1,планировка,1,118.3,97.3,"гостиная:1, прихожая:2, санузел:2, спальня:3, терраса:1",Тех. помещение 7.63м²; Кухня-Гостиная 36.46м²; Холл 5.07м²; Спальная 11.07м²; Спальная 13.07м²; Спальная 11.11м²; С/У 5.04м²; С/У 1.33м²; Прихожая 6.55м²; Крыльцо 3.0м²; Терраса 18.0м²,2025\Планировки\Юра\9МД Ярославль В1.pdf (стр.1)
9мд ярославль,в2,планировка,1,119.1,97.3,"гостиная:1, прихожая:2, санузел:2, спальня:3, терраса:1",Тех. помещение 7.63м²; Кухня-Гостиная 36.46м²; Холл 5.07м²; Спальная 11.07м²; Спальная 13.07м²; Спальная 11.11м²; С/У 5.04м²; С/У 1.33м²; Прихожая 6.55м²; Крыльцо 3.75м²; Терраса 18.0м²,2025\Планировки\Юра\9МД Ярославль В2.pdf (стр.1)
lampi +терраса,в2,планировка,1,14.8,14.8,,комната 8.4м²; комната 4.0м²; комната 2.38м²,Планировки\Lampi +терраса в2.pdf (стр.1)
lampi +террасы,,планировка,1,14.8,14.8,,комната 8.4м²; комната 4.0м²; комната 2.38м²,Планировки\Lampi +террасы.pdf (стр.1)
lampi +террасы на гп,,планировка,1,0.0,0.0,,,Планировки\Lampi +террасы на ГП.pdf (стр.1)
lampi 11,,планировка,1,10.9,10.9,,комната 6.43м²; комната 4.43м²,Планировки\Lampi 11.pdf (стр.1)
lampi 555,,планировка,1,14.0,14.0,"кухня:1, санузел:1",кухня 4.43м²; коридор 2.0м²; санузел 7.6м²,Планировки\ньки\Lampi 555.pdf (стр.1)
lampi l байкал,в1,планировка,1,19.8,19.8,,комната 5.81м²; комната 2.55м²; комната 11.43м²,Планировки\RANTA\LAMPI L Байкал в1.pdf (стр.1)
lampi l токсово,в1,планировка,1,19.5,19.5,,комната 11.34м²; комната 1.1м²; комната 1.6м²; комната 5.5м²,Планировки\Собрать проект 2\Lampi L Токсово в1.pdf (стр.1)
lampi l токсово,в2,планировка,1,19.5,19.5,санузел:1,коридор 11.34м²; санузел 1.1м²; кладовая 1.6м²; лестница 5.5м²,Планировки\Собрать проект\Lampi L Токсово в2.pdf (стр.1)
lampi l токсово,в3,планировка,1,19.4,19.4,"кухня:1, санузел:1",коридор 11.34м²; санузел 1.1м²; кухня 1.6м²; лестница 5.35м²,Планировки\Собрать проект\Lampi L Токсово в3.pdf (стр.1)
lampi m байкал,в1,планировка,1,14.5,14.5,,комната 7.18м²; комната 2.13м²; комната 1.2м²; комната 3.95м²,Планировки\Собрать проект\Lampi M Байкал в1.pdf (стр.1)
lampi m лахденпохья,,планировка,1,14.4,14.4,,комната 8.35м²; комната 3.86м²; комната 2.23м²,Планировки\Обновленные\Lampi M Лахденпохья.pdf (стр.1)
lampi m лахденпохья,в2,планировка,1,14.8,14.8,,комната 5.35м²; комната 2.43м²; комната 7.0м²,Планировки\Обновленные\Lampi M Лахденпохья в2.pdf (стр.1)
lampi m лахденпохья,в4,планировка,1,14.8,14.8,,комната 5.35м²; комната 2.43м²; комната 7.0м²,Планировки\Lampi M Лахденпохья в4.pdf (стр.1)
lampi m+ бриллиант,,планировка,1,16.7,16.7,,комната 10.16м²; комната 1.98м²; комната 4.58м²,Планировки\Обновленные\Lampi M+ Бриллиант.pdf (стр.1)
lampi m+ бриллиант,в2,планировка,1,16.7,16.7,,комната 10.16м²; комната 1.98м²; комната 4.58м²,Планировки\Обновленные\Lampi M+ Бриллиант в2.pdf (стр.1)
lampi m+ бриллиант,в3,планировка,1,16.7,16.7,,комната 10.16м²; комната 1.98м²; комната 4.58м²,Планировки\Обновленные\Lampi M+ Бриллиант в3.pdf (стр.1)
lampi m1,,планировка,2,28.5,28.5,"гостиная:1, кухня:1, санузел:2",туалет 7.6м²; коридор 2.0м²; комната 4.9м²; кухня 4.43м²; санузел 2.0м²; гостиная 7.6м²,Планировки\Lampi M1.pdf (стр.1) | Планировки\ньки\Lampi M1.pdf (стр.1)
lampi m1 2024,,планировка,1,14.6,14.6,,не указано 7.31м²; не указано 2.68м²; не указано 4.58м²,Планировки\Lampi M1 2024.pdf (стр.1)
lampi m1 l,,планировка,1,12.5,12.5,,комната 8.46м²; комната 4.01м²,Планировки\Lampi 4\Lampi M1 L.pdf (стр.1)
lampi m1 r,,планировка,1,14.9,14.9,,комната 2.38м²; комната 4.01м²; комната 8.46м²,Планировки\Lampi 4\Lampi M1 R.pdf (стр.1)
lampi m1 с террасой,,планировка,1,35.3,14.9,"кухня:1, терраса:1",терраса 20.49м²; комната 8.46м²; лестница 4.01м²; кухня 2.38м²,Планировки\Собрать проект\Lampi M1 с террасой.pdf (стр.1)
lampi m1 с террасой 2,,планировка,1,33.0,12.5,терраса:1,терраса 20.49м²; комната 8.46м²; комната 4.01м²,Планировки\Собрать проект\Lampi M1 с террасой 2.pdf (стр.1)
lampi m1 с террасой 4,,планировка,1,38.9,12.5,терраса:1,терраса 26.38м²; комната 8.46м²; комната 4.01м²,Планировки\Собрать проект\Lampi M1 с террасой 4.pdf (стр.1)
lampi m2,,планировка,2,26.2,26.2,"гостиная:1, кухня:1, санузел:1",гостиная 8.1м²; кухня 3.9м²; ванная 8.1м²; коридор 2.2м²; комната 3.9м²,Планировки\Lampi M2.pdf (стр.1) | Планировки\ньки\Lampi M2.pdf (стр.1)
lampi m2 l,,планировка,1,10.0,10.0,,БОЙЛЕР 1.95м²; не указано 8.05м²,Планировки\Lampi 4\Lampi M2 L.pdf (стр.1)
lampi m2 r,,планировка,1,14.6,14.6,,не указано 4.55м²; не указано 1.95м²; не указано 8.05м²,Планировки\Lampi 4\Lampi M2 R.pdf (стр.1)
lampi m3,,планировка,2,28.0,28.0,"кухня:1, санузел:2",санузел 7.6м²; коридор 2.0м²; комната 4.43м²; кухня 4.43м²; коридор 2.54м²; санузел 7.0м²,Планировки\Lampi M3.pdf (стр.1) | Планировки\ньки\Lampi M3.pdf (стр.1)
lampi m3,в1,планировка,2,29.1,29.1,,комната 8.37м²; комната 2.38м²; комната 3.8м²; комната 8.37м²; комната 2.38м²; комната 3.8м²,Загрузки Валя\Lampi M3 в1.pdf (стр.1) | Работы Валя\Карповы\Lampi M3 в1.pdf (стр.1)
lampi m3,в2,планировка,1,14.6,14.6,,комната 8.37м²; комната 2.38м²; комната 3.8м²,Планировки\Lampi M3 в2.pdf (стр.1)
lampi m3,в3,планировка,1,14.5,14.5,,комната 2.38м²; комната 3.8м²; комната 8.3м²,Планировки\Lampi M3 в3.pdf (стр.1)
lampi m3,в4,планировка,1,14.5,14.5,,комната 2.38м²; комната 3.8м²; комната 8.3м²,Планировки\Lampi M3 в4.pdf (стр.1)
lampi m3 l,,планировка,1,10.2,10.2,,БОЙЛЕР 2.5м²; не указано 7.65м²,Планировки\Lampi 4\Lampi M3 L.pdf (стр.1)
lampi m3 r,,планировка,1,14.7,14.7,,БОЙЛЕР 2.5м²; неизвестно 4.55м²; неизвестно 7.65м²,Планировки\Lampi 4\Lampi M3 R.pdf (стр.1)
lampi m4,,планировка,1,14.4,14.4,,комната 10.0м²; комната 4.43м²,Планировки\ньки\Lampi M4.pdf (стр.1)
lampi m4 l,,планировка,1,14.8,14.8,,комната 7.7м²; комната 5.5м²; комната 1.6м²,Планировки\Lampi 4\Lampi M4 L.pdf (стр.1)
lampi m4 r,,планировка,1,14.8,14.8,,комната 7.7м²; комната 5.5м²; комната 1.6м²,Планировки\Lampi 4\Lampi M4 R.pdf (стр.1)
lampi m5,,планировка,1,14.0,14.0,санузел:1,санузел 7.6м²; коридор 2.0м²; комната 4.43м²,Планировки\ньки\Lampi M5.pdf (стр.1)
lampi premium 2.1,,планировка,1,15.5,15.5,"кухня:1, санузел:1",ванная 8.86м²; коридор 2.45м²; кухня 4.17м²,Планировки\Lampi premium 2.1.pdf (стр.1)
lampi premium рязань,в1,планировка,1,23.1,23.1,,не указано 9.18м²; не указано 7.0м²; не указано 4.44м²; не указано 2.45м²,Планировки\Обновленные\Lampi Premium Рязань в1.pdf (стр.1)
lampi premium рязань,в2,планировка,1,16.1,16.1,,комната 4.44м²; комната 9.18м²; комната 2.45м²,Планировки\Обновленные\Lampi Premium Рязань в2.pdf (стр.1)
lampi premium рязань,в3,планировка,1,16.1,16.1,,комната 4.44м²; комната 9.18м²; комната 2.45м²,Планировки\Обновленные\Lampi Premium Рязань в3.pdf (стр.1)
lampi s1,,планировка,1,15.0,15.0,"кухня:1, санузел:1",жилая комната 8.3м²; кухня 4.15м²; санузел 2.5м²,Планировки\ньки\Lampi S1.pdf (стр.1)
lampi u1,,планировка,1,14.2,14.2,,Velvex BIO 40 1.13м²; неизвестно 2.43м²; неизвестно 5.88м²; неизвестно 4.74м²,Планировки\Lampi 4\Lampi U1.pdf (стр.1)
lampi u2,,планировка,1,14.2,14.2,санузел:1,коридор 5.71м²; санузел 1.4м²; комната 2.75м²; комната 4.33м²,Планировки\Lampi 4\Lampi U2.pdf (стр.1)
lampi xl 1,,планировка,1,21.2,21.2,"кухня:1, санузел:2",ванная 11.66м²; туалет 1.74м²; коридор 2.78м²; кухня 5.0м²,Планировки\RANTA\LAMPI XL 1.pdf (стр.1)
lampi вельск,,планировка,1,14.5,14.5,,комната 7.64м²; комната 1.98м²; комната 3.91м²; комната 1.0м²,Планировки\Lampi 4\Lampi Вельск.pdf (стр.1)
lampi зеленая роща,в3,планировка,1,14.7,14.7,,не указано 8.36м²; не указано 2.38м²; не указано 4.01м²,Загрузки Валя\Lampi Зелёная роща в3.pdf (стр.1)
lampi зеленая роща в производство,,планировка,1,14.7,14.7,,комната 8.36м²; комната 2.38м²; комната 4.01м²,Планировки\Собрать проект\Lampi Зелёная Роща в производство.pdf (стр.1)
lampi зеленая роща в3 (1),,планировка,1,14.7,14.7,,не указано 8.36м²; не указано 2.38м²; не указано 4.01м²,Загрузки Валя\Lampi Зелёная роща в3 (1).pdf (стр.1)
lampi зеленая роща в3 (2),,планировка,1,14.7,14.7,,не указано 8.36м²; не указано 2.38м²; не указано 4.01м²,Загрузки Валя\Lampi Зелёная роща в3 (2).pdf (стр.1)
lampi зеленая роща в3 (3),,планировка,1,14.7,14.7,,не указано 8.36м²; не указано 2.38м²; не указано 4.01м²,Загрузки Валя\Lampi Зелёная роща в3 (3).pdf (стр.1)
lampi зеленая роща в3 (4),,планировка,1,14.7,14.7,,не указано 8.36м²; не указано 2.38м²; не указано 4.01м²,Загрузки Валя\Lampi Зелёная роща в3 (4).pdf (стр.1)
lampi на топосъемке,,планировка,1,0.0,0.0,,веранда,Планировки\Lampi на топосъёмке.pdf (стр.1)
lampi пятиречье,,планировка,1,14.6,14.6,,комната 8.4м²; комната 2.38м²; комната 3.82м²,Планировки\Lampi Пятиречье.pdf (стр.1)
lampi пятиречье,в3,планировка,1,14.6,14.6,,комната 8.4м²; комната 2.38м²; комната 3.82м²,Планировки\Lampi Пятиречье в3.pdf (стр.1)
lampi рязань,в1,планировка,1,14.7,14.7,,комната 8.3м²; комната 4.01м²; комната 2.38м²,Планировки\Lampi Рязань в1.pdf (стр.1)
lampi рязань,в2,планировка,1,14.7,14.7,,БОМПЕР 50м 1.6м²; не указано 7.55м²; не указано 5.5м²,Планировки\Lampi Рязань в2.pdf (стр.1)
lampi рязань в2 (1),,планировка,1,14.7,14.7,,БОМПЕР 50м 1.6м²; не указано 7.55м²; не указано 5.5м²,Загрузки Валя\Lampi Рязань в2 (1).pdf (стр.1)
lampi рязань в2 (2),,планировка,1,14.7,14.7,,БОМПЕР 50м 1.6м²; комната 7.55м²; комната 5.5м²,Загрузки Валя\Lampi Рязань в2 (2).pdf (стр.1)
lampi рязань итоговая,,планировка,1,13.0,13.0,,ПОМЕЩЕНИЕ 7.5м²; ПОМЕЩЕНИЕ 5.5м²,Планировки\Lampi 4\Lampi Рязань итоговая.pdf (стр.1)
lamppi m4v2,в1,планировка,1,0.0,0.0,,,2025\Планировки\Для Василия\LAMPPI M4V2 В1.pdf (стр.1)
lamppi m5 в1 (выставочная),,планировка,1,13.4,13.4,,комната 6.81м²; комната 2.06м²; комната 4.55м²,2025\Планировки\Юра\Lamppi M5 В1 (выставочная).pdf (стр.1)
lamppi m5 в2 (выставочная),,планировка,1,14.4,14.4,санузел:1,комната 6.81м²; санузел 0.98м²; коридор 2.06м²; комната 4.55м²,2025\Планировки\Юра\Lamppi M5 В2 (выставочная).pdf (стр.1)
lovepdf,,планировка,1,49.1,49.1,"гостиная:1, прихожая:1, санузел:1, спальня:1",Спальня 11.8м²; Кухня-гостиная 25.0м²; Прихожая 6.19м²; Санузел 6.1м²,2026\Планировки\lovepdf.pdf (стр.1)
niemi 21,,планировка,1,16.1,16.1,санузел:1,комната 10.9м²; ванная 3.0м²; коридор 2.16м²,Планировки\NIEMI\NIEMI 21.pdf (стр.1)
niemi 21+,,планировка,1,18.2,18.2,,Второй свет 10.9м²; Второй свет 7.33м²,Планировки\NIEMI\NIEMI 21+.pdf (стр.1)
niemi 27,,планировка,1,21.8,21.8,"санузел:1, спальня:1",спальня 14.99м²; ванная 4.62м²; коридор 2.16м²,Планировки\NIEMI\NIEMI 27.pdf (стр.1)
niemi 30,,планировка,1,24.8,24.8,"санузел:1, спальня:1",спальня 17.06м²; ванная 4.62м²; коридор 3.16м²,Планировки\NIEMI\NIEMI 30.pdf (стр.1)
nv ,,другое,1,0.0,0.0,,,Планировки\Собрать проект 2\NV .pdf (стр.1)
plan #5066852 2025-03-18 13.47,,планировка,3,71.9,71.9,,комната 5.27м²; комната 2.69м²; комната 5.24м²; комната 24.12м²; комната 15.84м²; комната 18.78м²,Планировки\Артем\Plan #5066852 2025-03-18 13.47.pdf (стр.1) | Планировки\Артем\Plan #5066852 2025-03-18 13.47.pdf (стр.2) | Планировки\Артем\Plan #5066852 2025-03-18 13.47.pdf (стр.3)
plan #5350125 2025-04-16 10.27,,планировка,1,63.3,63.3,"гостиная:1, кухня:1, санузел:2, спальня:1",гостиная 37.7м²; спальня 10.15м²; кухня 6.72м²; ванная 4.95м²; туалет 3.81м²,2025\Планировки\Юра\1604\Plan #5350125 2025-04-16 10.27.pdf (стр.1)
ranta 101,,планировка,2,123.2,105.2,"гостиная:2, кухня:1, прихожая:2, санузел:3, спальня:5",спальня; кухня-гостиная; санузел; прихожая; спальня; гостиная 31.82м²; кухня 19.6м²; спальня 12.16м²; санузел 4.08м²; ванная 3.96м²; прихожая 3.0м²; коридор 4.52м²; кладовая 3.47м²; спальня 11.78м²; спальня 10.8м²; балкон 18.0м²,Планировки\RANTA\RANTA 101.pdf (стр.1) | Планировки\Собрать проект\RANTA 101.pdf (стр.1)
ranta 101,в1,планировка,1,73.7,73.7,"гостиная:1, прихожая:2, санузел:2, спальня:2",С/У 4.08м²; Спальня 12.16м²; Кухня-Гостиная 30.0м²; Холл 3.47м²; Спальня 11.78м²; С/У 3.96м²; Прихожая 4.52м²; Тех Помещение 3.69м²,2025\Планировки\Юра\Ranta 101 В1.pdf (стр.1)
ranta 101,в10,планировка,1,126.6,71.0,"гостиная:1, прихожая:2, санузел:2, спальня:2, терраса:3",Тех. Помещение 4.67м²; Спальня 11.83м²; Кухня-Гостиная 29.98м²; Спальня 8.82м²; Холл 3.47м²; Крыльцо 3.0м²; С/У 4.1м²; Прихожая 4.52м²; С/У 3.59м²; Открытая терраса 30.7м²; Крытая терраса 18.0м²; Открытая терраса 3.91м²,2025\Планировки\Юра\Ranta 101 В10.pdf (стр.1)
ranta 101,в2,планировка,1,164.0,78.5,"гостиная:1, прихожая:2, санузел:1, спальня:3, терраса:3",С/У 4.08м²; Спальня 12.16м²; Кухня-Гостиная 30.0м²; Спальня 8.82м²; Холл 3.47м²; Спальня 11.78м²; Прихожая 4.52м²; Тех. Помещение 3.69м²; Крыльцо 4.32м²; Терраса 53.33м²; Крытая терраса 18.0м²; Открытая терраса 9.78м²,2025\Планировки\Юра\Ranta 101 В2.pdf (стр.1)
ranta 101,в4,планировка,1,157.5,78.2,"гостиная:1, прихожая:2, санузел:1, спальня:3, терраса:3",С/У 4.41м²; Спальня 11.71м²; Кухня-Гостиная 30.0м²; Спальня 8.82м²; Холл 3.47м²; Спальня 11.62м²; Крыльцо 4.32м²; Открытая терраса 47.18м²; Крытая терраса 18.0м²; Открытая терраса 9.78м²; Прихожая 4.52м²; Тех помещение 3.69м²,2025\Планировки\Юра\Ranta 101 В4.pdf (стр.1)
ranta 101,в5,планировка,1,87.0,82.7,"гостиная:1, прихожая:2, санузел:2, спальня:3",С/У 4.55м²; Спальня 11.83м²; Кухня-Гостиная 29.98м²; Спальня 8.82м²; Холл 3.47м²; Спальня 11.71м²; Крыльцо 4.32м²; С/У 4.1м²; Прихожая 4.52м²; Тех. помещение 3.71м²,2025\Планировки\Юра\Ranta 101 В5.pdf (стр.1)
ranta 101,в6,планировка,1,87.0,82.7,"гостиная:1, прихожая:2, санузел:1, спальня:3",Тех. Помещение 4.67м²; Спальня 11.83м²; Кухня-Гостиная 29.98м²; Спальня 8.82м²; Холл 3.47м²; Спальня 11.71м²; Крыльцо 4.32м²; С/У 4.1м²; Прихожая 4.52м²; E/U 3.59м²,2025\Планировки\Юра\Ranta 101 В6.pdf (стр.1)
ranta 101,в7,планировка,1,138.1,58.8,"гостиная:1, прихожая:1, спальня:2, терраса:3",Тех. Помещение 4.67м²; Спальня 11.83м²; Кухня-Гостиная 29.98м²; Спальня 8.82м²; Холл 3.47м²; Крыльцо 4.32м²; Открытая терраса 47.18м²; Крытая терраса 18.0м²; Открытая терраса 9.78м²,2025\Планировки\Юра\Ranta 101 В7.pdf (стр.1)
ranta 101,в8,планировка,1,75.3,71.0,"гостиная:1, прихожая:2, санузел:1, спальня:2",Тех. Помещение 4.67м²; Спальня 11.83м²; Кухня-Гостиная 29.98м²; Спальня 8.82м²; Холл 3.47м²; Крыльцо 4.32м²; С/У 4.1м²; Прихожая 4.52м²; E/U 3.59м²,2025\Планировки\Юра\Ranta 101 В8.pdf (стр.1)
ranta 101,в9,планировка,1,75.3,71.0,"гостиная:1, прихожая:2, санузел:1, спальня:2",Тех. Помещение 4.67м²; Спальня 11.83м²; Кухня-Гостиная 29.98м²; Спальня 8.82м²; Холл 3.47м²; Крыльцо 4.32м²; С/У 4.1м²; Прихожая 4.52м²; E/U 3.59м²,2025\Планировки\Юра\Ranta 101 В9.pdf (стр.1)
ranta 101 без камина,,планировка,1,92.1,92.1,"кухня:1, прихожая:1, санузел:2, спальня:3",спальня 18.0м²; спальня 12.16м²; кухня-столовая 31.82м²; ванная 4.08м²; туалет 1.96м²; коридор 3.47м²; прихожая 8.82м²; спальня 11.78м²,2025\Планировки\Юра\Ranta 101 без камина.pdf (стр.1)
ranta 101 в11(ф),,планировка,1,114.4,58.8,"гостиная:1, прихожая:1, спальня:2, терраса:3",Тех. Помещение 4.67м²; Спальня 11.83м²; Кухня-Гостиная 29.98м²; Спальня 8.82м²; Холл 3.47м²; Крыльцо 3.0м²; Открытая терраса 30.7м²; Крытая терраса 18.0м²; Открытая терраса 3.91м²,2025\Планировки\Юра\Ranta 101 В11(Ф).pdf (стр.1)
ranta 101 в12 (в договор),,планировка,1,126.1,70.5,"гостиная:1, прихожая:1, спальня:3, терраса:3",Тех. Помещение 4.67м²; Спальня 11.83м²; Кухня-Гостиная 29.98м²; Спальня 8.82м²; Холл 3.47м²; Спальня 11.71м²; Крыльцо 3.0м²; Открытая терраса 30.7м²; Крытая терраса 18.0м²; Открытая терраса 3.91м²,2025\Планировки\Юра\Ranta 101 В12 (в договор).pdf (стр.1)
ranta 101+,в3,планировка,1,166.3,87.1,"гостиная:1, прихожая:2, санузел:2, спальня:3, терраса:3",Тех. помещение 4.81м²; Спальня 12.16м²; Кухня-Гостиная 30.0м²; Спальня 8.82м²; Холл 3.47м²; Спальня 11.15м²; Гардеробная 4.86м²; С/У 3.96м²; Прихожая 4.52м²; С/У 3.32м²; Крыльцо 4.32м²; Открытая терраса 47.18м²; Крытая терраса 18.0м²; Открытая терраса 9.78м²,2025\Планировки\Юра\Ranta 101+В3.pdf (стр.1)
ranta 107,,планировка,2,120.7,120.7,"гостиная:2, прихожая:1, санузел:3, спальня:3",спальня; кухня-гостиная; ванная; гардеробная; спальня 18.0м²; кухня-гостиная 31.82м²; санузел 4.25м²; прихожая 3.16м²; коридор 13.96м²; ванная 12.0м²; спальня 11.78м²; гардеробная 8.82м²; кабинет 3.47м²; прачечная 1.96м²; кладовая 4.52м²; лестничная клетка 3.96м²; лестница 3.0м²,Планировки\RANTA\RANTA 107.pdf (стр.1) | Планировки\Собрать проект\RANTA 107.pdf (стр.1)
ranta 121,,планировка,1,0.0,0.0,"гостиная:1, кухня:1, санузел:1, спальня:2",кухня-столовая; гостиная; спальня; спальня; ванная,Планировки\RANTA\RANTA 121.pdf (стр.1)
ranta 68,,планировка,1,0.0,0.0,"кухня:1, санузел:2, спальня:1",кухня-столовая; спальня; санузел; ванная,Планировки\RANTA\RANTA 68.pdf (стр.1)
ranta 68 снетки l,в1,планировка,1,73.1,73.1,"кухня:1, прихожая:1, санузел:2, спальня:1",спальня 18.0м²; кухня-столовая 24.0м²; коридор 11.59м²; ванная комната 3.74м²; туалет 3.21м²; кладовая 1.96м²; прихожая 10.55м²,Планировки\RANTA\RANTA 68 Снетки L  в1.pdf (стр.1)
ranta 68 снетки r,в1,планировка,1,73.1,55.1,"гостиная:1, прихожая:1, санузел:1, спальня:1",спальня 11.59м²; кухня-гостиная 24.0м²; санузел 3.74м²; коридор 3.21м²; кладовая 1.96м²; прихожая 10.55м²; балкон 18.0м²,Планировки\RANTA\RANTA 68 Снетки R  в1.pdf (стр.1)
ranta 81,,планировка,1,85.8,85.8,"гостиная:1, кухня:1, санузел:2, спальня:1",гостиная 18.0м²; кухня 31.82м²; санузел 1.96м²; коридор 8.82м²; спальня 11.78м²; ванная 7.52м²; ПМ 1.96м²; СТМ 3.96м²,Планировки\RANTA\RANTA 81.pdf (стр.1)
ranta 81.2,,планировка,1,87.5,87.5,"гостиная:1, кухня:1, прихожая:1, санузел:1, спальня:1",гостиная 18.0м²; кухня-столовая 31.53м²; спальня 11.78м²; санузел 7.52м²; прихожая 8.82м²; коридор 3.47м²; ПМ 1.96м²; СТМ 1.42м²; кладовая 3.0м²,Планировки\RANTA\RANTA 81.2.pdf (стр.1)
ranta 88,,планировка,2,167.6,167.6,"гостиная:1, кухня:2, прихожая:1, санузел:4, спальня:4",ПИМ Х 7.17м²; кухня 9.02м²; ванная 3.64м²; коридор 3.0м²; гостиная 25.17м²; спальня 13.96м²; санузел 3.16м²; кладовая 4.25м²; спальня 18.0м²; кухня-столовая 25.17м²; санузел 7.19м²; прихожая 8.4м²; спальня 11.59м²; спальня 10.19м²; ванная 9.05м²; коридор 4.94м²; кладовая 3.71м²,Планировки\RANTA\RANTA 88.pdf (стр.1) | Планировки\Собрать проект\RANTA 88.pdf (стр.1)
ranta 88 гатчина,в1,планировка,1,71.4,71.4,"кухня:1, санузел:2",ПМХ 6.71м²; кухня 24.42м²; комната 11.17м²; комната 10.19м²; комната 9.61м²; санузел 2.79м²; ванная 3.23м²; коридор 3.31м²,Планировки\RANTA\RANTA 88 Гатчина в1.pdf (стр.1)
ranta 88 снетки,в1,планировка,1,82.9,64.9,"гостиная:1, прихожая:1, санузел:2, спальня:2, терраса:1",спальня 11.59м²; спальня 10.55м²; кухня-гостиная 24.42м²; санузел 3.31м²; санузел 3.23м²; коридор 2.79м²; прихожая 9.05м²; терраса 18.0м²,Планировки\RANTA\RANTA 88 Снетки в1.pdf (стр.1)
ranta 88 снетки в1 (1),,планировка,1,82.9,64.9,"гостиная:1, прихожая:1, санузел:2, спальня:2, терраса:1",спальня 11.59м²; спальня 10.55м²; кухня-гостиная 24.42м²; санузел 3.31м²; санузел 3.23м²; коридор 2.79м²; прихожая 9.05м²; терраса 18.0м²,Загрузки Валя\RANTA 88 Снетки в1 (1).pdf (стр.1)
ranta 88.2,в1,планировка,1,85.8,85.8,"кухня:1, прихожая:1, санузел:2, спальня:1",спальня 18.0м²; кухня 7.19м²; столовая 24.42м²; ванная 3.23м²; туалет 2.79м²; коридор 8.4м²; прихожая 11.59м²; гардеробная 10.19м²,Планировки\RANTA\RANTA 88.2 в1.pdf (стр.1)
ranta 94,,планировка,1,108.0,108.0,"гостиная:1, кухня:1, прихожая:1, санузел:2, спальня:3",гостиная 24.42м²; кухня 5.64м²; санузел 4.06м²; прихожая 9.92м²; спальня 18.0м²; спальня 11.59м²; спальня 10.55м²; коридор 3.31м²; кладовая 3.0м²; санузел 3.23м²; кладовая 2.79м²; кладовая 11.51м²,Планировки\RANTA\RANTA 94.pdf (стр.1)
ranta101 с котельной (16м3),,планировка,1,111.5,111.5,"гостиная:1, кухня:1, прихожая:1, санузел:2, спальня:2",гостиная 18.0м²; спальня 10.5м²; кухня-столовая 31.82м²; ванная 8.82м²; туалет 3.47м²; прихожая 10.8м²; спальня 11.78м²; коридор 5.83м²; ПМ 1.96м²; кладовая 4.52м²; гардеробная 3.96м²,2025\Планировки\Юра\RANTA101 с котельной (16м3).pdf (стр.1)
ranta101 с котельной (16м3),в2,планировка,1,102.8,102.8,"гостиная:1, кухня:1, прихожая:1, санузел:2, спальня:1",гостиная 18.0м²; спальня 10.5м²; кухня-столовая 31.82м²; ванная 8.1м²; туалет 3.37м²; коридор 12.23м²; прихожая 4.82м²; ПМ 1.96м²; кладовая 3.23м²; кладовая 3.0м²; кладовая 5.8м²,2025\Планировки\Юра\RANTA101 с котельной (16м3)В2.pdf (стр.1)
veradom 4мд - проектная документация (изм 13.02.26),,"планировка, спецификация",3,62.7,59.7,"гостиная:1, прихожая:1, санузел:1, спальня:2",Прихожая 2.34м²; Санузел 4.17м²; Спальня 12.11м²; Кухня-гостиная 24.41м²; Спальня 12.19м²; Гардероб 4.47м²; крыльцо 3.0м²,Veradom 4мд\Veradom 4мд - Проектная документация (изм 13.02.26).pdf (стр.1) | Veradom 4мд\Veradom 4мд - Проектная документация (изм 13.02.26).pdf (стр.2) | Veradom 4мд\Veradom 4мд - Проектная документация (изм 13.02.26).pdf (стр.3)
veradom 4мд - проектная документация (изм 27.02.26),,"планировка, спецификация, фасад",3,62.7,59.7,"гостиная:1, прихожая:1, санузел:1, спальня:2",Прихожая 2.34м²; Санузел 4.17м²; Спальня 12.11м²; Кухня-гостиная 24.41м²; Спальня 12.19м²; Гардероб 4.47м²; крыльцо 3.0м²,2026\ДОМА\VeraDom\Veradom 4мд - Проектная документация (изм 27.02.26).pdf (стр.1) | 2026\ДОМА\VeraDom\Veradom 4мд - Проектная документация (изм 27.02.26).pdf (стр.2) | 2026\ДОМА\VeraDom\Veradom 4мд - Проектная документация (изм 27.02.26).pdf (стр.3)
агалатово планировка,,планировка,1,32.9,32.9,санузел:1,с/у 4.1м²; Жилая комната 28.8м²,Работы Валя\Дима\Агалатово планировка.pdf (стр.1)
агалатово планировка на печать,,планировка,1,0.0,0.0,,,Работы Валя\Дима\Агалатово планировка на печать.pdf (стр.1)
агалатово планировка прачечной и склада 2,,планировка,2,242.3,204.5,"кухня:1, прихожая:2, спальня:7, терраса:2",Терраса снаружи 18.9м²; Холл помещения 6.7м²; Коридор 18.4м²; Спальня 15.0м²; Коридор для камин 7.2м²; Кухня 9.2м²; Спальня 4.4м²; Спальня 4.4м²; Терраса снаружи 18.9м²; Холл помещения 6.7м²; Коридор 18.4м²; Спальня 15.0м²; Спальня 9.2м²; Спальня 4.4м²; Спальня 4.4м²; Коридор для камин 7.2м²; Коридор 14.0м²; Коридор 14.0м²; Коридор 18.4м²; Коридор снаружи и вход раздвоены 27.5м²,Работы Валя\Дима\Агалатово планировка прачечной и склада 2.pdf (стр.1) | Работы Валя\Лосево\Агалатово планировка прачечной и склада 2.pdf (стр.1)
агалатово электрика (1),,планировка,1,0.0,0.0,,,2024\Прадайз\Нью парадайс\Агалатово электрика (1).pdf (стр.1)
акватория,в1,планировка,1,73.1,55.1,"гостиная:1, санузел:1, спальня:1, терраса:1",спальня 11.37м²; гардеробная 5.25м²; кухня-гостиная 32.42м²; санузел 6.1м²; терраса 18.0м²,Планировки\Акватория в1.pdf (стр.1)
акватория,в2,планировка,1,69.6,69.6,"гостиная:1, прихожая:1, санузел:1, спальня:1",кухня-гостиная 37.49м²; спальня 9.23м²; ванная 5.9м²; коридор 9.27м²; гардеробная 4.68м²; прихожая 3.0м²,Планировки\Собрать проект 2\Акватория в2.pdf (стр.1)
акватория,в3,планировка,1,95.5,77.5,"гостиная:1, кухня:1, санузел:1, терраса:1",гостиная 39.82м²; кухня 9.35м²; санузел 6.1м²; комната 10.6м²; комната 5.33м²; комната 6.3м²; терраса 18.0м²,Планировки\Собрать проект 2\Акватория в3.pdf (стр.1)
акватория ,,планировка,1,0.0,0.0,,,Планировки\RANTA\Акватория .pdf (стр.1)
александра 5мд вариант 1,в2,планировка,1,93.6,60.5,"гостиная:1, прихожая:1, санузел:1, спальня:1, терраса:1",Кабинет 10.88м²; Кухня-Гостиная 29.45м²; Спальная 10.43м²; С/У 4.69м²; Прихожая 5.06м²; Крыльцо 6.08м²; Терраса 26.98м²,2025\Планировки\Юра\Александра 5МД Вариант 1 В2.pdf (стр.1)
александра 5мд вариант 2,в1,планировка,1,98.8,65.7,"гостиная:1, прихожая:1, санузел:1, спальня:1, терраса:1",Кабинет 10.88м²; Кухня-Гостиная 29.45м²; Спальня 10.43м²; Гардеробная 5.21м²; С/У 4.69м²; Прихожая 5.06м²; Крыльцо 6.08м²; Терраса 26.98м²,2025\Планировки\Юра\Александра 5МД Вариант 2 В1.pdf (стр.1)
александра 5мд вариант 2,в2,,1,0.0,0.0,,,2025\Планировки\Юра\Александра 5МД Вариант 2 В2.pdf (стр.1)
аньлово в производство 3,,планировка,1,44.7,44.7,"гостиная:1, кухня:1",ПМ 20.92м²; СТМ 3.5м²; ВОШНР 3.8м²; Кухня 6.36м²; Гостиная 10.1м²,Планировки\Обновленные\Аньлово в производство 3.pdf (стр.1)
аньчлоао освещение,,планировка,1,0.0,0.0,,,Планировки\Аньчлоао Освещение.pdf (стр.1)
аньялово,в1,планировка,1,41.4,41.4,"гостиная:1, санузел:1, спальня:1",кухня-гостиная 21.56м²; спальня 10.17м²; ванная 3.94м²; коридор 2.77м²; лестница 3.0м²,Работы Валя\АКОП\Аньялово в1.pdf (стр.1)
аньялово в приозводство итог,,планировка,1,50.8,50.8,"гостиная:1, кухня:1, санузел:1",ПМ 20.92м²; СТМ 3.8м²; ВОХОД 6.3м²; Кухня 10.1м²; Гостиная 3.5м²; Санузел 3.13м²; Коридор 3.0м²,Планировки\Обновленные\Аньялово в приозводство итог.pdf (стр.1)
аньялово в приозводство итог 2,,планировка,1,47.7,47.7,"кухня:1, прихожая:1, санузел:1",ПМ 20.92м²; СТМ 3.5м²; ВОШНР 3.8м²; Кухня 10.1м²; Санузел 6.36м²; Холл 3.0м²,Планировки\Обновленные\Аньялово в приозводство итог 2.pdf (стр.1)
аньялово в производство,в1,планировка,1,47.6,47.6,"кухня:1, санузел:1, спальня:1",кухня-столовая 20.92м²; спальня 10.1м²; ванная 3.5м²; гардеробная 3.8м²; коридор 6.3м²; лестница 3.0м²,Планировки\Аньялово в производство в1.pdf (стр.1)
аньялово свет исправлено,,планировка,1,0.0,0.0,,,Планировки\Аньялово свет исправлено.pdf (стр.1)
аньялово электрика,,планировка,1,0.0,0.0,,,Планировки\Аньялово электрика.pdf (стр.1)
архитектурные решения к проекту 2.33.1,,другое,1,0.0,0.0,,,Планировки\Собрать проект 2\Архитектурные решения к проекту 2.33.1.pdf (стр.1)
архитектурные решения к проекту 3.54.2,,"другое, планировка",3,81.0,54.0,"кухня:1, прихожая:2, санузел:2, спальня:2, терраса:1",ГМ 3.0м²; Санузел 3.59м²; Санузел 1.2м²; Кухня-столовая 21.15м²; Холл 3.68м²; Холл 4.63м²; Спальня 7.77м²; Спальня 8.95м²; Терраса 27.0м²,Планировки\Собрать проект\Архитектурные решения к проекту 3.54.2.pdf (стр.1) | Планировки\Собрать проект\Архитектурные решения к проекту 3.54.2.pdf (стр.2) | Планировки\Собрать проект\Архитектурные решения к проекту 3.54.2.pdf (стр.3)
архитектурные решения к проекту 3.54.2 итоговые,,"другое, планировка, состав проекта",3,52.8,52.8,,ПМ 21.15м²; комната 8.95м²; комната 7.77м²; комната 3.68м²; комната 4.63м²; комната 3.0м²; комната 3.59м²,Планировки\Собрать проект\Архитектурные решения к проекту 3.54.2 итоговые.pdf (стр.1) | Планировки\Собрать проект\Архитектурные решения к проекту 3.54.2 итоговые.pdf (стр.2) | Планировки\Собрать проект\Архитектурные решения к проекту 3.54.2 итоговые.pdf (стр.3)
баброво окошки,,,1,0.0,0.0,,,Планировки\Lampi 4\Баброво Окошки.pdf (стр.1)
байкал баня,,планировка,1,0.0,0.0,"гостиная:1, кухня:1, санузел:1",кухня; санузел; коридор; гостиная,2024\Планировки\Байкал Баня.pdf (стр.1)
бакшты,,"другое, планировка",3,22.4,22.4,,комната 11.5м²; СТМ 2.35м²; ПМ 3.52м²; Х 5.06м²,Планировки\RANTA\Бакшты.pdf (стр.1) | Планировки\RANTA\Бакшты.pdf (стр.2) | Планировки\RANTA\Бакшты.pdf (стр.3)
бакшты,в1,планировка,1,70.6,70.6,"гостиная:1, кухня:1, прихожая:2, санузел:1",гостиная 31.82м²; кухня 12.44м²; санузел 3.75м²; прихожая 3.47м²; кладовая 5.65м²; лестничная клетка 2.38м²; коридор 2.04м²; холл 7.05м²; прачечная 1.97м²,Планировки\Собрать проект\Бакшты в1.pdf (стр.1)
бакшты,в10,планировка,1,76.3,76.3,"гостиная:1, кухня:1, санузел:1, спальня:2",гостиная 33.27м²; кухня 6.04м²; санузел 3.52м²; спальня 11.5м²; спальня 11.0м²; коридор 11.01м²,Планировки\RANTA\Бакшты в10.pdf (стр.1)
бакшты,в11,планировка,1,83.8,83.8,"гостиная:1, кухня:1, санузел:2",гостиная 33.27м²; кухня 5.06м²; ПМХ 2.35м²; СТМ 3.52м²; комната 11.5м²; комната 11.0м²; ванная 6.04м²; ванная 11.01м²,Планировки\RANTA\Бакшты в11.pdf (стр.1)
бакшты,в4,планировка,1,87.0,87.0,"гостиная:1, кухня:1, спальня:1",гостиная 33.27м²; кухня 5.06м²; ПМ 2.35м²; СТН 3.52м²; спальня 11.5м²; комната 11.01м²; комната 5.64м²; комната 3.65м²; комната 11.0м²,Работы Валя\Эксперименты с подачей проектов\Новое лого\Бакшты в4.pdf (стр.1)
бакшты,в5,планировка,1,83.4,83.4,"гостиная:1, кухня:1, спальня:3",гостиная 33.27м²; кухня 5.06м²; ПМХ 2.35м²; СТН 3.52м²; спальня 11.5м²; спальня 11.01м²; спальня 11.0м²; коридор 5.64м²,Планировки\RANTA\Бакшты в5.pdf (стр.1)
бакшты,в6,планировка,1,81.4,77.7,"гостиная:1, кухня:1, спальня:3, терраса:1",гостиная 33.27м²; кухня 5.06м²; ПМХ 2.35м²; спальня 11.5м²; спальня 11.01м²; спальня 11.0м²; коридор 3.52м²; открытая терраса 3.65м²,Планировки\RANTA\Бакшты в6.pdf (стр.1)
бакшты,в7,планировка,1,78.7,78.7,"гостиная:1, кухня:1, санузел:1",гостиная 33.27м²; кухня 6.04м²; ПМХ 2.35м²; санузел 3.52м²; комната 11.5м²; комната 11.01м²; комната 11.0м²,Планировки\RANTA\Бакшты в7.pdf (стр.1)
бакшты,в8,планировка,1,78.7,78.7,"гостиная:1, кухня:1, санузел:1",гостиная 33.27м²; кухня 6.04м²; ПМХ 2.35м²; санузел 3.52м²; комната 11.5м²; комната 11.01м²; комната 11.0м²,Планировки\RANTA\Бакшты в8.pdf (стр.1)
бакшты,в9,планировка,1,67.7,67.7,"гостиная:1, кухня:1, санузел:1",гостиная 33.27м²; кухня 6.04м²; ПМХ 2.35м²; санузел 3.52м²; комната 11.5м²; комната 11.0м²,Планировки\RANTA\Бакшты в9.pdf (стр.1)
бакшты в10 (1),,планировка,1,76.3,76.3,"гостиная:1, кухня:1, санузел:1, спальня:1",гостиная 33.27м²; кухня 6.04м²; санузел 3.52м²; коридор 11.01м²; спальня 11.5м²; кабинет 11.0м²,Загрузки Валя\Бакшты в10 (1).pdf (стр.1)
бакшты деревянные окна,,узел,1,0.0,0.0,,,Планировки\RANTA\Бакшты деревянные окна.pdf (стр.1)
банный дом,в1,планировка,1,61.9,39.1,"санузел:1, сауна:1, терраса:1",Хозяйственное помещение 10.0м²; С/У 5.6м²; Парная 6.0м²; Комната отдыха 17.5м²; Терраса 22.78м²,2026\Планировки\Юра\Банный дом В1.pdf (стр.1)
банный дом,в2,планировка,1,61.9,39.1,"санузел:1, сауна:1, терраса:1",Хозяйственное помещение 10.0м²; С/У 5.6м²; Парная 6.0м²; Комната отдыха 17.5м²; Терраса 22.78м²,2026\Планировки\Юра\Банный дом В2.pdf (стр.1)
банный дом,в3,планировка,1,61.9,39.1,"санузел:1, сауна:1, терраса:1",Хозяйственное помещение 10.0м²; С/У 5.6м²; Парная 6.0м²; Комната отдыха 17.5м²; Терраса 22.78м²,2026\Планировки\Юра\Банный дом В3.pdf (стр.1)
банный дом,в4,планировка,1,61.9,39.1,"санузел:1, сауна:1, терраса:1",Хозяйственное помещение 10.0м²; С/У 5.6м²; Парная 6.0м²; Комната отдыха 17.5м²; Терраса 22.78м²,2026\Планировки\Юра\Банный дом В4.pdf (стр.1)
банный дом 3мд,в1,планировка,1,68.9,47.9,"гостиная:1, прихожая:1, санузел:1, сауна:1, спальня:1, терраса:1",Спальная 8.34м²; Кухня-Гостиная 20.18м²; Парная 7.73м²; Помывочная 6.52м²; Прихожая 3.41м²; С/У 1.76м²; Крыльцо 3.0м²; Терраса 18.0м²,2025\Планировки\Юра\Банный дом 3МД В1.pdf (стр.1)
банный дом 3мд,в2,планировка,1,68.9,47.9,"гостиная:1, прихожая:1, санузел:1, сауна:1, спальня:1, терраса:1",Спальная 8.34м²; Кухня-Гостиная 20.18м²; Парная 7.73м²; Помывочная 6.52м²; Прихожая 3.41м²; С/У 1.76м²; Крыльцо 3.0м²; Терраса 18.0м²,2025\Планировки\Юра\Банный дом 3МД В2.pdf (стр.1)
банный комлекс 3мд 36м2,в1,планировка,1,26.2,26.2,"гостиная:1, прихожая:1, санузел:1, сауна:1",Тех. Помещение 2.43м²; Прихожая 2.39м²; С/У 1.71м²; Гостиная-Кухня 9.67м²; Парная 5.86м²; Комната отдыха 4.17м²,2025\Планировки\Для Василия\Банный комлекс 3МД 36М2 В1.pdf (стр.1)
банный комлекс 3мд челмуши,,планировка,1,104.0,48.5,"гостиная:1, прихожая:1, санузел:1, сауна:1, спальня:1, терраса:2",Прихожая-Тех. Помещение 5.28м²; Кухня-Гостиная 21.36м²; Спальня 11.46м²; Парная 5.0м²; Предбанник 2.36м²; С/У 3.07м²; Крыльцо 3.0м²; Терраса 1 18.0м²; Терраса 2 34.5м²,2025\Дома\Челмуши Андрей\Баня 3МД Планы и фото\Банный комлекс 3МД Челмуши.pdf (стр.1)
банный комлекс 3мд челмуши,в1,планировка,1,104.0,48.5,"гостиная:1, прихожая:1, санузел:1, сауна:1, спальня:1, терраса:2",Прихожая-Тех. Помещение 5.28м²; Кухня-Гостиная 21.36м²; Спальня 11.46м²; Парная 5.0м²; Предбанник 2.36м²; С/У 3.07м²; Крыльцо 3.0м²; Терраса 1 18.0м²; Терраса 2 34.5м²,2025\Дома\Челмуши Андрей\Баня 3МД Планы и фото\Банный комлекс 3МД Челмуши В1.pdf (стр.1)
банный комлекс 3мд челмуши,в10,планировка,1,103.9,48.4,"гостиная:1, прихожая:1, санузел:1, сауна:1, спальня:1, терраса:2",Прихожая 3.24м²; Кухня-Гостиная 23.49м²; Спальня 11.18м²; Парная 4.91м²; С/У 5.61м²; Крыльцо 3.0м²; Терраса 1 34.5м²; Терраса 2 18.0м²,2025\Дома\Челмуши Андрей\Баня 3МД Планы и фото\Банный комлекс 3МД Челмуши В10.pdf (стр.1)
банный комлекс 3мд челмуши,в11,планировка,1,103.9,48.4,"гостиная:1, прихожая:1, санузел:1, сауна:1, спальня:1, терраса:2",Прихожая 3.24м²; Кухня-Гостиная 23.49м²; Спальная 11.18м²; Парная 4.91м²; С/У 5.61м²; Крыльцо 3.0м²; Терраса 1 34.5м²; Терраса 2 18.0м²,2025\Дома\Челмуши Андрей\Баня 3МД Планы и фото\Банный комлекс 3МД Челмуши В11.pdf (стр.1)
банный комлекс 3мд челмуши,в12,планировка,1,103.9,48.4,"гостиная:1, прихожая:1, санузел:1, сауна:1, спальня:1, терраса:2",Прихожая 3.24м²; Кухня-Гостиная 23.49м²; Спальная 11.18м²; Парная 4.91м²; С/У 5.61м²; Крыльцо 3.0м²; Терраса 1 34.5м²; Терраса 2 18.0м²,2025\Дома\Челмуши Андрей\Баня 3МД Планы и фото\Банный комлекс 3МД Челмуши В12.pdf (стр.1)
банный комлекс 3мд челмуши,в13,планировка,1,103.9,48.4,"гостиная:1, прихожая:1, санузел:1, сауна:1, спальня:1, терраса:2",Прихожая 3.24м²; Кухня-Гостиная 23.49м²; Спальная 11.18м²; Парная 4.91м²; С/У 5.61м²; Крыльцо 3.0м²; Терраса 1 34.5м²; Терраса 2 18.0м²,2025\Дома\Челмуши Андрей\Баня 3МД Планы и фото\Банный комлекс 3МД Челмуши В13.pdf (стр.1)
банный комлекс 3мд челмуши,в14,планировка,1,103.9,48.4,"гостиная:1, прихожая:1, санузел:1, сауна:1, спальня:1, терраса:2",Прихожая 3.24м²; Кухня-Гостиная 23.49м²; Спальная 11.18м²; Парная 4.91м²; С/У 5.61м²; Крыльцо 3.0м²; Терраса 1 34.5м²; Терраса 2 18.0м²,2025\Дома\Челмуши Андрей\Баня 3МД Планы и фото\Банный комлекс 3МД Челмуши В14.pdf (стр.1)
банный комлекс 3мд челмуши,в2,планировка,1,103.9,48.4,"гостиная:1, прихожая:1, санузел:1, сауна:1, спальня:1, терраса:2",Прихожая 3.24м²; Кухня-Гостиная 23.49м²; Спальная 11.18м²; Парная 4.91м²; С/У 5.61м²; Крыльцо 3.0м²; Терраса 1 34.5м²; Терраса 2 18.0м²,2025\Дома\Челмуши Андрей\Баня 3МД Планы и фото\Банный комлекс 3МД Челмуши В2.pdf (стр.1)
банный комлекс 3мд челмуши,в3,планировка,1,103.9,48.4,"гостиная:1, прихожая:1, санузел:1, сауна:1, спальня:1, терраса:2",Прихожая 3.24м²; Кухня-Гостиная 23.49м²; Спальная 11.18м²; Парная 4.91м²; С/У 5.61м²; Крыльцо 3.0м²; Терраса 1 34.5м²; Терраса 2 18.0м²,2025\Дома\Челмуши Андрей\Баня 3МД Планы и фото\Банный комлекс 3МД Челмуши В3.pdf (стр.1)
банный комлекс 3мд челмуши,в4,,1,0.0,0.0,,,2025\Дома\Челмуши Андрей\Баня 3МД Планы и фото\Банный комлекс 3МД Челмуши В4.pdf (стр.1)
банный комлекс 3мд челмуши,в5,планировка,1,103.9,48.4,"гостиная:1, прихожая:1, санузел:1, сауна:1, спальня:1, терраса:2",Прихожая 3.24м²; Кухня-Гостиная 23.49м²; Спальная 11.18м²; Парная 4.91м²; С/У 5.61м²; Крыльцо 3.0м²; Терраса 1 34.5м²; Терраса 2 18.0м²,2025\Дома\Челмуши Андрей\Баня 3МД Планы и фото\Банный комлекс 3МД Челмуши В5.pdf (стр.1)
банный комлекс 3мд челмуши,в6,планировка,1,103.9,48.4,"гостиная:1, прихожая:1, санузел:1, сауна:1, спальня:1, терраса:2",Прихожая 3.24м²; Кухня-Гостиная 23.49м²; Спальная 11.18м²; Парная 4.91м²; С/У 5.61м²; Крыльцо 3.0м²; Терраса 1 34.5м²; Терраса 2 18.0м²,2025\Дома\Челмуши Андрей\Баня 3МД Планы и фото\Банный комлекс 3МД Челмуши В6.pdf (стр.1)
банный комлекс 3мд челмуши,в7,планировка,1,103.9,48.4,"гостиная:1, прихожая:1, санузел:1, сауна:1, спальня:1, терраса:2",Прихожая 3.24м²; Кухня-Гостиная 23.49м²; Спальная 11.18м²; Парная 4.91м²; С/У 5.61м²; Крыльцо 3.0м²; Терраса 1 34.5м²; Терраса 2 18.0м²,2025\Дома\Челмуши Андрей\Баня 3МД Планы и фото\Банный комлекс 3МД Челмуши В7.pdf (стр.1)
банный комлекс 3мд челмуши,в8,планировка,1,103.9,48.4,"гостиная:1, прихожая:1, санузел:1, сауна:1, спальня:1, терраса:2",Прихожая 3.24м²; Кухня-Гостиная 23.49м²; Спальная 11.18м²; Парная 4.91м²; С/У 5.61м²; Крыльцо 3.0м²; Терраса 1 34.5м²; Терраса 2 18.0м²,2025\Дома\Челмуши Андрей\Баня 3МД Планы и фото\Банный комлекс 3МД Челмуши В8.pdf (стр.1)
банный комлекс 3мд челмуши,в9,планировка,1,103.9,48.4,"гостиная:1, прихожая:1, санузел:1, сауна:1, спальня:1, терраса:2",Прихожая 3.24м²; Кухня-Гостиная 23.49м²; Спальная 11.18м²; Парная 4.91м²; С/У 5.61м²; Крыльцо 3.0м²; Терраса 1 34.5м²; Терраса 2 18.0м²,2025\Дома\Челмуши Андрей\Баня 3МД Планы и фото\Банный комлекс 3МД Челмуши В9.pdf (стр.1)
банный комлекс хутор план стен,,"3D вид, узел",3,0.0,0.0,,,2025\Дома\Планировка 3МД Баня 3М Лопухинка 2\СТЕНЫ\Банный комлекс Хутор план стен.pdf (стр.1) | 2025\Дома\Планировка 3МД Баня 3М Лопухинка 2\СТЕНЫ\Банный комлекс Хутор план стен.pdf (стр.2) | 2025\Дома\Планировка 3МД Баня 3М Лопухинка 2\СТЕНЫ\Банный комлекс Хутор план стен.pdf (стр.3)
банный комлпекс мо - набросок стен,,планировка,2,0.0,0.0,,,Планировки\Артем\Банный комлпекс МО - Набросок стен.pdf (стр.1) | Планировки\Артем\Банный комлпекс МО - Набросок стен.pdf (стр.2)
банный комплекс +гриль 4мд,в1,планировка,1,73.2,52.1,"гостиная:1, прихожая:1, санузел:1, сауна:1, терраса:1",Кухня-Гостиная 21.51м²; Прихожая 7.34м²; С/У 2.28м²; Душевая 1 2.44м²; Душевая 2 2.44м²; Парная 16.05м²; Терраса 18.09м²; Крыльцо 3.0м²,2025\Планировки\Юра\Банный комплекс +Гриль 4МД В1.pdf (стр.1)
банный комплекс +гриль 4мд,в2,планировка,1,78.1,52.5,"гостиная:1, прихожая:1, санузел:1, сауна:1, терраса:1",Кухня-Гостиная 21.51м²; Прихожая 7.63м²; С/У 2.41м²; Душевая 1 2.44м²; Душевая 2 2.44м²; Парная 16.05м²; Терраса 18.09м²; Крыльцо 7.5м²,2025\Планировки\Юра\Банный комплекс +Гриль 4МД В2.pdf (стр.1)
банный комплекс 2 здн 3мд,в1,планировка,1,75.6,43.4,"гостиная:1, санузел:1, сауна:1, терраса:1",Парная 7.83м²; Комната отдыха-Душевая 6.55м²; С/У 1.08м²; Кухня-Гостиная 27.92м²; Терраса 32.17м²,2025\Планировки\Юра\Банный комплекс 2 ЗДН 3МД В1.pdf (стр.1)
банный комплекс 2 здн 3мд,в2,планировка,1,22.8,22.8,"гостиная:1, прихожая:1, санузел:1, сауна:1",Тех. Помещение 1.99м²; Прихожая 2.18м²; С/У 1.66м²; Гостиная-Кухня 8.71м²; Парная 4.47м²; Комната отдыха 3.79м²,2025\Планировки\Юра\Банный комплекс 2 ЗДН 3МД В2.pdf (стр.1)
банный комплекс 2 здн 3мд,в3,планировка,1,22.8,22.8,"гостиная:1, прихожая:1, санузел:1, сауна:1",Тех. Помещение 1.99м²; Прихожая 2.18м²; С/У 1.66м²; Гостиная-Кухня 8.71м²; Парная 4.47м²; Комната отдыха 3.79м²,2025\Планировки\Юра\Банный комплекс 2 ЗДН 3МД В3.pdf (стр.1)
банный комплекс 2 здн 3мд в3 с размерами,,планировка,1,22.8,22.8,"гостиная:1, прихожая:1, санузел:1, сауна:1",Тех. Помещение 1.99м²; Прихожая 2.18м²; С/У 1.66м²; Гостиная-Кухня 8.71м²; Парная 4.47м²; Комната отдыха 3.79м²,2025\Планировки\Юра\Банный комплекс 2 ЗДН 3МД В3 с размерами.pdf (стр.1)
баня (малышево) 2мд панорамная,в2,планировка,1,20.3,20.3,"прихожая:1, санузел:1, сауна:1",Комната отдыха 8.62м²; Прихожая 2.38м²; С/У 2.25м²; Парная 7.07м²,2025\Планировки\Для Василия\Баня 2 мд\Баня (Малышево) 2МД Панорамная В2.pdf (стр.1)
баня + модуль.pdf январь 25,,планировка,1,76.3,58.3,"гостиная:1, кухня:1, прихожая:1, санузел:2, спальня:1",гостиная 22.2м²; кухня 5.67м²; спальня 9.13м²; ванная 2.89м²; туалет 2.86м²; коридор 7.6м²; прихожая 7.92м²; балкон 18.0м²,Планировки\Lampi 4\Баня + модуль.pdf январь 25.pdf (стр.1)
баня 2м,в1,планировка,2,99.4,99.4,"гостиная:2, кухня:2, прихожая:2, санузел:2, спальня:2",гостиная 18.0м²; спальня 11.88м²; ванная 2.0м²; кухня 7.73м²; прихожая 6.52м²; кладовая 3.55м²; гостиная 18.0м²; спальня 11.88м²; ванная 2.0м²; кухня 7.73м²; коридор 6.52м²; прихожая 3.55м²,Загрузки Валя\Баня 2м в1.pdf (стр.1) | Работы Валя\База Пионерское озеро\Баня 2м в1.pdf (стр.1)
баня 2мд зеркальная,в2,планировка,1,20.4,20.4,"прихожая:1, санузел:1, сауна:1",Комната отдыха 9.02м²; Прихожая 2.03м²; С/У 2.33м²; Парная 7.07м²,2025\Бани\Баня Малышевы\Планировка согласованная\Баня 2МД Зеркальная В2.pdf (стр.1)
баня 2мд зеркальная,в3,планировка,1,20.6,20.6,"прихожая:1, санузел:1, сауна:1",Комната отдыха 9.02м²; Прихожая 2.03м²; С/У 2.46м²; Парная 7.07м²,2025\Бани\Баня Малышевы\Планировка согласованная\Баня 2МД Зеркальная В3.pdf (стр.1)
баня 2мд панорамная,в1,планировка,1,20.3,20.3,"прихожая:1, санузел:1, сауна:1",Комната отдыха 8.62м²; Прихожая 2.38м²; С/У 2.25м²; Парная 7.07м²,2025\Планировки\Для Василия\Баня 2 мд\Баня 2МД Панорамная В1.pdf (стр.1)
баня 2мд панорамная,в2,планировка,1,20.3,20.3,"прихожая:1, санузел:1, сауна:1",Комната отдыха 8.62м²; Прихожая 2.38м²; С/У 2.25м²; Парная 7.07м²,2025\Планировки\Для Василия\Баня 2 мд\Баня 2МД Панорамная В2.pdf (стр.1)
баня 2мд пристроенная,в1,планировка,1,57.4,26.5,"санузел:1, сауна:1, терраса:1",Парная 5.11м²; Коридор 1.69м²; С/У 3.01м²; Комната отдыха 16.65м²; Терраса 30.89м²,2025\Планировки\Юра\Баня 2МД Пристроенная В1.pdf (стр.1)
баня 2мд пристроенная,в2,планировка,1,57.4,26.5,"санузел:1, сауна:1, терраса:1",Парная 5.11м²; Коридор 1.69м²; С/У 3.01м²; Комната отдыха 16.65м²; Терраса 30.89м²,2025\Планировки\Юра\Баня 2МД Пристроенная В2.pdf (стр.1)
баня 3м,в1,,2,0.0,0.0,,,Загрузки Валя\Баня 3м в1.pdf (стр.1) | Работы Валя\База Пионерское озеро\Баня 3м в1.pdf (стр.1)
баня 4мд +терраса,,планировка,1,85.3,53.1,"гостиная:1, санузел:1, сауна:1, терраса:1",Парная 8.15м²; Душевые 7.57м²; Комната отдыха 4.77м²; С/У 4.63м²; Гостиная-Кухня 27.95м²; Терраса 32.27м²,2025\Бани\Баня 4МД+терраса\Баня 4МД +Терраса.pdf (стр.1)
баня l,в1,планировка,1,27.9,27.9,"прихожая:1, санузел:1, сауна:1",холл 17.01м²; сауна 3.07м²; ванная 3.81м²; откидное 4.06м²,Планировки\RANTA\Баня L в1.pdf (стр.1)
баня l,в2,планировка,1,92.0,28.0,гостиная:1,СТМ 3.07м²; МЕТОЗОН 3.81м²; отделение 4.06м²; гостиная 17.01м²; балкон 64.01м²,Планировки\RANTA\Баня L в2.pdf (стр.1)
баня l,в4,планировка,1,91.8,30.5,"кухня:1, санузел:1, спальня:1, терраса:1",ванная 3.07м²; коридор 3.81м²; кухня 6.61м²; спальня 17.01м²; терраса 61.27м²,Планировки\RANTA\Баня L в4.pdf (стр.1)
баня l 2мд,в3,планировка,1,22.4,22.4,"гостиная:1, санузел:1, сауна:1",Парная 7.75м²; Помывочная-Комната отдыха 4.35м²; С/У 2.01м²; Гостиная 8.32м²,2025\Планировки\Юра\Баня L 2МД В3.pdf (стр.1)
баня lampi l скотное,,планировка,1,19.4,19.4,,"Помещение с площадью 10,49 м2 10.49м²; Помещение с площадью 1,24 м2 1.24м²; Помещение с площадью 1,60 м2 1.6м²; Помещение с площадью 6,12 м2 6.12м²",Планировки\Обновленные\Баня Lampi L Скотное.pdf (стр.1)
баня lampi l скотное,в2,планировка,1,38.2,38.2,санузел:1,COUNTRY HOUSE 18.79м²; Раздевалка 10.49м²; Раздевалка 1.6м²; Туалет 1.24м²; Тренажерная зона 6.12м²,Планировки\Обновленные\Баня Lampi L Скотное в2.pdf (стр.1)
баня lampi финский бриз свайное поле,,планировка,1,19.9,19.9,,Парилка 5.7м²; Моечная 4.31м²; Помещение для отдыха 9.91м²,Планировки\Баня Lampi Финский Бриз свайное поле.pdf (стр.1)
баня lamppi m с террасой,,планировка,1,35.2,14.4,"сауна:1, терраса:1",Комната отдыха 7.62м²; Душевая 2.19м²; Парная 4.64м²; Терраса 20.77м²,2025\Планировки\Для Василия\Баня LAMPPI M с террасой.pdf (стр.1)
баня lamppi m2 l,в1,планировка,1,0.0,0.0,,,2026\Планировки\Юра\Баня Lamppi M2 L В1.pdf (стр.1)
баня lamppi вишневское в-ф,,планировка,1,26.4,14.1,"санузел:1, сауна:1, терраса:1",Комната отдыха 4.75м²; С/У 1.09м²; Душевая 2.35м²; Парная 5.94м²; Терраса 12.29м²,2025\Дома\Вищневское озеро 9МД и остальное\БАНЯ LAMPPI\ПЛАнировка согласованная\Баня Lamppi Вишневское В-Ф.pdf (стр.1)
баня lamppixxl+ 2мд,в1,планировка,3,81.8,81.8,"прихожая:3, санузел:3, сауна:3",Комната отдыха 15.7м²; Прихожая 2.03м²; С/У 2.46м²; Парная 7.07м²; Комната отдыха 15.7м²; Прихожая 2.03м²; С/У 2.46м²; Парная 7.07м²; Комната отдыха 15.7м²; Прихожая 2.03м²; С/У 2.46м²; Парная 7.07м²,2025\Планировки\Для Василия\Баня LamppiXXL+ 2МД В1.pdf (стр.1) | 2025\Планировки\Для Василия\Баня LamppiXXL+ 2МД В1.pdf (стр.2) | 2025\Планировки\Для Василия\Баня LamppiXXL+ 2МД В1.pdf (стр.3)
баня lamppixxl+ 2мд,в2,планировка,3,81.8,81.8,"прихожая:3, санузел:3, сауна:3",Комната отдыха 15.7м²; Прихожая 2.03м²; С/У 2.46м²; Парная 7.07м²; Комната отдыха 15.7м²; Прихожая 2.03м²; С/У 2.46м²; Парная 7.07м²; Комната отдыха 15.7м²; Прихожая 2.03м²; С/У 2.46м²; Парная 7.07м²,2025\Планировки\Для Василия\Баня LamppiXXL+ 2МД В2.pdf (стр.1) | 2025\Планировки\Для Василия\Баня LamppiXXL+ 2МД В2.pdf (стр.2) | 2025\Планировки\Для Василия\Баня LamppiXXL+ 2МД В2.pdf (стр.3)
баня lamppixxl+ 2мд(зеркальная),в3,планировка,3,54.5,54.5,"прихожая:2, санузел:2, сауна:2",Комната отдыха 15.7м²; Прихожая 2.03м²; С/У 2.46м²; Парная 7.07м²; Комната отдыха 15.7м²; Прихожая 2.03м²; С/У 2.46м²; Парная 7.07м²,2025\Планировки\Для Василия\Баня LamppiXXL+ 2МД(Зеркальная) В3.pdf (стр.1) | 2025\Планировки\Для Василия\Баня LamppiXXL+ 2МД(Зеркальная) В3.pdf (стр.2) | 2025\Планировки\Для Василия\Баня LamppiXXL+ 2МД(Зеркальная) В3.pdf (стр.3)
баня xs выставочная,в1,планировка,1,7.8,5.5,сауна:1,Парная 3.68м²; Комната отдыха 1.78м²; Крыльцо 2.35м²,2025\Планировки\Для Василия\Баня XS выставочная В1.pdf (стр.1)
баня байкал,в8,планировка,1,72.6,55.6,"гостиная:1, санузел:1, сауна:1, терраса:1",Парная 16.24м²; Помывочное помещение 8.56м²; Массажный кабинет 5.5м²; Кухня-Гостиная 16.33м²; Тамбур 7.79м²; С/У 1.21м²; Терраса 16.96м²,2024\Баня Байкал\Баня Байкал В8.pdf (стр.1)
баня байкал,в9,планировка,1,72.6,55.6,"гостиная:1, санузел:1, сауна:1, терраса:1",Парная 16.24м²; Помывочное помещение 8.56м²; Массажный кабинет 5.5м²; Кухня-Гостиная 16.33м²; Тамбур 7.79м²; С/У 1.21м²; Терраса 16.96м²,2024\Баня Байкал\Баня Байкал В9.pdf (стр.1)
баня громовское,в1,планировка,1,26.5,26.5,,комната 11.28м²; комната 5.73м²; комната 5.02м²; комната 3.09м²; комната 1.38м²,Планировки\Собрать проект\Баня Громовское в1.pdf (стр.1)
баня громовское,в3,планировка,1,28.8,28.8,,откидное 1.38м²; откидное 3.09м²; откидное 7.84м²; откидное 9.48м²; откидное 6.98м²,Планировки\Обновленные\Баня Громовское в3.pdf (стр.1)
баня громовское,в4,планировка,1,26.1,26.1,,откидное 1.38м²; откидное 3.34м²; откидное 6.43м²; откидное 9.15м²; откидное 5.78м²,Планировки\Обновленные\Баня Громовское в4.pdf (стр.1)
баня громовское,в5,планировка,1,26.1,26.1,,откидное 1.38м²; откидное 3.34м²; откидное 6.43м²; откидное 5.78м²; откидное 9.15м²,Планировки\Обновленные\Баня Громовское в5.pdf (стр.1)
баня панорамик,в1,планировка,1,20.6,20.6,,COUNTRY HOUSE; комната 7.22м²; комната 1.25м²; комната 1.21м²; комната 2.27м²; комната 8.62м²,Планировки\Собрать проект\Баня Панорамик в1.pdf (стр.1)
баня панорамик,в2,планировка,1,15.8,15.8,,Второе дыхание 7.22м²; бассейн 8.62м²,Планировки\RANTA\Баня Панорамик в2.pdf (стр.1)
баня панорамик,в3,планировка,1,15.8,15.8,,Второе дыхание 7.22м²; бассейн 8.62м²,Планировки\RANTA\Баня Панорамик в3.pdf (стр.1)
баня панорамик в1 (1),,планировка,1,20.6,20.6,,COUNTRY HOUSE; комната 7.22м²; комната 1.25м²; комната 1.21м²; комната 2.27м²; комната 8.62м²,Загрузки Валя\Баня Панорамик в1 (1).pdf (стр.1)
баня панорамик в3 (1),,планировка,1,18.3,18.3,санузел:1,Помещение с печью 7.22м²; Второе дыхание 1.25м²; Помещение с биотуалетом 1.21м²; Помещение с бассейном 8.62м²,Загрузки Валя\Баня Панорамик в3 (1).pdf (стр.1)
баня панорамик в3 (2),,планировка,1,20.6,20.6,санузел:1,Помещение с печью 7.22м²; Второе дыхание 1.25м²; Помещение с биотуалетом 1.21м²; Помещение с душем 2.27м²; Помещение с бассейном 8.62м²,Загрузки Валя\Баня Панорамик в3 (2).pdf (стр.1)
баня пески итоговая планировка,,планировка,1,19.9,19.9,,комната 5.7м²; комната 4.31м²; комната 9.91м²,Работы Валя\Карповы\Баня Пески итоговая планировка.pdf (стр.1)
баня пески итоговая планировка (1),,планировка,1,19.9,19.9,,комната 5.7м²; комната 4.31м²; комната 9.91м²,Загрузки Валя\Баня Пески итоговая планировка (1).pdf (стр.1)
баня пески итоговая планировка (2),,планировка,1,19.9,19.9,кухня:1,кухня 5.7м²; коридор 4.31м²; комната 9.91м²,Загрузки Валя\Баня Пески итоговая планировка (2).pdf (стр.1)
баня плюс спортзал,в2,планировка,1,62.2,62.2,"гостиная:1, санузел:1, сауна:1",Кухня-Гостиная 19.11м²; Парная 4.69м²; Душевая 2.21м²; С/У 1.75м²; Коридор 3.36м²; Спортзал 20.89м²; Мастерская 10.18м²,2024\Васин друг\Баня плюс спортзал В2.pdf (стр.1)
баня плюс спортзал,в3,планировка,1,62.2,62.2,"гостиная:1, санузел:1, сауна:1",Кухня-Гостиная 19.11м²; Парная 4.69м²; Душевая 2.21м²; С/У 1.75м²; Коридор 3.36м²; Спортзал 20.89м²; Мастерская 10.18м²,2024\Васин друг\Баня плюс спортзал В3.pdf (стр.1)
баня пос. им. свердлова,в1,планировка,1,14.1,14.1,сауна:1,Комната отдыха 8.15м²; Парная 3.72м²; Душевая 2.23м²,"2025\Бани\баня пос им Свердлова, КП Оранжерейка\Баня пос. им. Свердлова В1.pdf (стр.1)"
баня пос. им. сверлова,в1,планировка,1,14.1,14.1,сауна:1,Комната отдыха 8.15м²; Парная 3.72м²; Душевая 2.23м²,2024\Баня им. Свердлова\Баня пос. им. Сверлова В1.pdf (стр.1)
баня премиум 1мд,,планировка,1,0.0,0.0,,,2025\Бани\Баня Премиум 1МД\Баня Премиум 1МД.pdf (стр.1)
баня пятиречье,,"разрез, спецификация, узел",3,0.0,0.0,,,Планировки\NIEMI\Баня Пятиречье.pdf (стр.1) | Планировки\NIEMI\Баня Пятиречье.pdf (стр.2) | Планировки\NIEMI\Баня Пятиречье.pdf (стр.3)
баня скотное,в3,планировка,1,19.4,19.4,санузел:1,Помывочная 1.6м²; Туалет 1.24м²; Комната отдыха 10.49м²; Парилка 6.12м²,Планировки\RANTA\Баня Скотное в3.pdf (стр.1)
баня скотное,в4,планировка,1,19.4,19.4,"прихожая:1, санузел:1",Прихожая 10.49м²; Раздевалка 1.24м²; Туалет 1.6м²; Моечная 6.12м²,Планировки\RANTA\Баня Скотное в4.pdf (стр.1)
баня хутор - план перекрытия потолка,,"другое, планировка, узел",3,22.3,22.3,,МД1; МД2 11.37м²; МД3 10.89м²,2025\Дома\Планировка 3МД Баня 3М Лопухинка 2\ПОТОЛОК\Баня Хутор - План перекрытия потолка.pdf (стр.1) | 2025\Дома\Планировка 3МД Баня 3М Лопухинка 2\ПОТОЛОК\Баня Хутор - План перекрытия потолка.pdf (стр.2) | 2025\Дома\Планировка 3МД Баня 3М Лопухинка 2\ПОТОЛОК\Баня Хутор - План перекрытия потолка.pdf (стр.3)
баня экоозеро схема электрики на согласование,,разрез,1,12.8,12.8,,комната 8.35м²; комната 2.23м²; комната 2.23м²,Планировки\Обновленные\Баня Экоозеро схема электрики на согласование.pdf (стр.1)
"белоостров_9мд_планировочное_решение,_спецификация_окон_и_дверей",,"планировка, спецификация, фасад",3,153.0,114.0,"гостиная:1, прихожая:2, санузел:2, спальня:2, терраса:1",Кухня-Гостиная 45.72м²; Спальня 9.25м²; Прихожая 5.5м²; Бойлерная 6.25м²; С/У 4.12м²; Кладовая 3.72м²; Кабинет 11.18м²; С/У 6.23м²; Гардеробная 4.29м²; Холл 2.45м²; Спальня 15.31м²; Терраса 38.97м²,"2025\Дома\9МД + Максим Белоостров\Белоостров_9мд_Планировочное_решение,_спецификация_окон_и_дверей.pdf (стр.1) | 2025\Дома\9МД + Максим Белоостров\Белоостров_9мд_Планировочное_решение,_спецификация_окон_и_дверей.pdf (стр.2) | 2025\Дома\9МД + Максим Белоостров\Белоостров_9мд_Планировочное_решение,_спецификация_окон_и_дверей.pdf (стр.3)"
бечерман,в1,планировка,1,106.3,106.3,"гостиная:1, кухня:1, прихожая:1, санузел:2, спальня:2",гостиная 23.9м²; кухня 17.37м²; спальня 13.32м²; санузел 4.63м²; прихожая 5.9м²; лестница 3.0м²; спальня 7.75м²; санузел 3.51м²; коридор 4.09м²; гардеробная 4.86м²; ПМ 18.0м²,Планировки\Lampi 4\Бечерман в1.pdf (стр.1)
бечерман,в2,планировка,1,88.9,88.9,"гостиная:1, кухня:1, санузел:3, спальня:3",гостиная 24.0м²; кухня 9.76м²; санузел 2.1м²; ванная 3.63м²; кладовая 2.35м²; лестничная клетка 2.57м²; спальня 19.02м²; спальня 9.05м²; спальня 9.67м²; ванная 4.39м²; лестничная клетка 2.39м²,Планировки\Собрать проект\Бечерман в2.pdf (стр.1)
бечерман,в3,планировка,1,104.7,88.9,"гостиная:1, кухня:1, санузел:3, спальня:3, терраса:1",гостиная 24.0м²; кухня 9.76м²; санузел 2.1м²; ванная 3.63м²; коридор 2.35м²; лестница 2.57м²; спальня 19.02м²; терраса 15.76м²; спальня 9.05м²; спальня 9.67м²; ванная 4.39м²; гардеробная 2.39м²,Планировки\Собрать проект\Бечерман в3.pdf (стр.1)
бечерман,в4,планировка,1,83.0,83.0,"гостиная:1, кухня:1, санузел:2, спальня:3",гостиная 24.0м²; кухня 9.76м²; санузел 3.63м²; кладовая 2.1м²; спальня 18.0м²; спальня 9.05м²; спальня 9.67м²; ванная 4.39м²; коридор 2.39м²,Планировки\Собрать проект\Бечерман в4.pdf (стр.1)
бечерман,в5,планировка,1,75.2,75.2,"гостиная:1, кухня:1, санузел:2, спальня:2",гостиная 9.67м²; кухня 9.05м²; ванная 4.39м²; коридор 2.39м²; спальня 15.76м²; спальня 24.0м²; санузел 3.63м²; гардеробная 2.1м²; кабинет 4.19м²,Планировки\Собрать проект\Бечерман в5.pdf (стр.1)
бечерман в4.1,,планировка,1,85.6,85.6,"гостиная:1, кухня:1, санузел:2, спальня:3",гостиная 24.0м²; кухня 9.76м²; санузел 3.63м²; кладовая 2.1м²; лестница 2.57м²; спальня 18.0м²; спальня 9.05м²; спальня 9.67м²; ванная 4.39м²; лестница 2.39м²,Планировки\Собрать проект\Бечерман в4.1.pdf (стр.1)
блоки под баю гарден,,разрез,1,0.0,0.0,,,Планировки\ньки\блоки под баю Гарден.pdf (стр.1)
боброво,в1,планировка,1,100.5,100.5,"гостиная:1, кухня:1, прихожая:1, санузел:2, спальня:2",спальня 9.0м²; спальня 9.0м²; гостиная 18.0м²; кухня 9.08м²; ванная 10.4м²; туалет 5.0м²; коридор 23.57м²; прихожая 4.26м²; кладовая 4.92м²; лестница 7.31м²,Планировки\Боброво в1.pdf (стр.1)
боброво,в3,планировка,1,100.8,100.8,"гостиная:1, кухня:1, прихожая:1, санузел:2, спальня:2",спальня 9.0м²; спальня 9.0м²; гостиная 18.0м²; кухня 9.08м²; ванная 10.4м²; туалет 5.0м²; коридор 23.57м²; прихожая 7.31м²; кладовая 4.26м²; прачечная 5.13м²,Планировки\Боброво в3.pdf (стр.1)
боброво,в4,планировка,1,100.8,100.8,"гостиная:1, кухня:1, прихожая:1, санузел:2, спальня:2",спальня 9.0м²; спальня 9.0м²; гостиная 18.0м²; кухня 9.08м²; ванная 10.4м²; туалет 5.0м²; коридор 23.57м²; прихожая 7.31м²; кладовая 5.13м²; лестница 4.26м²,Планировки\Боброво в4.pdf (стр.1)
боброво 5мд - фасады вариант 2,,"планировка, фасад",3,0.0,0.0,"гостиная:1, кухня:1",ПМ; кухня-столовая; гостиная,2025\Дома\Александра 5МД\Планировка\Боброво 5МД - Фасады вариант 2.pdf (стр.1) | 2025\Дома\Александра 5МД\Планировка\Боброво 5МД - Фасады вариант 2.pdf (стр.2) | 2025\Дома\Александра 5МД\Планировка\Боброво 5МД - Фасады вариант 2.pdf (стр.3)
бриллиант баня lampi m+,,планировка,1,16.9,16.9,,комната 9.05м²; комната 1.98м²; комната 4.58м²; комната 1.33м²,Планировки\Бриллиант баня Lampi M+.pdf (стр.1)
бугры,в1,планировка,1,68.3,68.3,"гостиная:1, кухня:1, прихожая:1, санузел:2, спальня:1",гостиная 23.22м²; кухня 9.03м²; спальня 10.51м²; ванная 4.67м²; санузел 4.52м²; прихожая 4.51м²; кладовая 8.8м²; лестница 3.0м²,Планировки\Бугры в1.pdf (стр.1)
бугры,в2,планировка,1,68.3,68.3,"гостиная:1, кухня:1, прихожая:1, санузел:2, спальня:1",гостиная 23.22м²; кухня 9.03м²; спальня 10.51м²; ванная 4.67м²; санузел 4.52м²; прихожая 8.8м²; коридор 4.51м²; лестница 3.0м²,Планировки\Бугры в2.pdf (стр.1)
бытовка,в1,планировка,1,11.1,11.1,санузел:1,Бытовое помещение 8.87м²; С/У 2.26м²,2025\Планировки\Для Василия\Бытовка В1.pdf (стр.1)
бытовка,в2,планировка,1,11.1,11.1,санузел:1,Бытовое помещение 8.87м²; С/У 2.26м²,2025\Планировки\Для Василия\Бытовка В2.pdf (стр.1)
в10 байкал,,планировка,1,75.5,55.6,"гостиная:1, санузел:1, сауна:1, терраса:1",Парная 16.24м²; Помывочное помещение 8.56м²; Массажный кабинет 5.5м²; Кухня-Гостиная 16.33м²; Тамбур 7.79м²; С/У 1.21м²; Терраса 16.96м²; Крыльцо 2.88м²,2024\Баня Байкал\В10 Байкал.pdf (стр.1)
в8 байкал,,планировка,1,72.6,55.6,"гостиная:1, санузел:1, сауна:1, терраса:1",Парная 16.24м²; Помывочное помещение 8.56м²; Массажный кабинет 5.5м²; Кухня-Гостиная 16.33м²; Тамбур 7.79м²; С/У 1.21м²; Терраса 16.96м²,2024\Баня Байкал\В8 байкал.pdf (стр.1)
в9 байкал,,планировка,1,72.6,55.6,"гостиная:1, санузел:1, сауна:1, терраса:1",Парная 16.24м²; Помывочное помещение 8.56м²; Массажный кабинет 5.5м²; Кухня-Гостиная 16.33м²; Тамбур 7.79м²; С/У 1.21м²; Терраса 16.96м²,2024\Баня Байкал\В9 Байкал.pdf (стр.1)
вариант 1,,планировка,2,238.9,210.4,"гостиная:1, кухня:1, санузел:2, спальня:1, терраса:1",Жилая площадь 50.2м²; Площадь застройки 59.2м²; Терраса 28.5м²; гостиная 41.12м²; кухня 10.13м²; спальня 8.35м²; ванная 5.61м²; туалет 1.05м²; коридор 7.28м²; лестница 27.48м²,Планировки\Настя\Вариант 1.pdf (стр.1) | Работы Валя\Скатный планировка заказчика\Вариант 1.pdf (стр.1)
вариант 2,,планировка,2,236.6,208.1,"гостиная:1, кухня:1, санузел:2, спальня:1, терраса:1",Жилая площадь 50.2м²; Площадь застройки 59.2м²; Терраса 28.5м²; гостиная 41.63м²; кухня 7.28м²; санузел 1.05м²; ванная 5.61м²; спальня 27.48м²; коридор 5.24м²; гардеробная 10.41м²,Планировки\Настя\Вариант 2.pdf (стр.1) | Работы Валя\Скатный планировка заказчика\Вариант 2.pdf (стр.1)
вариант 3,,планировка,1,107.3,107.3,"гостиная:1, прихожая:1, санузел:2, спальня:2",кухня-гостиная 35.1м²; спальня 27.48м²; ванная 7.28м²; туалет 1.05м²; коридор 5.61м²; кладовая 8.59м²; прихожая 11.78м²; спальня 10.41м²,Работы Валя\Скатный планировка заказчика\Вариант 3.pdf (стр.1)
вариант 4,,планировка,1,109.9,109.9,"гостиная:1, кухня:1, прихожая:1, санузел:1, спальня:1",кухня-столовая 35.1м²; гостиная 27.48м²; санузел 2.59м²; коридор 7.28м²; прихожая 1.05м²; кладовая 5.61м²; лестница 8.59м²; спальня 11.78м²; кабинет 10.41м²,Работы Валя\Скатный планировка заказчика\Вариант 4.pdf (стр.1)
вариант планировки 1,,планировка,1,60.7,60.7,"гостиная:1, кухня:1, санузел:1",кухня 6.56м²; коридор 8.34м²; гостиная 34.07м²; санузел 2.1м²; кладовая 3.2м²; кладовая 3.2м²; кладовая 3.2м²,Работы Валя\Пристройка терасс\Вариант планировки 1.pdf (стр.1)
вариант планировки 2,,планировка,1,63.4,63.4,"гостиная:1, кухня:1, санузел:1",гостиная 34.07м²; кухня 6.56м²; санузел 1.26м²; комната 4.96м²; комната 4.88м²; комната 3.3м²; комната 8.34м²,Работы Валя\Пристройка терасс\Вариант планировки 2.pdf (стр.1)
вариант планировки 3,,планировка,1,17.2,17.2,гостиная:1,гостиная 17.17м²,Работы Валя\Пристройка терасс\Вариант планировки 3.pdf (стр.1)
вариант планировки 4 модуля,,планировка,2,120.9,120.9,"гостиная:1, кухня:2, прихожая:2, санузел:2, спальня:2",кухня 34.07м²; спальня 8.34м²; ванная 6.56м²; коридор 6.2м²; гардеробная 3.2м²; холл 2.1м²; гостиная 34.07м²; кухня 6.2м²; спальня 8.34м²; ванная 6.56м²; коридор 3.2м²; прихожая 2.1м²,Работы Валя\Пристройка терасс\Вариант планировки 4 модуля.pdf (стр.1) | Работы Валя\Склад\Блоки автокад\Вариант планировки 4 модуля.pdf (стр.1)
вариант планировки 4 модуля (1),,планировка,1,60.5,60.5,"кухня:1, прихожая:1, санузел:1, спальня:1",кухня 34.07м²; спальня 8.34м²; ванная 6.56м²; коридор 6.2м²; гардеробная 3.2м²; прихожая 2.1м²,Работы Валя\Склад\Блоки автокад\Вариант планировки 4 модуля (1).pdf (стр.1)
вариант планировки 5 модуля,,планировка,1,70.1,70.1,"гостиная:1, прихожая:1, санузел:2, спальня:1",кухня-гостиная 34.16м²; спальня 10.6м²; кабинет 8.56м²; ванная 4.93м²; туалет 2.48м²; коридор 5.86м²; холл 3.53м²,Работы Валя\Пристройка терасс\Вариант планировки 5 модуля.pdf (стр.1)
вариант расстекловки на металлопластике,,фасад|разрез,1,0.0,0.0,,,Планировки\Вариант расстекловки на металлопластике.pdf (стр.1)
васкелово,в1,планировка,1,39.2,39.2,"гостиная:1, санузел:1, спальня:1",спальня 9.3м²; санузел 3.22м²; коридор 3.87м²; кухня-гостиная 22.8м²,Планировки\Васкелово в1.pdf (стр.1)
васкелово,в2,планировка,1,101.3,69.1,"кухня:1, прихожая:1, санузел:1, спальня:2, терраса:1",спальня 11.87м²; спальня 9.26м²; кухня-столовая 34.1м²; санузел 3.58м²; коридор 4.57м²; прихожая 2.76м²; кладовая 3.0м²; терраса 14.12м²; гараж 18.0м²,Планировки\Васкелово в2.pdf (стр.1)
васкелово,в3,планировка,1,87.1,69.1,"кухня:1, прихожая:1, санузел:1, спальня:2, терраса:1",спальня 11.87м²; спальня 9.26м²; кухня-столовая 34.1м²; коридор 4.57м²; санузел 3.58м²; прихожая 2.76м²; кладовая 3.0м²; терраса 18.0м²,Планировки\Васкелово в3.pdf (стр.1)
верадом 4мд - свайное поле с коммуникациями,,,1,0.0,0.0,,,2026\Для Коли\Верадом 4мд - свайное поле с коммуникациями.pdf (стр.1)
верадом 4мд- габариты модулей,,спецификация,1,0.0,0.0,,,2026\Для Коли\Верадом 4мд- габариты модулей.pdf (стр.1)
виз1,,визуализация,1,0.0,0.0,,,Планировки\Собрать проект 2\Виз1.pdf (стр.1)
виз2,,визуализация,1,0.0,0.0,,,Планировки\Собрать проект 2\Виз2.pdf (стр.1)
визы 2,,фасад,1,0.0,0.0,,,Планировки\Собрать проект\Визы 2.pdf (стр.1)
визы1,,визуализация,1,0.0,0.0,,,Планировки\Собрать проект\Визы1.pdf (стр.1)
вишневеа 8мд вариант 1,,планировка,1,145.3,93.5,"гостиная:1, прихожая:1, санузел:1, спальня:3, терраса:1",Спальня 10.61м²; Прихожая 4.59м²; Кладовая 4.87м²; Кладовая 4.69м²; Спальня 10.87м²; Спальня 10.87м²; Кухня-Гостиная 35.65м²; Тех. Помещение 5.85м²; С/У 5.46м²; Терраса 48.15м²; Крыльцо 3.65м²,2025\Планировки\Юра\Вишневеа 8МД Вариант 1.pdf (стр.1)
вишневеа 9мд вариант 2,,планировка,1,160.2,106.3,"гостиная:1, прихожая:2, санузел:1, спальня:4, терраса:1",Спальня 10.61м²; Холл 5.04м²; Прихожая 5.1м²; Тех.Помещение 6.41м²; Спальня 10.87м²; Спальня 10.87м²; Кухня-Гостиная 40.39м²; Спальня 10.61м²; С/У 6.42м²; Терраса 48.15м²; Крыльцо 5.68м²,2025\Планировки\Юра\Вишневеа 9МД Вариант 2.pdf (стр.1)
вишневеа 9мд вариант 2,в2,планировка,1,160.2,106.3,"гостиная:1, прихожая:2, санузел:1, спальня:4, терраса:1",Спальня 10.61м²; Холл 5.04м²; Прихожая 5.1м²; Тех.Помещение 6.41м²; Спальня 10.87м²; Спальня 10.87м²; Кухня-Гостиная 40.39м²; Спальня 10.61м²; С/У 6.42м²; Терраса 48.15м²; Крыльцо 5.68м²,2025\Планировки\Юра\Вишневеа 9МД Вариант 2 В2.pdf (стр.1)
вишневеа 9мд вариант 2,в3,планировка,1,160.2,106.3,"гостиная:1, прихожая:2, санузел:1, спальня:4, терраса:1",Спальня 10.61м²; Холл 5.04м²; Прихожая 5.1м²; Тех.Помещение 6.41м²; Спальня 10.87м²; Спальня 10.87м²; Кухня-Гостиная 40.39м²; Спальня 10.61м²; С/У 6.42м²; Терраса 48.15м²; Крыльцо 5.68м²,2025\Планировки\Юра\Вишневеа 9МД Вариант 2 В3.pdf (стр.1)
вишневеа 9мд вариант 2,в4,планировка,1,160.2,106.3,"гостиная:1, прихожая:2, санузел:1, спальня:4, терраса:1",Спальня 10.61м²; Холл 5.04м²; Прихожая 5.1м²; Тех.Помещение 6.41м²; Спальня 10.87м²; Спальня 10.87м²; Кухня-Гостиная 40.39м²; Спальня 10.61м²; С/У 6.42м²; Терраса 48.15м²; Крыльцо 5.68м²,2025\Планировки\Юра\Вишневеа 9МД Вариант 2 В4.pdf (стр.1)
вишневка 9мд + 1 мд изменение 0108,в1,планировка,1,160.2,106.3,"гостиная:1, прихожая:2, санузел:1, спальня:4, терраса:1",Спальная 10.61м²; Холл 5.04м²; Прихожая 5.1м²; Тех.Помещение 6.41м²; Спальная 10.87м²; Спальная 10.87м²; Кухня-Гостиная 40.39м²; Спальная 10.61м²; С/У 6.42м²; Терраса 48.15м²; Крыльцо 5.68м²,2025\Планировки\Юра\Вишневка 9МД + 1 МД изменение 0108 В1.pdf (стр.1)
вишневка 9мд вариант 2,в5,планировка,1,160.2,106.3,"гостиная:1, прихожая:2, санузел:1, спальня:4, терраса:1",Спальня 10.61м²; Холл 5.04м²; Прихожая 5.1м²; Тех.Помещение 6.41м²; Спальня 10.87м²; Спальня 10.87м²; Кухня-Гостиная 40.39м²; Спальня 10.61м²; С/У 6.42м²; Терраса 48.15м²; Крыльцо 5.68м²,2025\Планировки\Юра\Вишневка 9МД Вариант 2 В5.pdf (стр.1)
вишневка 9мд вариант 2,в6,планировка,1,120.2,106.3,"гостиная:1, прихожая:2, санузел:1, спальня:4, терраса:1",Спальня 10.61м²; Холл 5.04м²; Прихожая 5.1м²; Тех. Помещение 6.41м²; Спальня 10.87м²; Спальня 10.87м²; Кухня-Гостиная 40.39м²; Спальня 10.61м²; С/У 6.42м²; Терраса 8.15м²; Крыльцо 5.68м²,2025\Планировки\Юра\Вишневка 9МД Вариант 2 В6.pdf (стр.1)
вишневка 9мд вариант 2,в7,планировка,1,160.2,106.3,"гостиная:1, прихожая:2, санузел:1, спальня:4, терраса:1",Спальня 10.61м²; Холл 5.04м²; Прихожая 5.1м²; Тех. Помещение 6.41м²; Спальня 10.87м²; Спальня 10.87м²; Кухня-Гостиная 40.39м²; Спальня 10.61м²; С/У 6.42м²; Терраса 48.15м²; Крыльцо 5.68м²,2025\Планировки\Юра\Вишневка 9МД Вариант 2 В7.pdf (стр.1)
вишневка 9мд вариант 2,в8,планировка,1,160.2,106.3,"гостиная:1, прихожая:2, санузел:1, спальня:4, терраса:1",Спальня 10.61м²; Холл 5.04м²; Прихожая 5.1м²; Тех. Помещение 6.41м²; Спальня 10.87м²; Спальня 10.87м²; Кухня-Гостиная 40.39м²; Спальня 10.61м²; С/У 6.42м²; Терраса 48.15м²; Крыльцо 5.68м²,2025\Планировки\Юра\Вишневка 9МД Вариант 2 В8.pdf (стр.1)
вишневка 9мд вариант 2 в10 финальный финал,,планировка,1,120.2,106.3,"гостиная:1, прихожая:2, санузел:1, спальня:4, терраса:1",Спальня 10.61м²; Холл 5.04м²; Прихожая 5.1м²; Тех. Помещение 6.41м²; Спальня 10.87м²; Кухня-Гостиная 40.39м²; Спальня 10.87м²; Спальня 10.61м²; С/У 6.42м²; Терраса 8.15м²; Крыльцо 5.68м²,2025\Планировки\Юра\Вишневка 9МД Вариант 2 В10 Финальный финал.pdf (стр.1)
вишневка 9мд вариант 2 в11 финальный финал,,планировка,1,0.0,0.0,"гостиная:1, санузел:1, спальня:2",кухня-гостиная; спальня; спальня; ванная,2025\Дома\Вищневское озеро 9МД и остальное\Согласованная планировка\Вишневка 9МД Вариант 2 В11 Финальный финал.pdf (стр.1)
вишневка 9мд вариант 2 в12 финальный финал,,планировка,1,0.0,0.0,"гостиная:1, санузел:1, спальня:2",кухня-гостиная; спальня; спальня; ванная,2025\Дома\Вищневское озеро 9МД и остальное\Согласованная планировка\Вишневка 9МД Вариант 2 В12 Финальный финал.pdf (стр.1)
вишневка 9мд вариант 2 в9финал,,планировка,1,160.2,106.3,"гостиная:1, прихожая:2, санузел:1, спальня:4, терраса:1",Спальня 10.61м²; Холл 5.04м²; Прихожая 5.1м²; Тех. Помещение 6.41м²; Спальня 10.87м²; Кухня-Гостиная 40.39м²; Спальня 10.87м²; Спальня 10.61м²; С/У 6.42м²; Терраса 48.15м²; Крыльцо 5.68м²,2025\Планировки\Юра\Вишневка 9МД Вариант 2 В9Финал.pdf (стр.1)
вишневка баня lamppi u1,,планировка,1,0.0,0.0,,,2025\Дома\Вищневское озеро 9МД и остальное\Согласованная планировка\Вишневка баня Lamppi U1.pdf (стр.1)
вишневка хозблок 3х6,,разрез,1,0.0,0.0,,,2025\Дома\Вищневское озеро 9МД и остальное\Согласованная планировка\Вишневка хозблок 3х6.pdf (стр.1)
вишневское 9мд  - стены,,"планировка, спецификация, узел",3,0.0,0.0,,,2025\Дома\Вищневское озеро 9МД и остальное\СТЕНЫ ВАР2\Вишневское 9МД  - СТЕНЫ.pdf (стр.1) | 2025\Дома\Вищневское озеро 9МД и остальное\СТЕНЫ ВАР2\Вишневское 9МД  - СТЕНЫ.pdf (стр.2) | 2025\Дома\Вищневское озеро 9МД и остальное\СТЕНЫ ВАР2\Вишневское 9МД  - СТЕНЫ.pdf (стр.3)
вишневское 9мд  - стены 2070,,узел,3,0.0,0.0,,,2025\Дома\Вищневское озеро 9МД и остальное\СТЕНЫ 2070\Вишневское 9МД  - СТЕНЫ 2070.pdf (стр.1) | 2025\Дома\Вищневское озеро 9МД и остальное\СТЕНЫ 2070\Вишневское 9МД  - СТЕНЫ 2070.pdf (стр.2) | 2025\Дома\Вищневское озеро 9МД и остальное\СТЕНЫ 2070\Вишневское 9МД  - СТЕНЫ 2070.pdf (стр.3)
волга,в4,планировка,1,114.3,114.3,"гостиная:1, кухня:1, прихожая:1, санузел:2, спальня:1",кухня-столовая 31.5м²; гостиная 25.9м²; спальня 12.04м²; ванная 7.72м²; туалет 5.12м²; гардеробная 10.55м²; коридор 5.1м²; кабинет 9.0м²; прихожая 4.57м²; кладовая 2.76м²,Работы Валя\Кубик\Волга в4.pdf (стр.1)
волга,в5,планировка,1,94.8,94.8,"гостиная:1, прихожая:1, санузел:3, спальня:2",ванная 5.12м²; санузел 7.72м²; гардеробная 10.55м²; кухня-гостиная 31.5м²; спальня 9.0м²; спальня 12.04м²; коридор 5.1м²; лестница 4.57м²; прихожая 2.76м²; санузел 6.49м²,Работы Валя\Кубик\Волга в5.pdf (стр.1)
выст бани,,планировка,1,34.5,34.5,,комната 19.69м²; комната 8.4м²; комната 4.0м²; комната 2.38м²,Планировки\Выст бани.pdf (стр.1)
выст бани,в2,планировка,1,34.5,34.5,,комната 19.69м²; комната 8.4м²; комната 4.0м²; комната 2.38м²,Планировки\Выст бани в2.pdf (стр.1)
г-банный комплекс,в2,планировка,1,48.3,30.7,"гостиная:1, прихожая:1, санузел:1, сауна:1, терраса:1",Кухня-Гостиная 15.91м²; Прихожая 2.48м²; С/У 2.82м²; Предбанник-Душевая 3.93м²; Парная 5.59м²; Терраса 17.59м²,2025\Бани\Г-Баня 2МД\Г-Банный комплекс В2.pdf (стр.1)
г-банный комплекс,в3,планировка,1,48.3,30.7,"гостиная:1, прихожая:1, санузел:1, сауна:1, терраса:1",Кухня-Гостиная 15.91м²; Прихожая 2.48м²; С/У 2.82м²; Предбанник-Душевая 3.93м²; Парная 5.59м²; Терраса 17.59м²,2025\Бани\Г-Баня 2МД\Г-Банный комплекс В3.pdf (стр.1)
гараж 2-места,в1,планировка,1,0.0,0.0,,Гараж 2 места B1,2026\Планировки\Юра\Гараж 2-места В1.pdf (стр.1)
гараж 2-места,в2,планировка,1,0.0,0.0,,,2026\Планировки\Юра\Гараж 2-места В2.pdf (стр.1)
гараж 2-места,в3,планировка,1,0.0,0.0,,,2026\Планировки\Юра\Гараж 2-места В3.pdf (стр.1)
гараж плюс навес,в1,планировка,1,29.0,19.3,,Гараж 9.74м²; Пом. №1 14.73м²; Пом. №2 4.54м²,2025\Планировки\Для Василия\Гараж плюс Навес В1.pdf (стр.1)
геленжик планировка,,планировка,1,43.7,30.9,"кухня:1, прихожая:1, санузел:1, терраса:1",Терраса 12.8м²; Жилая комната 10.6м²; Прихожая 5.2м²; Кухня 9.6м²; С/у 5.5м²,Работы Валя\Геленжик планировка.pdf (стр.1)
генплан,,планировка,1,370.0,370.0,,Дом А. 145.0м²; Дом 2 Д. 225.0м²; Баня; Гараж А.; Навес А.; Мавес Д.; Гараж Д.,Планировки\Настя\генплан.pdf (стр.1)
генплан с планировкой 3.44.3,,,1,0.0,0.0,,,Работы Валя\Тарховский\Генплан с планировкой 3.44.3.pdf (стр.1)
генплан скотное,,планировка,1,0.0,0.0,,,Планировки\Генплан Скотное.pdf (стр.1)
генплан эскиз,,планировка,1,0.0,0.0,,,Планировки\Lampi 4\Генплан эскиз.pdf (стр.1)
громовское,в1,планировка,1,71.9,71.9,"гостиная:1, кухня:1, прихожая:1, санузел:1, спальня:1",гостиная 24.03м²; кухня 12.86м²; спальня 9.83м²; санузел 4.7м²; прихожая 4.33м²; кладовая 4.98м²; откидное 7.59м²; спиральное 3.6м²,Планировки\Lampi 4\Громовское в1.pdf (стр.1)
громовское,в3,планировка,1,59.1,59.1,"гостиная:1, кухня:1, прихожая:1, санузел:2, спальня:1",гостиная 23.22м²; кухня 9.51м²; спальня 10.03м²; санузел 4.85м²; прихожая 4.4м²; кладовая 4.11м²; ванная 3.02м²,Планировки\Собрать проект\Громовское в3.pdf (стр.1)
громовское,в4,планировка,1,57.0,57.0,"гостиная:1, прихожая:1, санузел:3, спальня:2",спальня 9.51м²; спальня 7.92м²; кухня-гостиная 23.22м²; санузел 4.85м²; прихожая 4.4м²; ванная 4.11м²; туалет 3.02м²,Планировки\Собрать проект\Громовское в4.pdf (стр.1)
громовское,в5,планировка,1,57.0,57.0,"гостиная:1, прихожая:1, санузел:2, спальня:2",спальня 9.51м²; спальня 7.92м²; кухня-гостиная 23.22м²; санузел 4.85м²; коридор 4.4м²; прихожая 4.11м²; ванная 3.02м²,Планировки\RANTA\Громовское в5.pdf (стр.1)
громовское,в6,планировка,1,52.9,52.9,"гостиная:1, кухня:1, санузел:2, спальня:2",гостиная 23.22м²; спальня 9.51м²; спальня 7.92м²; кухня 4.4м²; санузел 4.85м²; санузел 3.02м²,Планировки\RANTA\Громовское в6.pdf (стр.1)
громовское,в8,планировка,1,64.0,55.0,"гостиная:1, кухня:1, прихожая:1, санузел:1, спальня:1",гостиная 23.22м²; кухня 9.51м²; спальня 10.03м²; санузел 4.85м²; прихожая 4.4м²; коридор 3.0м²; балкон 4.5м²; балкон 4.5м²,Планировки\RANTA\Громовское в8.pdf (стр.1)
дачный дом 2 бытовки,в1,планировка,1,0.0,0.0,"кухня:1, санузел:1, спальня:1",кухня; санузел; спальня,2025\Планировки\Юра\Дачный дом 2 бытовки В1.pdf (стр.1)
дачный дом 2 бытовки,в2,планировка,1,0.0,0.0,"кухня:1, санузел:1, спальня:1",кухня; санузел; спальня,2025\Планировки\Юра\Дачный дом 2 бытовки В2.pdf (стр.1)
дачный дом 2 бытовки,в3,планировка,1,0.0,0.0,"гостиная:1, санузел:1",кухня-гостиная; санузел,2025\Планировки\Юра\Дачный дом 2 бытовки В3.pdf (стр.1)
двери чехофф,,планировка,1,79.5,79.5,"кухня:1, прихожая:1, санузел:1, спальня:4",санузел 3.75м²; спальня 13.57м²; кухня 6.4м²; коридор 6.3м²; коридор 5.5м²; коридор 5.15м²; прихожая 4.31м²; спальня 14.31м²; спальня 14.31м²; спальня 5.925м²,Планировки\Lampi 4\Двери Чехофф.pdf (стр.1)
детали 1 и 2 110,,спецификация,1,0.0,0.0,,,2025\Дома\Планировка 3МД Баня 3М Лопухинка 2\КАССЕТЫ\Детали 1 и 2 110.pdf (стр.1)
детали 1 и 2 115,,спецификация,1,0.0,0.0,,,2025\Дома\Планировка 3МД Баня 3М Лопухинка 2\КАССЕТЫ\Детали 1 и 2 115.pdf (стр.1)
детали тип 0,,"спецификация, узел",3,0.0,0.0,,,2025\Дома\Планировка 3МД Баня 3М Лопухинка 2\КАССЕТЫ\Детали тип 0.pdf (стр.1) | 2025\Дома\Планировка 3МД Баня 3М Лопухинка 2\КАССЕТЫ\Детали тип 0.pdf (стр.2) | 2025\Дома\Планировка 3МД Баня 3М Лопухинка 2\КАССЕТЫ\Детали тип 0.pdf (стр.3)
дом 2 вариант 2 (зеркальный),,планировка,1,71.8,53.8,"гостиная:1, санузел:1, спальня:2, терраса:1",спальня 10.45м²; спальня 9.5м²; кухня-гостиная 22.75м²; санузел 5.01м²; коридор 3.1м²; гардеробная 3.0м²; терраса 18.0м²,2025\Планировки\Для Василия\Дом 2 вариант 2 (зеркальный).pdf (стр.1)
дом 3мд в2 (зеркальный),,планировка,1,68.8,68.8,"гостиная:1, кухня:1, санузел:1, спальня:2",спальня 10.45м²; спальня 9.5м²; коридор 3.1м²; ванная 5.01м²; кухня 22.75м²; гостиная 18.0м²,2025\Планировки\Для Василия\Дом 3МД В2 (зеркальный).pdf (стр.1)
дом 3мд в3 (зеркальный),,планировка,1,71.8,53.8,"гостиная:1, санузел:1, спальня:2, терраса:1",спальня 10.45м²; спальня 9.5м²; кухня-гостиная 22.75м²; санузел 5.01м²; коридор 3.1м²; кладовая 3.0м²; терраса 18.0м²,2025\Планировки\Для Василия\Дом 3МД В3 (зеркальный).pdf (стр.1)
дом 3мд в4 (зеркальный),,планировка,1,71.2,53.2,"гостиная:1, санузел:1, спальня:2, терраса:1",спальня 10.45м²; спальня 9.5м²; кухня-гостиная 22.84м²; санузел 4.36м²; коридор 3.02м²; гардеробная 3.0м²; терраса 18.0м²,2025\Планировки\Для Василия\Дом 3МД В4 (зеркальный).pdf (стр.1)
дом 4мд,в1,планировка,1,74.2,52.4,"гостиная:1, детская:1, прихожая:1, санузел:1, спальня:1, терраса:1",Кухня-Гостиная 24.0м²; Спальня 8.79м²; Детская 10.78м²; Прихожая 2.89м²; С/У 1.95м²; Душевая 3.96м²; Терраса 18.81м²; Крыльцо 3.0м²,2025\Планировки\Для Василия\Дом 4МД В1.pdf (стр.1)
дом 4мд,в2,планировка,1,74.2,52.4,"гостиная:1, детская:1, прихожая:1, санузел:1, спальня:1, терраса:1",Кухня-Гостиная 24.0м²; Спальня 8.25м²; Детская 11.34м²; Прихожая 2.89м²; С/У 1.95м²; Душевая 3.96м²; Терраса 18.81м²; Крыльцо 3.0м²,2025\Планировки\Для Василия\Дом 4МД В2.pdf (стр.1)
дом 4мд,в3,планировка,1,74.2,52.4,"гостиная:1, детская:1, прихожая:1, санузел:1, спальня:1, терраса:1",Кухня-Гостиная 24.0м²; Спальня 8.25м²; Детская 11.34м²; Прихожая 2.89м²; С/У 1.95м²; Душевая 3.96м²; Терраса 18.81м²; Крыльцо 3.0м²,2025\Планировки\Для Василия\Дом 4МД В3.pdf (стр.1)
дом для егеря,,планировка,1,115.2,40.2,,ДЛЯ РАЗДЕЛЫВАНИЯ ТУШ 15.31м²; НАВЕС 35.88м²; СНЕГОХОДЫ; ГАРАЖ 32.99м²; КВАДРОЦИКЛЫ; СКЛАД ПРИ ГАРАЖЕ 6.11м²; ЖИЛАЯ КОМНАТА 11.26м²; ОРУЖЕЙНАЯ 4.8м²; ПРИЁМНАЯ 8.84м²,Планировки\RANTA\Дом для егеря.pdf (стр.1)
дом из газобетона,в1,планировка,1,0.0,0.0,,,2025\Планировки\Для Василия\Дом из газобетона В1.pdf (стр.1)
дом крым,в2,планировка,1,111.4,75.1,"гостиная:1, прихожая:1, санузел:2, спальня:2, терраса:1",Кухня-Гостиная 34.86м²; Прихожая 5.14м²; С/У 5.28м²; Спальная 7.48м²; Спальная 9.7м²; Гардеробная 6.25м²; С/У 6.39м²; Терраса 36.33м²,2025\Дома\Крым\Дом Крым В2.pdf (стр.1)
дом крым,в3,планировка,1,126.9,86.5,"гостиная:1, прихожая:1, санузел:2, спальня:2, терраса:1",Кухня-Гостиная 39.99м²; Прихожая 5.14м²; С/У 5.28м²; Спальня 10.25м²; Спальня 13.18м²; Гардеробная 6.25м²; С/У 6.39м²; Терраса 35.43м²; Крыльцо 4.98м²,2025\Дома\Крым\Дом Крым В3.pdf (стр.1)
дом крым финальная планировка,,планировка,1,0.0,0.0,"гостиная:1, кухня:1, санузел:2, спальня:1",кухня-столовая; гостиная; спальня; ванная; санузел,2025\Дома\Крым\Дом Крым финальная планировка.pdf (стр.1)
дом сестрорецк нь.ю,,планировка,1,0.0,0.0,,,Планировки\RANTA\Дом сестрорецк нь.ю.pdf (стр.1)
дома на 28.03,,планировка,1,48.0,48.0,,АКОП 5.0м²; ЛАХДЕНПОХЬЯ 2.0м²; МАКСИМ 3.5м²; ЧЕЛМУШИ 1 2.0м²; МУРАВЬЁВЫ 4.5м²; ЛАХДЕНПОХЬЯ 3.0м²; СНЕТКОВО 2 СПАЛЬНИ 3.0м²; ЧЕЛМУШИ 2 2.0м²; АНЬЯЛОВО 3.0м²; СНЕТКОВО ХОЗ 3.0м²; ЧЕЛМУШИ 3 2.0м²; КАРПОВЫ 5.5м²; РЯЗАНЬ 4.5м²; ОРЖИЦЫ 3.0м²; ЧЕЛМУШИ 4 2.0м²,Планировки\Обновленные\Дома на 28.03.pdf (стр.1)
домик,в1,планировка,1,50.0,32.0,"гостиная:1, санузел:1, спальня:1, терраса:1",гостиная 19.4м²; спальня 8.27м²; ванная 3.23м²; ПМ 1.08м²; терраса 18.0м²,Планировки\Lampi 4\Домик в1.pdf (стр.1)
домик дмитрию,,планировка,1,31.1,31.1,"гостиная:1, прихожая:1, санузел:1, спальня:1",спальня 7.51м²; кухня-гостиная 11.42м²; ванная 2.92м²; коридор 6.46м²; прихожая 2.76м²,Планировки\Собрать проект\Домик Дмитрию.pdf (стр.1)
домик персонала челмуши,,планировка,1,43.2,31.2,"гостиная:1, кухня:1, санузел:2",гостиная 13.6м²; кухня 9.43м²; ванная 1.9м²; туалет 3.0м²; коридор 3.26м²; балкон 12.0м²,Планировки\Домик персонала Челмуши.pdf (стр.1)
ежевское озеро вельск,в1,планировка,1,0.0,0.0,,,Работы Валя\Вельск\Ежевское озеро Вельск в1.pdf (стр.1)
жилой дом 8+мд в2 баня 2мд,в1,планировка,1,165.1,165.1,"гостиная:2, кухня:1, прихожая:1, санузел:3, сауна:1, спальня:3",С/У 7.25м²; Спальня 1 16.45м²; Спальня 2 12.93м²; Кабинет 12.97м²; Коридор 13.39м²; Спальня 4 11.87м²; Гостиная 35.23м²; Кухня-Столовая 17.21м²; Прихожая 4.61м²; С/У 4.39м²; Тех. помещение 6.42м²; Парная 7.75м²; Помывочная-Комната отдыха 4.35м²; С/У 2.01м²; Гостиная 8.32м²,2025\Планировки\Юра\Жилой дом 8+МД В2 Баня 2МД В1.pdf (стр.1)
жилой дом 8+мд в2 баня 2мд,в2,планировка,1,165.1,165.1,"гостиная:2, кухня:1, прихожая:1, санузел:3, сауна:1, спальня:3",С/У 7.25м²; Спальня 1 16.45м²; Спальня 2 12.93м²; Кабинет 12.97м²; Коридор 13.39м²; Спальня 4 11.87м²; Гостиная 35.23м²; Кухня-Столовая 17.21м²; Прихожая 4.61м²; С/У 4.39м²; Тех. помещение 6.42м²; Парная 7.75м²; Помывочная-Комната отдыха 4.35м²; С/У 2.01м²; Гостиная 8.32м²,2025\Планировки\Юра\Жилой дом 8+МД В2 Баня 2МД В2.pdf (стр.1)
жилой дом 8+мд в3 баня 2мд,в3,,1,0.0,0.0,,,2025\Планировки\Юра\Жилой дом 8+МД В3 Баня 2МД В3.pdf (стр.1)
жилой дом 8+мд в4 баня 2мд,в3,планировка,1,165.1,165.1,"гостиная:2, кухня:1, прихожая:1, санузел:3, сауна:1, спальня:3",С/У 7.25м²; Спальня 1 16.69м²; Спальня 2 12.93м²; Кабинет 12.97м²; Коридор 13.39м²; Спальня 4 11.87м²; Гостиная 35.23м²; Кухня-Столовая 12.51м²; Кладовая 4.2м²; Прихожая 4.82м²; С/У 4.39м²; Тех. помещение 6.42м²; Парная 7.75м²; Помывочная-Комната отдыха 4.35м²; С/У 2.01м²; Гостиная 8.32м²,2025\Планировки\Юра\Жилой дом 8+МД В4 Баня 2МД В3.pdf (стр.1)
жилой дом 8+мд в5 баня 2мд,в3,планировка,1,165.2,165.2,"гостиная:2, кухня:1, прихожая:1, санузел:3, сауна:1, спальня:3",С/У 7.25м²; Спальня 1 16.69м²; Спальня 2 12.93м²; Кабинет 12.97м²; Коридор 13.39м²; Спальня 4 11.87м²; Гостиная 35.23м²; Кухня-Столовая 12.51м²; Кладовая 4.2м²; Прихожая 4.82м²; С/У 4.89м²; Тех. помещение 6.01м²; Парная 7.75м²; Помывочная-Комната отдыха 4.35м²; С/У 2.01м²; Гостиная 8.32м²,2025\Планировки\Юра\Жилой дом 8+МД В5 Баня 2МД В3.pdf (стр.1)
жилой дом 8+мд в6 и баня 2мд,в3,,1,0.0,0.0,,,2025\Планировки\Юра\Жилой дом 8+МД В6 и Баня 2МД В3.pdf (стр.1)
жилой дом 8+мд в7 и баня 2мд,в3,планировка,1,165.2,165.2,"гостиная:2, кухня:1, прихожая:1, санузел:3, сауна:1, спальня:3",С/У 7.25м²; Спальня 1 16.69м²; Спальня 2 12.93м²; Кабинет 12.97м²; Коридор 13.39м²; Спальня 4 11.87м²; Гостиная 35.23м²; Кухня-Столовая 12.51м²; Кладовая 4.2м²; Прихожая 4.82м²; С/У 4.89м²; Тех. помещение 6.01м²; Парная 7.75м²; Помывочная-Комната отдыха 4.35м²; С/У 2.01м²; Гостиная 8.32м²,2025\Планировки\Юра\Жилой дом 8+МД В7 и Баня 2МД В3.pdf (стр.1)
жилой дом 9+мд,в1,планировка,1,158.9,155.9,"гостиная:1, кухня:1, прихожая:1, санузел:3, спальня:4",С/У 7.25м²; Спальня 1 16.45м²; Спальня 2 12.93м²; Кабинет 12.97м²; Коридор 13.39м²; С/У 2.54м²; Спальня 3 10.63м²; Спальня 4 11.87м²; Гостиная 35.23м²; Кухня-Столовая 17.21м²; Прихожая 4.61м²; С/У 4.39м²; Тех. помещение 6.42м²; Крыльцо 3.0м²,2025\Планировки\Юра\Жилой дом 9+МД В1.pdf (стр.1)
загрузка 2.5,,планировка,1,0.0,0.0,,МАКСИМ; ПАРАДАЙС; МУРАВЬЁВЫ; ЭКООЗЕРО; СКОТНОЕ; АКОП,Планировки\Загрузка 2.5.pdf (стр.1)
загрузка 3,,планировка,1,35.5,35.5,,МАКСИМ 3.5м²; АКОП 5.0м²; АНЬЯЛОВО 3.0м²; СНЕТКОВО 2 СПАЛЬНИ 3.0м²; РЯЗАНЬ 4.5м²; МУРАВЬЁВЫ 4.5м²; ЧЕЛМУШИ 1 2.0м²; ЛАХДЕНПОХЬЯ 2.0м²; ЧЕЛМУШИ 2 2.0м²; ЛАХДЕНПОХЬЯ 3.0м²; СНЕТКОВО ХОЗ 3.0м²,Планировки\Загрузка 3.pdf (стр.1)
загрузка наглядно для николая николаевича,,планировка,1,48.0,48.0,,АКОП 5.0м²; ЛАХДЕНПОХЬЯ 2.0м²; МАКСИМ 3.5м²; ЧЕЛМУШИ 1 2.0м²; МУРАВЬЁВЫ 4.5м²; ЛАХДЕНПОХЬЯ 3.0м²; АНЬЯЛОВО 3.0м²; КАРПОВЫ 5.5м²; РЯЗАНЬ 4.5м²; СНЕТКОВО 2 СПАЛЬНИ 3.0м²; СНЕТКОВО ХОЗ 3.0м²; ОРЖИЦЫ 3.0м²; ЧЕЛМУШИ 2 2.0м²; ЧЕЛМУШИ 3 2.0м²; ЧЕЛМУШИ 4 2.0м²,Планировки\ЗАГРУЗКА НАГЛЯДНО ДЛЯ НИКОЛАЯ НИКОЛАЕВИЧА.pdf (стр.1)
индивидуальная планировка,в5,планировка,1,229.3,216.9,терраса:1,Жилая площадь 64.2м²; Площадь застройки 75.2м²; Крытая терраса 12.4м²; Жилая площадь 5.1м²; Площадь застройки 8.2м²; комната 11.36м²; комната 24.24м²; комната 11.12м²; комната 5.21м²; комната 5.42м²; комната 6.85м²,Работы Валя\Кубик\Индивидуальная планировка в5.pdf (стр.1)
итоговая планировка,,планировка,1,194.8,177.2,"гостиная:1, кухня:1, прихожая:1, санузел:2, спальня:4",Гостиная 69.6м²; Спальня 12.54м²; Спальня 12.54м²; Кухня 48.5м²; Холл 6.45м²; Санузел 4.54м²; Санузел 5.84м²; Спальня 13.53м²; Спальня 3.68м²; Гараж 8.8м²; Гараж 8.8м²,Загрузки Валя\Итоговая планировка.pdf (стр.1)
итоговая планировка (1),,планировка,1,93.8,73.5,"гостиная:1, санузел:2, спальня:1, терраса:1",ПМ 2.4м²; С/У 2.4м²; С/У+Суи М 4.83м²; балкон 2.4м²; коридор 7.7м²; кухня-гостиная 35.0м²; спальня 11.72м²; кабинет 9.49м²; терраса 17.85м²,Работы Валя\Сестра Васи Чехофф\Хозблок\Итоговая планировка (1).pdf (стр.1)
итоговая планировка (2),,планировка,1,194.0,194.0,"гостиная:1, кухня:1, спальня:9",Гостиная 69.6м²; Кухня 48.5м²; Спальня 12.54м²; Спальня 12.54м²; Спальня 13.53м²; Спальня 9.16м²; Спальня 9.16м²; Спальня 3.42м²; Спальня 3.42м²; Спальня 3.35м²; Спальня 8.8м²,Загрузки Валя\Итоговая планировка (2).pdf (стр.1)
итоговая планировка (3),,планировка,1,86.6,68.7,"гостиная:1, кухня:1, прихожая:1, санузел:1, спальня:1, терраса:1",Спальня 7.7м²; Гостиная 35.0м²; Кухня 11.72м²; Санузел 4.83м²; Прихожая 9.49м²; Терраса 17.85м²,Загрузки Валя\Итоговая планировка (3).pdf (стр.1)
итоговая планировка (4),,планировка,1,68.2,63.4,"гостиная:1, кухня:1, санузел:2, спальня:1",ПМ 2.4м²; С/У 2.4м²; Балкон 4.83м²; С/У+Суи М 2.4м²; Кухня-столовая 35.0м²; Гостиная 11.72м²; Спальня 9.49м²,Загрузки Валя\Итоговая планировка (4).pdf (стр.1)
итоговая планировка без расширения,,планировка,1,91.1,91.1,"гостиная:1, кухня:1, прихожая:1, санузел:5, спальня:1",Гостиная 37.78м²; Спальня 12.54м²; Духовка 4.54м²; Холл 6.3м²; Кухня 10.45м²; Санузел 3.84м²; Санузел 3.39м²; Санузел 2.84м²; Санузел 4.01м²; Санузел 5.45м²,Загрузки Валя\Итоговая планировка без расширения.pdf (стр.1)
итоговая планировка без расширения (1),,планировка,1,91.1,91.1,"гостиная:1, кухня:1, прихожая:1, санузел:5, спальня:1",Гостиная 37.78м²; Спальня 12.54м²; Духовка 4.54м²; Холл 6.3м²; Кухня 10.45м²; Санузел 3.84м²; Санузел 3.39м²; Санузел 2.84м²; Санузел 4.01м²; Санузел 5.45м²,Загрузки Валя\Итоговая планировка без расширения (1).pdf (стр.1)
итоговая планировка павел,,планировка,2,129.9,129.9,"гостиная:2, прихожая:2, санузел:2, спальня:2",спальня 10.45м²; кухня-гостиная 33.52м²; ванная 4.88м²; прихожая 12.08м²; кладовая 4.0м²; спальня 10.45м²; санузел 4.88м²; кухня-гостиная 33.52м²; прихожая 12.08м²; кладовая 4.0м²,Работы Валя\Москва Павел\KD PAvel\сборка листов\Итоговая планировка Павел.pdf (стр.1) | Работы Валя\Москва Павел\Итоговая планировка Павел.pdf (стр.1)
итоговая планировка павел (1),,планировка,1,64.9,64.9,"гостиная:1, прихожая:1, санузел:1, спальня:1",спальня 10.45м²; кухня-гостиная 33.52м²; ванная 4.88м²; прихожая 12.08м²; кладовая 4.0м²,Загрузки Валя\Итоговая планировка Павел (1).pdf (стр.1)
итоговая планировка павел (2),,планировка,1,64.9,64.9,"гостиная:1, санузел:1, спальня:1",спальня 10.45м²; кухня-гостиная 33.52м²; ванная 4.88м²; коридор 12.08м²; кладовая 4.0м²,Загрузки Валя\Итоговая планировка Павел (2).pdf (стр.1)
итоговые планировки выставочных бань в работу,,планировка,1,33.2,33.2,,комната 5.5м²; комната 7.7м²; комната 20.0м²,Планировки\Lampi 4\Итоговые планировки выставочных бань в работу.pdf (стр.1)
итоговые планировки выставочных бань в работу (1),,планировка,1,13.2,13.2,кухня:1,Кухня 5.5м²; Жилая комната 7.7м²,Загрузки Валя\Итоговые планировки выставочных бань в работу (1).pdf (стр.1)
карповы,в10,планировка,1,109.4,109.4,"гостиная:1, кухня:1, прихожая:2, санузел:4, спальня:2",Спальня 13.4м²; Спальня 8.9м²; Кабинет 11.63м²; Гостиная 35.42м²; Кухня 7.2м²; Санузел 4.76м²; Санузел 5.15м²; Прихожая 4.92м²; Холл 8.36м²; Санузел 4.17м²; Санузел 5.5м²,Работы Валя\Карповы\Карповы в10.pdf (стр.1)
карповы,в11,планировка,1,105.9,105.9,,комната 11.64м²; комната 11.09м²; комната 10.74м²; комната 38.45м²; комната 3.61м²; комната 9.59м²; комната 6.7м²; комната 4.18м²; комната 5.1м²; комната 4.76м²,Работы Валя\Карповы\Карповы в11.pdf (стр.1)
карповы,в12,планировка,1,105.7,105.7,"гостиная:1, кухня:1, прихожая:1, санузел:2, спальня:2",гостиная 38.45м²; спальня 11.09м²; спальня 10.74м²; кухня-столовая 11.49м²; санузел 3.61м²; ванная 9.59м²; прихожая 4.18м²; кладовая 6.7м²; лестничная клетка 5.1м²; коридор 4.76м²,Работы Валя\Карповы\Карповы в12.pdf (стр.1)
карповы,в14,планировка,1,105.9,105.9,,СТМ 3.61м²; комната 10.74м²; комната 11.09м²; комната 11.64м²; комната 38.45м²; комната 4.18м²; комната 4.76м²; комната 5.1м²; комната 6.7м²; комната 9.59м²,Работы Валя\Карповы\Карповы в14.pdf (стр.1)
карповы,в2,планировка,1,91.4,91.4,"гостиная:1, кухня:1, санузел:2, спальня:1",гостиная 34.5м²; кухня 6.82м²; холодильник; спальня 10.1м²; ванная 5.7м²; туалет 4.33м²; коридор 4.12м²; гардеробная 11.91м²; комната 11.83м²; кладовая 2.13м²,Планировки\Карповы в2.pdf (стр.1)
карповы,в3,планировка,1,105.6,105.6,"гостиная:1, кухня:1, санузел:3, спальня:1",гостиная 18.0м²; кухня 6.82м²; спальня 10.1м²; санузел 1.84м²; гардеробная 11.94м²; коридор 34.5м²; ванная 5.32м²; туалет 5.14м²; кладовая 4.95м²; лестница 7.0м²,Планировки\Карповы в3.pdf (стр.1)
карповы,в4,планировка,1,110.5,110.5,"гостиная:1, кухня:1, санузел:3, спальня:1",гостиная 18.0м²; кухня 6.82м²; спальня 10.1м²; санузел 1.84м²; коридор 34.5м²; гардеробная 11.94м²; кабинет 11.86м²; ванная 5.32м²; туалет 5.14м²; кладовая 4.95м²,Работы Валя\Карповы\Карповы в4.pdf (стр.1)
карповы,в5,планировка,1,91.6,91.6,"гостиная:1, кухня:1, санузел:3, спальня:1",гостиная 34.5м²; кухня 6.82м²; спальня 10.1м²; санузел 2.03м²; гардеробная 11.67м²; коридор 4.02м²; ванная 5.32м²; туалет 5.14м²; прачечная 4.95м²; кладовая 7.0м²,Работы Валя\Карповы\Карповы в5.pdf (стр.1)
карповы,в6,планировка,1,96.1,96.1,"гостиная:1, кухня:1, санузел:3, спальня:1",гостиная 34.5м²; кухня 6.82м²; спальня 10.1м²; санузел 2.03м²; гардеробная 11.67м²; коридор 4.02м²; кабинет 11.59м²; ванная 5.32м²; туалет 5.14м²; кладовая 4.95м²,Работы Валя\Карповы\Карповы в6.pdf (стр.1)
карповы,в8,планировка,1,89.1,89.1,"гостиная:1, кухня:1, санузел:2, спальня:1",гостиная 35.6м²; кухня 4.76м²; санузел 5.1м²; спальня 14.41м²; гардеробная 10.34м²; санузел 3.15м²; коридор 9.21м²; лестница 6.53м²,Работы Валя\Карповы\Карповы в8.pdf (стр.1)
карповы,в9,планировка,1,90.8,90.8,"гостиная:1, кухня:1, санузел:3",гостиная 34.17м²; кухня 5.7м²; холодильник 1.865м²; ванная 5.32м²; туалет 5.14м²; коридор 4.95м²; гардеробная 11.6м²; гардеробная 11.6м²; санузел 2.03м²; лестница 8.42м²,Работы Валя\Карповы\Карповы в9.pdf (стр.1)
карповы ,,планировка,1,105.9,105.9,"гостиная:1, прихожая:1, санузел:3, спальня:3",спальня 11.64м²; спальня 11.09м²; спальня 10.74м²; кухня-гостиная 38.45м²; ванная 4.76м²; туалет 5.1м²; коридор 4.18м²; гардеробная 6.7м²; санузел 9.59м²; прихожая 3.61м²,Планировки\Карповы .pdf (стр.1)
карповы в производство,,планировка,1,108.8,104.0,"гостиная:1, кухня:1, санузел:4, спальня:2, терраса:1",гостиная 38.45м²; кухня 11.64м²; спальня 11.09м²; спальня 10.74м²; ванная 3.61м²; туалет 2.92м²; коридор 9.59м²; гардеробная 6.7м²; санузел 4.18м²; санузел 5.1м²; терраса 4.76м²,Планировки\Lampi 4\Карповы в производство.pdf (стр.1)
карповы гп,,планировка,1,0.0,0.0,,,Планировки\Lampi 4\Карповы ГП.pdf (стр.1)
карповы предв,,планировка,1,0.0,0.0,"гостиная:1, санузел:1, спальня:1",спальня; ванная; гардеробная; кухня-гостиная,Планировки\Карповы предв.pdf (стр.1)
кассеты,,спецификация,1,0.0,0.0,,,2025\Дома\Планировка 3МД Баня 3М Лопухинка 2\КАССЕТЫ\Кассеты.pdf (стр.1)
кассеты и планки для заказа - баня хутор,,разрез,3,0.0,0.0,,,2025\Дома\Планировка 3МД Баня 3М Лопухинка 2\КАССЕТЫ\Кассеты и планки для заказа - Баня Хутор.pdf (стр.1) | 2025\Дома\Планировка 3МД Баня 3М Лопухинка 2\КАССЕТЫ\Кассеты и планки для заказа - Баня Хутор.pdf (стр.2) | 2025\Дома\Планировка 3МД Баня 3М Лопухинка 2\КАССЕТЫ\Кассеты и планки для заказа - Баня Хутор.pdf (стр.3)
квс 2мд  - габариты модулей,,спецификация,1,0.0,0.0,,,без адреса\КВС 2мд  - габариты модулей.pdf (стр.1)
квс 5мд   - габариты модулей,,спецификация,1,0.0,0.0,,,без адреса\КВС 5МД   - габариты модулей.pdf (стр.1)
квс 5мд   - габариты модулей — копия,,спецификация,1,0.0,0.0,,,без адреса\КВС 5МД   - габариты модулей — копия.pdf (стр.1)
комплектация домов без бани,,планировка,3,158.8,104.8,"гостиная:1, кухня:1, санузел:1, спальня:1, терраса:2",спальня 8.9м²; ванная 3.15м²; коридор 3.25м²; кухня 17.5м²; терраса 18.0м²; СТМ 4.45м²; ПМ; Х; ВХОД 3.0м²; студия 28.55м²; терраса 18.0м²; ВХОД 3.0м²; ПМ 4.45м²; СТМ; гостиная 28.55м²; балкон 18.0м²,Работы Валя\Аля Точка на карте\ФИНАЛИМ ПЛАНИРОВКИ\Комплектация домов без бани.pdf (стр.1) | Работы Валя\Аля Точка на карте\ФИНАЛИМ ПЛАНИРОВКИ\Комплектация домов без бани.pdf (стр.2) | Работы Валя\Аля Точка на карте\ФИНАЛИМ ПЛАНИРОВКИ\Комплектация домов без бани.pdf (стр.3)
комплектация домов снетковское,,планировка,3,158.8,104.8,"гостиная:2, санузел:1, спальня:1, терраса:1",спальня 8.9м²; кухня-гостиная 17.5м²; балкон 18.0м²; ванная 3.15м²; коридор 3.25м²; СТМ 4.45м²; ПМ; Х; ВХОД 3.0м²; студия 28.55м²; терраса 18.0м²; ВХОД 3.0м²; ПМ 4.45м²; СТМ; гостиная 28.55м²; балкон 18.0м²,Работы Валя\Аля Точка на карте\ФИНАЛИМ ПЛАНИРОВКИ\Комплектация домов Снетковское.pdf (стр.1) | Работы Валя\Аля Точка на карте\ФИНАЛИМ ПЛАНИРОВКИ\Комплектация домов Снетковское.pdf (стр.2) | Работы Валя\Аля Точка на карте\ФИНАЛИМ ПЛАНИРОВКИ\Комплектация домов Снетковское.pdf (стр.3)
коркино 4мд + терраса,,планировка,1,85.3,53.1,"гостиная:1, санузел:1, сауна:1, терраса:1",Парная 8.15м²; Душевые 7.57м²; Комната отдыха 4.77м²; С/У 4.63м²; Гостиная-Кухня 27.95м²; Терраса 32.27м²,2025\Планировки\Юра\Коркино 4МД + терраса.pdf (стр.1)
коркино спа 3мд,,планировка,1,70.1,47.9,"гостиная:1, прихожая:1, санузел:1, сауна:1, терраса:1",Парная 10.17м²; Помывочная 5.78м²; Комната отдыха 12.55м²; Туалет 1.05м²; Кухня-Гостиная 16.22м²; Прихожая 2.18м²; Крыльцо 3.0м²; Терраса (Крытая) 19.19м²,2025\Планировки\Юра\Коркино СПА 3МД.pdf (стр.1)
коркино спа 3мд,в2,планировка,1,70.1,47.9,"гостиная:1, прихожая:1, санузел:1, сауна:1, терраса:1",Парная 10.17м²; Помывочная 5.78м²; Комната отдыха 12.55м²; Туалет 1.05м²; Кухня-Гостиная 16.22м²; Прихожая 2.18м²; Крыльцо 3.0м²; Терраса (Крытая) 19.19м²,2025\Планировки\Юра\Коркино СПА 3МД В2.pdf (стр.1)
коркино спа 3мд,в3,планировка,1,70.1,47.9,"гостиная:1, прихожая:1, санузел:1, сауна:1, терраса:1",Парная 10.17м²; Помывочная 5.78м²; Комната отдыха 12.55м²; Туалет 1.05м²; Кухня-Гостиная 16.22м²; Прихожая 2.18м²; Крыльцо 3.0м²; Терраса (Крытая) 19.19м²,2025\Планировки\Юра\Коркино СПА 3МД В3.pdf (стр.1)
коркино спа 3мд,в4,планировка,1,70.1,47.9,"гостиная:1, прихожая:1, санузел:1, сауна:1, терраса:1",Парная 10.17м²; Помывочная 5.78м²; Комната отдыха 12.55м²; Туалет 1.05м²; Кухня-Гостиная 16.22м²; Прихожая 2.18м²; Крыльцо 3.0м²; Терраса (Крытая) 19.19м²,2025\Планировки\Юра\Коркино СПА 3МД В4.pdf (стр.1)
кофейня 1,,планировка,1,18.4,18.4,кухня:1,зал 12.42м²; кухня 5.94м²,Работы Валя\Каток\Планировки\Кофейня 1.pdf (стр.1)
кофейня 2,,планировка,1,9.4,9.4,"кухня:1, санузел:1",кухня 6.68м²; санузел 2.69м²,Работы Валя\Каток\Планировки\Кофейня 2.pdf (стр.1)
кп на строительство дома  2 мд .,,планировка,3,120.4,104.0,"гостиная:2, кухня:1, прихожая:2, санузел:1, спальня:2, терраса:1",Прихожая 1.79м²; Спальня 8.91м²; Гостиная 18.4м²; Терраса 16.4м²; ДОМ - СТУДИЯ 39.9м²; спальня 9.0м²; кухня 3.23м²; ванная 3.0м²; прихожая 1.29м²; гостиная 18.52м²,С рабочего стола Юры (бывш Аркадий)\КП на строительство дома  2 МД ..pdf (стр.1) | С рабочего стола Юры (бывш Аркадий)\КП на строительство дома  2 МД ..pdf (стр.2) | С рабочего стола Юры (бывш Аркадий)\КП на строительство дома  2 МД ..pdf (стр.3)
кпп уютный берег,,планировка,1,0.0,0.0,,,2025\Планировки\Вводные\КП Уютный берег\КПП Уютный Берег.pdf (стр.1)
красное озеро,в1,планировка,1,54.5,54.5,"гостиная:1, кухня:1, прихожая:1, санузел:2, спальня:1",гостиная 21.0м²; кухня 3.6м²; спальня 11.98м²; ванная 3.84м²; туалет 2.42м²; коридор 3.71м²; кладовая 3.06м²; прихожая 1.86м²; лестница 3.0м²,Планировки\Lampi 4\Красное озеро в1.pdf (стр.1)
красное озеро,в2,планировка,1,50.9,50.9,"гостиная:1, прихожая:1, санузел:2, спальня:1",спальня 11.98м²; кухня-гостиная 21.0м²; санузел 3.84м²; ванная 2.42м²; коридор 3.71м²; прихожая 3.06м²; кладовая 1.86м²; лестница 3.0м²,Планировки\Lampi 4\Красное озеро в2.pdf (стр.1)
кровля расчет,,разрез,1,0.0,0.0,,,2025\Планировки\Для Василия\Кровля расчет.pdf (стр.1)
кубик планировка,,разрез,1,0.0,0.0,,,Работы Валя\Кубик\Кубик планировка.pdf (стр.1)
куперы,в1,планировка,1,42.4,42.4,"гостиная:1, кухня:1, санузел:1, спальня:1",гостиная 14.02м²; кухня 15.0м²; спальня 8.09м²; санузел 3.62м²; коридор 1.69м²; ПМ,Планировки\Обновленные\Куперы в1.pdf (стр.1)
л.юдмила сашино 3мд в2 ф,,планировка,1,72.3,47.2,"гостиная:1, прихожая:1, санузел:1, спальня:1, терраса:1",Кухня-Гостиная 20.75м²; Спальня 11.12м²; Гардеробная 3.13м²; Тех. помещение 2.21м²; С/У 4.85м²; Прихожая 5.1м²; Крыльцо 3.6м²; Терраса 21.57м²,2025\Планировки\Юра\Л.юдмила Сашино 3МД В2 Ф.pdf (стр.1)
л.юдмила сашино 3мд в3 финал,,планировка,1,72.3,47.2,"гостиная:1, прихожая:1, санузел:1, спальня:1, терраса:1",Кухня-Гостиная 20.75м²; Спальня 11.12м²; Гардеробная 3.13м²; Тех. помещение 2.21м²; С/У 4.85м²; Прихожая 5.1м²; Крыльцо 3.6м²; Терраса 21.57м²,2025\Планировки\Юра\Л.юдмила Сашино 3МД В3 Финал.pdf (стр.1)
ладога парк итоговая,,планировка,1,46.6,38.3,"гостиная:1, санузел:1, спальня:1",кухня-гостиная 19.4м²; спальня 14.58м²; санузел 3.23м²; коридор 1.08м²; балкон 8.27м²,Планировки\Собрать проект\Ладога парк итоговая.pdf (стр.1)
лахденпохья 2м,в3,планировка,1,50.9,50.9,"гостиная:1, кухня:1, санузел:1",гостиная 18.0м²; кухня 28.55м²; санузел 4.4м²,Работы Валя\Карповы\Лахденпохья 2м в3.pdf (стр.1)
лахденпохья 3м,в2,планировка,1,70.3,70.3,"гостиная:1, кухня:1, санузел:1, спальня:1",гостиная 23.4м²; кухня 18.0м²; спальня 9.5м²; кабинет 8.6м²; гардеробная 3.6м²; ванная 4.2м²; ПМ 3.0м²,Работы Валя\Сестра Васи Чехофф\Лахденпохья 3м в2.pdf (стр.1)
лахденпохья 3м в производство,,планировка,1,52.3,52.3,"гостиная:1, прихожая:1, санузел:1, спальня:2",спальня 8.6м²; спальня 9.5м²; кухня-гостиная 23.4м²; коридор 3.6м²; санузел 4.2м²; прихожая 3.0м²,Планировки\Обновленные\Лахденпохья 3м в производство.pdf (стр.1)
лахденпохья 6мд - отделка интерьерная доска,,планировка,1,0.0,0.0,,,2025\Дома\Пол Окенфольд\ОТДЕЛКА\Лахденпохья 6МД - ОТДЕЛКА Интерьерная доска.pdf (стр.1)
лемболовское ресепция,в4,планировка,1,28.4,28.4,,комната 9.6м²; комната 18.83м²,Работы Валя\Карповы\Лемболовское ресепция в4.pdf (стр.1)
лемболовское ресепшен,в2,планировка,1,28.4,28.4,"кухня:1, спальня:1",Кухня-столовая 9.6м²; Спальня 18.83м²,Работы Валя\1FF\Лемболовское ресепшен в2.pdf (стр.1)
"лесное озеро - фасады, планировка",,"планировка, фасад",6,198.5,198.5,"гостиная:2, кухня:2, прихожая:2, спальня:6",спальня 1 17.5м²; гостиная 29.1м²; кухня 10.7м²; прихожая 9.57м²; спальня 2 10.77м²; спальня 3 10.77м²; кладовая 4.45м²; отделение 4.2м²; тех помещение 4.38м²; спальня 1 17.5м²; гостиная 29.1м²; кухня 10.7м²; прихожая 9.57м²; спальня 2 10.77м²; спальня 3 10.77м²; кладовая 4.45м²; откидное 4.2м²,"2025\Дома\6МД Лесное Озеро\Новая папка\Лесное озеро - Фасады, планировка.pdf (стр.1) | 2025\Дома\6МД Лесное Озеро\Новая папка\Лесное озеро - Фасады, планировка.pdf (стр.2) | 2025\Дома\6МД Лесное Озеро\Новая папка\Лесное озеро - Фасады, планировка.pdf (стр.3) | 2025\Дома\6МД Лесное Озеро\Планировка и фасады\Лесное озеро - Фасады, планировка.pdf (стр.1) | 2025\Дома\6МД Лесное Озеро\Планировка и фасады\Лесное озеро - Фасады, планировка.pdf (стр.2) | 2025\Дома\6МД Лесное Озеро\Планировка и фасады\Лесное озеро - Фасады, планировка.pdf (стр.3)"
"максим 4,5м",в2,планировка,1,72.1,72.1,"гостиная:1, кухня:1, санузел:2, спальня:1",кухня 7.61м²; ПМХ; столовая 24.73м²; гостиная 14.81м²; спальня 9.73м²; санузел 3.64м²; коридор 5.15м²; кладовая 2.58м²; ванная 3.85м²,"Планировки\Lampi 4\Максим 4,5м в2.pdf (стр.1)"
малышев (коррекция мебелировки),,планировка,1,126.9,111.4,"гостиная:1, кухня:1, прихожая:1, санузел:3, спальня:2",гараж 15.44м²; ванная 3.75м²; спальня 13.57м²; кухня 6.4м²; коридор 6.3м²; столовая 5.5м²; прихожая 5.15м²; гардеробная 4.31м²; гостиная 43.57м²; ванная 4.52м²; туалет 4.05м²; спальня 14.31м²,Планировки\Малышев (коррекция мебелировки).pdf (стр.1)
малышев чехофф свайное поле,,спецификация,1,0.0,0.0,,,Планировки\Обновленные\Малышев Чехофф свайное поле.pdf (стр.1)
малышево,в7,планировка,1,137.1,121.7,"гостиная:1, кухня:1, санузел:3, спальня:5",гараж 15.44м²; ванная 3.75м²; спальня 13.57м²; кухня 6.4м²; коридор 6.3м²; гостиная 43.57м²; спальня 5.5м²; спальня 5.15м²; ванная 4.31м²; спальня 4.52м²; ванная 14.31м²; спальня 14.31м²,Работы Валя\Карповы\Малышево в7.pdf (стр.1)
масим планировочное решение на согласование,,планировка,2,134.4,98.4,"кухня:2, санузел:2, спальня:3",кухня-столовая 23.42м²; спальня 9.3м²; спальня 9.0м²; коридор 4.73м²; ванная 4.26м²; лестница 3.0м²; балкон 18.0м²; кухня-столовая 23.42м²; спальня 9.3м²; ванная 4.26м²; гардеробная 4.73м²; коридор 3.0м²; балкон 18.0м²,Работы Валя\Сестра Васи Чехофф\Масим планировочное решение на согласование.pdf (стр.1) | Работы Валя\Эксперименты с подачей проектов\Наработки с Николаем\ЦЕХ 2\Масим планировочное решение на согласование.pdf (стр.1)
масим планировочное решение на согласование (1),,планировка,1,71.7,71.7,"гостиная:1, кухня:1, санузел:1, спальня:1",кухня-столовая 23.42м²; спальня 9.3м²; ванная 4.26м²; гардеробная 4.73м²; коридор 9.0м²; лоджия 3.0м²; гостиная 18.0м²,Загрузки Валя\Масим планировочное решение на согласование (1).pdf (стр.1)
мгн 3мд вариант 1,,,1,0.0,0.0,,,2025\Планировки\Юра\МГН 3МД Вариант 1.pdf (стр.1)
мельниково,в1,планировка,1,108.8,85.3,"гостиная:1, санузел:2, спальня:2, терраса:1",терраса 23.53м²; кухня-гостиная 40.33м²; спальня 10.78м²; спальня 10.78м²; ванная 5.61м²; санузел 9.01м²; коридор 5.79м²; лестница 3.0м²,Планировки\Мельниково в1.pdf (стр.1)
мельниково в1 перевернуть,,планировка,1,85.3,85.3,"гостиная:1, кухня:1, санузел:2, спальня:2",спальня 10.78м²; спальня 10.78м²; ванная 5.61м²; туалет 5.79м²; кухня 9.01м²; гостиная 40.33м²; коридор 3.0м²,Планировки\Мельниково в1 перевернуть.pdf (стр.1)
металл lampi бриллиант,,спецификация,1,0.0,0.0,,,Планировки\Lampi 4\Металл Lampi Бриллиант.pdf (стр.1)
микромодуль лофт,в1,разрез,1,11.9,11.9,"кухня:1, санузел:1",лестница 7.25м²; кухня 2.65м²; ванная 2.0м²,Работы Валя\Карповы\Микромодуль лофт в1.pdf (стр.1)
минибарн 6м,в2,планировка|фасад|разрез,1,11.3,11.3,,2 этаж (лофт) 6.7м²; 1 этаж 2.0м²; 1 этаж 2.65м²,Планировки\Минибарн 6м в2.pdf (стр.1)
минипарная,в1,планировка,1,8.9,5.9,"сауна:1, терраса:1",Парная 5.93м²; Терраса 3.0м²,2026\Планировки\Юра\Минипарная В1.pdf (стр.1)
минипарная,в2,планировка,1,8.9,5.9,"сауна:1, терраса:1",Парная 5.93м²; Терраса 3.0м²,2026\Планировки\Юра\Минипарная В2.pdf (стр.1)
минипарная,в3,планировка,1,9.3,9.3,сауна:1,Парная 5.2м²; Комната отдыха 4.13м²,2026\Планировки\Юра\Минипарная В3.pdf (стр.1)
минипарная,в4,планировка,1,9.3,9.3,сауна:1,Парная 5.2м²; Комната отдыха 4.13м²,2026\Планировки\Юра\Минипарная В4.pdf (стр.1)
минисауна с тераасой,в1,планировка,1,9.7,3.7,"сауна:1, терраса:1",Парная 3.68м²; Терраса 6.0м²,2026\Планировки\Юра\МиниСауна с тераасой В1.pdf (стр.1)
мо в1.1,,планировка,1,76.7,58.7,"гостиная:1, кухня:1, прихожая:1, санузел:2, терраса:1",гостиная 31.17м²; кухня 15.27м²; санузел 2.91м²; ванная 3.36м²; прихожая 5.98м²; терраса 18.0м²,Работы Валя\1FF\МО в1.1.pdf (стр.1)
мо в2.1,,планировка,1,84.6,66.6,"гостиная:1, прихожая:1, санузел:2, спальня:1, терраса:1",кухня-гостиная 36.02м²; спальня 15.27м²; санузел 3.36м²; ванная 4.77м²; прихожая 4.21м²; кладовая 3.0м²; терраса 18.0м²,Работы Валя\1FF\МО в2.1.pdf (стр.1)
мо в2.2,,планировка,1,69.3,69.3,"гостиная:1, санузел:2, спальня:1",кухня-гостиная 37.0м²; спальня 14.52м²; санузел 3.15м²; санузел 2.7м²; коридор 4.77м²; кладовая 4.21м²; кладовая 3.0м²,Работы Валя\1FF\МО в2.2.pdf (стр.1)
модуль охраны,,планировка,1,15.5,15.5,,комната 8.47м²; комната 4.07м²; комната 3.0м²,Планировки\Модуль охраны.pdf (стр.1)
модуль с навесом,в1,планировка,1,16.1,16.1,,комната 7.97м²; комната 8.15м²,Работы Валя\Карповы\Модуль с навесом в1.pdf (стр.1)
москва. евгения 11мд  - габариты модулей,,спецификация,1,0.0,0.0,,,2026\Для Коли\Москва. Евгения 11мд  - габариты модулей.pdf (стр.1)
москва. евгения 11мд - свайное поле с коммуникациями,,другое,1,0.0,0.0,,,2026\Для Коли\Москва. Евгения 11мд - свайное поле с коммуникациями.pdf (стр.1)
"москва_евгения_11_мд_планировка,_фасады,_спецификация_окон_и_дверей",,"планировка, фасад",3,249.5,182.5,"гостиная:1, кухня:1, прихожая:2, санузел:4, спальня:3, терраса:1",Спальная 16.87м²; С/У 3.92м²; С/У 4.73м²; Спальная 15.88м²; Коридор 7.71м²; Прихожая 13.36м²; С/У 2.44м²; Гостиная 40.31м²; Кухня 11.47м²; Кладовая 8.05м²; Котельная 7.33м²; Кабинет 13.6м²; Холл 6.22м²; С/У 8.28м²; Спальная 22.35м²; Терраса 60.44м²; Крыльцо 3.58м²; Крыльцо 3.0м²,"2025\Дома\11МД Москва Евгения\Москва_Евгения_11_мд_Планировка,_фасады,_спецификация_окон_и_дверей.pdf (стр.1) | 2025\Дома\11МД Москва Евгения\Москва_Евгения_11_мд_Планировка,_фасады,_спецификация_окон_и_дверей.pdf (стр.2) | 2025\Дома\11МД Москва Евгения\Москва_Евгения_11_мд_Планировка,_фасады,_спецификация_окон_и_дверей.pdf (стр.3)"
мск 12,в1,планировка,1,84.0,67.3,"гостиная:1, кухня:1, прихожая:1, санузел:1, спальня:1",гостиная 34.01м²; кухня 7.6м²; спальня 11.26м²; кабинет 10.55м²; санузел 2.0м²; прихожая 1.9м²; балкон 16.72м²,Работы Валя\Карповы\МСК 12 в1.pdf (стр.1)
мсквн,,планировка,1,100.8,100.8,"гостиная:1, кухня:1, санузел:2, спальня:1",гостиная 56.84м²; кухня 18.7м²; спальня 16.95м²; ванная 4.47м²; туалет 3.86м²,2025\Планировки\Вводные\МСКВН.pdf (стр.1)
муравьевы итог,,планировка,1,75.9,75.9,"гостиная:1, кухня:1, санузел:2, спальня:1",гостиная 35.0м²; кухня 9.49м²; спальня 11.72м²; ванная 4.83м²; туалет 2.4м²; коридор 7.7м²; гардеробная 4.79м²,Планировки\Муравьёвы итог.pdf (стр.1)
на участке,,планировка,1,0.0,0.0,,,Планировки\Собрать проект 2\На участке.pdf (стр.1)
навес,,планировка,1,14.4,14.4,,ниша под досвятник 5.7м²; место для квадроцикла 8.7м²,Планировки\Обновленные\навес.pdf (стр.1)
настя,,планировка,1,27.8,27.8,"гостиная:1, санузел:1, спальня:1",кухня-гостиная 27.81м²; спальня; ванная,Планировки\Настя\Настя.pdf (стр.1)
николай_квартира_планировка_16_01_2023,,планировка,1,0.0,0.0,"гостиная:1, санузел:1, спальня:1",гостиная; спальня; коридор; ванная; балкон,Работы Валя\5 модулей друг Василия\Благоустройство\николай_квартира_планировка_16_01_2023.pdf (стр.1)
николай_квартира_планировка_16_01_2023 (1),,планировка,1,0.0,0.0,"гостиная:1, санузел:1, спальня:1",гостиная; спальня; коридор; ванная; балкон,Загрузки Валя\николай_квартира_планировка_16_01_2023 (1).pdf (стр.1)
николай_квартира_планировка_24_01_2023 (1),,планировка,1,0.0,0.0,"гостиная:1, санузел:1, спальня:2",гостиная; спальня; спальня; ванная; гардероб,С рабочего стола Юры (бывш Аркадий)\то что было на компе тут\николай_квартира_планировка_24_01_2023 (1).pdf (стр.1)
нью парадайс планировки-layout1 (2),,планировка,1,165.1,158.3,"гостиная:1, кухня:1, прихожая:2, санузел:3, спальня:2",гараж 6.82м²; кладовая 4.34м²; прихожая 2.85м²; холл 3.53м²; кухня 6.0м²; санузел 5.45м²; ванная 5.39м²; спальня 10.88м²; столовая 37.78м²; гостиная 65.7м²; санузел 3.84м²; спальня 12.54м²; дополнительный модуль,Планировки\Нью парадайс планировки-Layout1 (2).pdf (стр.1)
окна боброво,,планировка,1,42.8,42.8,"гостиная:1, кухня:1, санузел:1, спальня:1",гостиная 23.57м²; кухня 5.13м²; спальня 9.08м²; ванная 5.0м²,Планировки\Lampi 4\Окна Боброво.pdf (стр.1)
орехово исправления от 23.04,,планировка,1,53.7,53.7,"гостиная:1, кухня:1, санузел:1, спальня:1",гостиная 9.3м²; кухня 23.42м²; спальня 9.0м²; ванная 4.26м²; гардеробная 4.73м²; коридор 3.0м²,Планировки\Орехово исправления от 23.04.pdf (стр.1)
оржицы,в1,планировка,1,58.7,48.7,"кухня:1, прихожая:1, санузел:1, спальня:1, терраса:1",кухня-столовая 21.85м²; спальня 9.44м²; санузел 3.71м²; гардеробная 4.5м²; прихожая 9.21м²; терраса 10.0м²,Работы Валя\Карповы\Оржицы в1.pdf (стр.1)
оржицы,в2,планировка,1,61.7,61.7,"гостиная:1, кухня:1, прихожая:2, санузел:1",ПМ 10.0м²; Кухня-столовая 21.85м²; Гостиная 9.44м²; Санузел 3.71м²; Холл 4.5м²; СТМ 9.21м²; Прихожая 3.0м²,Работы Валя\Карповы\Оржицы в2.pdf (стр.1)
оржицы,в3,планировка,2,113.6,113.6,"кухня:2, прихожая:1, санузел:2, спальня:1",кухня-столовая 21.85м²; санузел 3.86м²; прихожая 4.35м²; спальня 9.44м²; коридор 9.21м²; лестница 3.08м²; ПМ 21.85м²; кухня 10.0м²; комната 9.44м²; комната 9.21м²; СТМ 4.5м²; ванная 3.71м²; коридор 3.08м²,Планировки\Обновленные\Оржицы в3.pdf (стр.1) | Планировки\Оржицы в3.pdf (стр.1)
оржицы в3 в производство,,планировка,1,51.8,51.8,санузел:1,ПИМ 21.85м²; СТМ 9.44м²; коридор 9.21м²; ванная 3.86м²; кладовая 4.35м²; лестница 3.08м²,Планировки\Оржицы в3 в производство.pdf (стр.1)
офис 101,в1,планировка,1,85.7,85.7,,офис 69.66м²; отделение 6.76м²; комната 2.15м²; комната 2.4м²; комната 4.74м²,Планировки\Собрать проект\Офис 101 в1.pdf (стр.1)
офис 101,в2,планировка,1,85.7,85.7,санузел:1,офисное помещение 69.66м²; санузел 2.15м²; кладовая 2.4м²; коридор 4.74м²; открытое пространство 6.76м²,Планировки\Собрать проект\Офис 101 в2.pdf (стр.1)
офис 101,в3,планировка,1,111.0,111.0,"детская:1, санузел:1",ЗОНА ОЖИДАНИЯ С ТВ 69.55м²; РЕСЕПШН 31.94м²; МАКЕТ; ВЫСТАВОЧНЫЕ ЭКЗЕМПЛЯРЫ; ДЕТСКАЯ ЗОНА; туалет 2.15м²; кладовая 2.4м²; кладовая 4.99м²,Планировки\Собрать проект\Офис 101 в3.pdf (стр.1)
офис 101,в5,планировка,1,74.5,74.5,детская:1,ЗОНА ОЖИДАНИЯ С ТВ 69.55м²; РЕСЕПШН 4.99м²; МАКЕТ; ВЫСТАВОЧНЫЕ ЭКЗЕМПЛЯРЫ; ДЕТСКАЯ ЗОНА,Планировки\Собрать проект\Офис 101 в5.pdf (стр.1)
офис 3 модуля,,планировка,1,40.8,40.8,,комната 17.95м²; комната 14.22м²; комната 3.81м²; комната 2.14м²; комната 2.66м²,Планировки\Собрать проект\Офис 3 модуля.pdf (стр.1)
офис 4мд,в1,планировка,1,98.2,60.0,"прихожая:1, санузел:1, терраса:1",Помещение Персонала 6.4м²; ПУИ 2.17м²; С/У 3.54м²; Тамбур 1.98м²; Зал 41.1м²; Прихожая 4.86м²; Терраса 38.2м²,2025\Планировки\Для Василия\Офис 4МД В1.pdf (стр.1)
офис 4мд,в2,планировка,1,98.2,60.0,"прихожая:1, санузел:1, терраса:1",Помещение Персонала 6.4м²; ПУИ 2.17м²; С/У 3.54м²; Тамбур 1.98м²; Зал 41.1м²; Прихожая 4.86м²; Терраса 38.2м²,2025\Планировки\Для Василия\Офис 4МД В2.pdf (стр.1)
офис 4мд,в3,планировка,1,60.0,60.0,"прихожая:1, санузел:1",Помещение Персонала 6.4м²; ПУИ 2.17м²; С/У 3.54м²; Тамбур 1.98м²; Зал 41.1м²; Прихожая 4.86м²,2025\Планировки\Для Василия\Офис 4МД В3.pdf (стр.1)
офис 4мд,в4,планировка,1,60.0,60.0,"прихожая:1, санузел:1",Помещение Персонала 6.4м²; ПУИ 2.17м²; С/У 3.54м²; Тамбур 1.98м²; Зал 41.1м²; Прихожая 4.86м²,2025\Планировки\Для Василия\Офис 4МД В4.pdf (стр.1)
офис 4мд  - стены,,"планировка, спецификация, узел",3,0.0,0.0,,,2025\Дома\Офис косой\КД Общий\Офис 4МД  - СТЕНЫ.pdf (стр.1) | 2025\Дома\Офис косой\КД Общий\Офис 4МД  - СТЕНЫ.pdf (стр.2) | 2025\Дома\Офис косой\КД Общий\Офис 4МД  - СТЕНЫ.pdf (стр.3)
офис 4мд - кд расчеты,,"другое, расчет, расчет нагрузок",6,0.0,0.0,,,2025\Дома\Офис косой\КД расчеты\Офис 4МД - КД Расчеты.pdf (стр.1) | 2025\Дома\Офис косой\КД расчеты\Офис 4МД - КД Расчеты.pdf (стр.2) | 2025\Дома\Офис косой\КД расчеты\Офис 4МД - КД Расчеты.pdf (стр.3) | 2025\Дома\Офис косой\КД расчеты\Расчеты ф\Офис 4МД - КД Расчеты.pdf (стр.1) | 2025\Дома\Офис косой\КД расчеты\Расчеты ф\Офис 4МД - КД Расчеты.pdf (стр.2) | 2025\Дома\Офис косой\КД расчеты\Расчеты ф\Офис 4МД - КД Расчеты.pdf (стр.3)
офис 4мд - расчеты кд,,"другое, расчет",6,0.0,0.0,,,2025\Дома\Офис косой\КД расчеты\Офис 4МД - Расчеты КД.pdf (стр.1) | 2025\Дома\Офис косой\КД расчеты\Офис 4МД - Расчеты КД.pdf (стр.2) | 2025\Дома\Офис косой\КД расчеты\Офис 4МД - Расчеты КД.pdf (стр.3) | Сборка Парадайз\Офис 4МД - Расчеты КД.pdf (стр.1) | Сборка Парадайз\Офис 4МД - Расчеты КД.pdf (стр.2) | Сборка Парадайз\Офис 4МД - Расчеты КД.pdf (стр.3)
офис 4мд - титул кд,,"другое, разрез, расчет, расчет нагрузок",9,0.0,0.0,,,2025\Дома\Офис косой\КД Общий\Офис 4МД - ТИТУЛ КД.pdf (стр.1) | 2025\Дома\Офис косой\КД Общий\Офис 4МД - ТИТУЛ КД.pdf (стр.2) | 2025\Дома\Офис косой\КД Общий\Офис 4МД - ТИТУЛ КД.pdf (стр.3) | 2025\Дома\Офис косой\КД расчеты\Офис 4МД - ТИТУЛ КД.pdf (стр.1) | 2025\Дома\Офис косой\КД расчеты\Офис 4МД - ТИТУЛ КД.pdf (стр.2) | 2025\Дома\Офис косой\КД расчеты\Офис 4МД - ТИТУЛ КД.pdf (стр.3) | Сборка Парадайз\Офис 4МД - ТИТУЛ КД.pdf (стр.1) | Сборка Парадайз\Офис 4МД - ТИТУЛ КД.pdf (стр.2) | Сборка Парадайз\Офис 4МД - ТИТУЛ КД.pdf (стр.3)
очередь,,планировка,1,42.5,42.5,,АКОП 5.0м²; ЛАХДЕНПОХЬЯ 2.0м²; ЧЕЛМУШИ 1 2.0м²; МУРАВЬЁВЫ 4.5м²; ЛАХДЕНПОХЬЯ 3.0м²; СНЕТКОВО 2 СПАЛЬНИ 3.0м²; ЧЕЛМУШИ 2 2.0м²; МАКСИМ 3.5м²; АНЬЯЛОВО 3.0м²; СНЕТКОВО ХОЗ 3.0м²; ЧЕЛМУШИ 3 2.0м²; РЯЗАНЬ 4.5м²; ОРЖИЦЫ 3.0м²; ЧЕЛМУШИ 4 2.0м²,Планировки\Очередь.pdf (стр.1)
очередь 2.5,,планировка,1,0.0,0.0,,МАКСИМ; ПАРАДАЙС; МУРАВЬЁВЫ; ЭКООЗЕРО,Планировки\Обновленные\Очередь 2.5.pdf (стр.1)
очередь 3,,планировка,1,35.5,35.5,,МАКСИМ 3.5м²; АКОП 5.0м²; АНЬЯЛОВО 3.0м²; РЯЗАНЬ 4.5м²; МУРАВЬЁВЫ 4.5м²; ЧЕЛМУШИ 1 2.0м²; ЛАХДЕНПОХЬЯ 2.0м²; ЧЕЛМУШИ 2 2.0м²; ЛАХДЕНПОХЬЯ 3.0м²; СНЕТКОВО 2 СПАЛЬНИ 3.0м²; СНЕТКОВО ХОЗ 3.0м²,Планировки\Обновленные\ОЧЕРЕДь 3.pdf (стр.1)
падарайс домик,в4,планировка,1,40.0,40.0,"гостиная:1, кухня:2, прихожая:2, санузел:2",Прихожая 9.0м²; Прихожая 9.0м²; Санузел 2.74м²; Санузел 2.74м²; Кухня 3.44м²; Кухня 3.44м²; Гостиная 9.62м²,Работы Валя\1FF\Падарайс домик в4.pdf (стр.1)
падарайс домик,в5,планировка,1,40.0,40.0,,Планшон 9.0м²; Планшон 9.0м²; Планшон 2.74м²; Планшон 2.74м²; Планшон 3.44м²; Планшон 3.44м²; Планшон 9.62м²,Работы Валя\1FF\Падарайс домик в5.pdf (стр.1)
панорамные 1м домики,,планировка,1,0.0,0.0,"гостиная:1, санузел:1, спальня:1",спальня; ванная; кухня-гостиная,Планировки\RANTA\Панорамные 1м домики.pdf (стр.1)
парадайс пристройки,,,1,0.0,0.0,,,Планировки\RANTA\Парадайс пристройки.pdf (стр.1)
парадайс пристройки2,,,1,0.0,0.0,,,Планировки\RANTA\Парадайс пристройки2.pdf (стр.1)
парадайс пристройки3,,,1,0.0,0.0,,,Планировки\RANTA\Парадайс пристройки3.pdf (стр.1)
парапетная планка офис 4мд,,спецификация,2,0.0,0.0,,,стандартные позиции\парапетная планка Офис 4мд.pdf (стр.1) | стандартные позиции\парапетная планка Офис 4мд.pdf (стр.2)
пески 3м,в1,планировка,1,80.0,80.0,"гостиная:1, кухня:1, санузел:1, спальня:2",гостиная 27.0м²; кухня 22.75м²; спальня 9.5м²; спальня 10.45м²; гардеробная 3.1м²; ванная 4.2м²; коридор 3.0м²,Работы Валя\Карповы\Пески 3м в1.pdf (стр.1)
пироги,,разрез,1,0.0,0.0,,,2025\Планировки\Пироги.pdf (стр.1)
план кровели,,разрез,1,0.0,0.0,,,2025\Планировки\Крыша\План кровели.pdf (стр.1)
план кровли,,планировка,1,0.0,0.0,,,2025\Планировки\Крыша\План кровли.pdf (стр.1)
план помещений каменный берег,в1,планировка,1,38.3,38.3,"гостиная:1, санузел:1, спальня:1",Кухня-Гостиная 25.21м²; С/У 3.38м²; Спальня 9.69м²,2025\Дома\Каменный берег 4МД\План помещений Каменный Берег В1.pdf (стр.1)
план помещений каменный берег,в3,планировка,1,38.3,38.3,"гостиная:1, санузел:1, спальня:1",Кухня-Гостиная 25.21м²; С/У 3.38м²; Спальня 9.69м²,2025\Дома\Каменный берег 4МД\План помещений Каменный Берег В3.pdf (стр.1)
план помещений каменный берег,в4,планировка,1,38.3,38.3,"гостиная:1, санузел:1, спальня:1",Кухня-Гостиная 25.21м²; С/У 3.38м²; Спальня 9.69м²,2025\Дома\Каменный берег 4МД\План помещений Каменный Берег В4.pdf (стр.1)
план помещений каменный берег,в5,планировка,1,38.3,38.3,"гостиная:1, санузел:1, спальня:1",Кухня-Гостиная 25.21м²; С/У 3.38м²; Спальня 9.69м²,2025\Дома\Каменный берег 4МД\План помещений Каменный Берег В5.pdf (стр.1)
план помещений каменный берег,в6,планировка,1,38.3,38.3,"гостиная:1, санузел:1, спальня:1",Кухня-Гостиная 25.21м²; С/У 3.38м²; Спальня 9.69м²,2025\Дома\Каменный берег 4МД\План помещений Каменный Берег В6.pdf (стр.1)
план реконструкции,в1,планировка,1,90.8,54.8,"гостиная:1, кухня:1, санузел:1, спальня:1, терраса:1",гостиная 23.57м²; кухня 4.26м²; санузел 5.0м²; коридор 5.13м²; спальня 16.86м²; балкон 9.0м²; балкон 9.0м²; терраса 18.0м²,2025\Планировки\Для Василия\План реконструкции В1.pdf (стр.1)
планирвовка,,планировка,1,44.7,44.7,"гостиная:1, кухня:1, санузел:1",гостиная 18.0м²; кухня 19.4м²; санузел 3.23м²; коридор 1.08м²; кладовая 3.0м²,Планировки\Собрать проект 2\Планирвовка.pdf (стр.1)
планировка,,планировка,10,922.3,601.6,"гостиная:6, кухня:7, прихожая:8, санузел:9, сауна:1, спальня:15, терраса:6",Гараж 15.8м²; Прихожая 5.65м²; Санузел 5.34м²; Кухня 13.53м²; Душевая 3.68м²; Спальня 6.45м²; Спальня 5.45м²; Спальня 5.39м²; Спальня 4.54м²; Спальня 12.54м²; Спальня 12.54м²; Терраса 69.6м²; Гостиная 48.5м²; Спальня 12.54м²; Спальня 12.54м²; Кухня 13.53м²; Ванная 4.54м²; Туалет 3.68м²; Гараж 6.0м²; Прихожая 2.85м²; Холл 3.53м²; Санузел 5.45м²; Кухня 5.39м²; Столовая 4.54м²; Спальня 3.84м²; Спальня 12.54м²; Гостиная 37.78м²; Терраса 65.7м²; Парная 4.09м²; Терраса 2.28м²; Кухня-Гостиная 19.08м²; С/У 3.13м²; Прихожая 2.07м²; Терраса 10.25м²; ПМ 21.15м²; комната 8.95м²; комната 7.77м²; комната 3.68м²; комната 4.63м²; комната 3.0м²; комната 3.59м²; Жилая комната 10.6м²; Прихожая 5.2м²; Кухня 9.0м²; С/У 5.5м²; Гараж 15.8м²; Прихожая 5.65м²; Санузел 3.68м²; Кухня 13.53м²; Столовая 6.45м²; Гостиная 48.5м²; Спальня 12.54м²; Спальня 12.54м²; Терраса 69.6м²; Гостиная 37.78м²; Кухня 10.88м²; Спальня 1 12.54м²; Спальня 2 12.54м²; Холл 6.0м²; Духов 3.84м²; Ст.М. 4.54м²; Терраса 65.7м²; спальня 11.34м²; кухня 4.9м²; ванная 4.12м²; прихожая 5.06м²; гостиная 23.03м²; туалет 2.0м²; коридор 2.3м²,"2024\Прадайз\KD\Хозблок\Планировка.pdf (стр.1) | 2024\Прадайз\Нью парадайс\KD\Хозблок\Планировка.pdf (стр.1) | 2024\Прадайз\Нью парадайс\Сборка 17 августа\Планировка.pdf (стр.1) | 2024\Хозблоки, сауны итп\САУНА\Планировка.pdf (стр.1) | 2026\ДОМА\2МД Оптима\Планировка.pdf (стр.1) | Планировки\Собрать проект\Планировка.pdf (стр.1) | Работы Валя\Геленджик\Планировка.pdf (стр.1) | Работы Валя\Нью парадайс\KD\Хозблок\Планировка.pdf (стр.1) | Работы Валя\Нью парадайс\Сборка 17 августа\Планировка.pdf (стр.1) | Работы Валя\Цветмет\Согласование 20.09\Планировка.pdf (стр.1)"
планировка,в1,планировка,2,0.0,0.0,,,2025\Бани\Баня Кедр Конаково\Планировка В1.pdf (стр.1) | Проекты\Конаково Лампи М\Планировка В1.pdf (стр.1)
планировка 01,,планировка,1,32.9,32.9,санузел:1,с/у 4.1м²; Жилая комната 28.8м²,Работы Валя\Дима\Цех\Планировка 01.pdf (стр.1)
планировка 1,,планировка,3,183.5,165.5,"гостиная:3, кухня:1, прихожая:3, санузел:3, спальня:3, терраса:1",гостиная 23.22м²; кухня 4.9м²; санузел 5.0м²; спальня 10.72м²; терраса 18.0м²; спальня 11.51м²; кухня-гостиная 34.43м²; ванная 4.16м²; прихожая 11.89м²; коридор 3.82м²; лестница 7.2м²; Спальня 11.32м²; Кухня-гостиная 24.07м²; Санузел 4.3м²; Прихожая 4.35м²; Холл 2.3м²; ПМ 2.3м²,Работы Валя\Елена Марс\Планировка 1.pdf (стр.1) | Работы Валя\Москва Павел\Планировка 1.pdf (стр.1) | Работы Валя\У озера\Планировка 1.pdf (стр.1)
планировка 1 (1),,планировка,1,61.8,43.8,"гостиная:1, кухня:1, санузел:1, спальня:1, терраса:1",гостиная 23.22м²; кухня 4.9м²; санузел 5.0м²; спальня 10.72м²; терраса 18.0м²,Загрузки Валя\Планировка 1 (1).pdf (стр.1)
планировка 1 (2),,планировка,1,48.6,48.6,"гостиная:1, прихожая:2, санузел:1, спальня:1",Спальня 11.32м²; Кухня-гостиная 24.07м²; Санузел 4.3м²; Прихожая 4.35м²; Холл 2.3м²; ПМ 2.3м²,Загрузки Валя\Планировка 1 (2).pdf (стр.1)
планировка 1 зеркально,,планировка,1,73.0,73.0,"кухня:1, прихожая:1, санузел:1, спальня:1",кухня-столовая 34.43м²; спальня 11.51м²; ванная 4.16м²; коридор 11.89м²; лестница 7.2м²; прихожая 3.82м²,Работы Валя\Москва Павел\Планировка 1 зеркально.pdf (стр.1)
планировка 1.2,,планировка,1,82.6,64.6,"гостиная:1, кухня:1, прихожая:1, санузел:1, спальня:1, терраса:1",гостиная 23.22м²; кухня 5.16м²; спальня 10.72м²; ванная 5.0м²; коридор 4.9м²; прихожая 7.3м²; кладовая 8.35м²; терраса 18.0м²,Работы Валя\Елена Марс\Планировка 1.2.pdf (стр.1)
планировка 1.3,,планировка,1,64.6,64.6,"гостиная:1, кухня:1, прихожая:1, санузел:1, спальня:1",гостиная 23.22м²; кухня 5.16м²; спальня 10.72м²; ванная 5.0м²; коридор 4.9м²; прихожая 7.3м²; кладовая 8.35м²,Работы Валя\Елена Марс\Планировка 1.3.pdf (стр.1)
планировка 1.3 (1),,планировка,1,64.6,64.6,"гостиная:1, кухня:1, прихожая:1, санузел:1, спальня:1",гостиная 23.22м²; кухня 5.16м²; спальня 10.72м²; ванная 5.0м²; коридор 4.9м²; прихожая 7.3м²; кладовая 8.35м²,Загрузки Валя\Планировка 1.3 (1).pdf (стр.1)
планировка 1.4,,планировка,1,64.6,64.6,"гостиная:1, кухня:1, прихожая:1, санузел:2, спальня:1",гостиная 23.22м²; кухня 5.16м²; спальня 10.72м²; ванная 5.0м²; санузел 4.9м²; прихожая 7.3м²; кладовая 8.35м²,Работы Валя\Елена Марс\Планировка 1.4.pdf (стр.1)
планировка 1.5,,планировка,1,74.3,56.3,"гостиная:1, кухня:1, прихожая:1, санузел:1, спальня:1, терраса:1",гостиная 23.22м²; кухня 5.16м²; спальня 10.72м²; ванная 5.0м²; прихожая 4.9м²; коридор 7.3м²; терраса 18.0м²,Работы Валя\Елена Марс\Планировка 1.5.pdf (стр.1)
планировка 1.8,,планировка,1,58.6,58.6,прихожая:1,Раздевалка 1 6.34м²; Сушильная комната 4.57м²; Холл 7.52м²; Раздевалка 2 5.81м²; Столовая 10.92м²; Офис 23.4м²,Работы Валя\Эксперименты с подачей проектов\RANTA\Хабаровск\Планировка 1.8.pdf (стр.1)
планировка 1мд-модель 1,,планировка,1,15.8,15.8,"гостиная:1, прихожая:1, санузел:1",Гостиная 10.9м²; Прихожая 2.06м²; С/У 2.88м²,2025\Планировки\Юра\Планировка 1МД-Модель 1.pdf (стр.1)
планировка 1мд-модель 2,,планировка,1,15.8,15.8,"гостиная:1, прихожая:1, санузел:1",Гостиная 10.9м²; Прихожая 2.06м²; С/У 2.88м²,2025\Планировки\Юра\Планировка 1МД-Модель 2.pdf (стр.1)
планировка 2.4 (изм 09.02),,планировка,1,33.0,33.0,,Х 8.1м²; БОЛФЕР 4.0м²; неподписанная комната 20.93м²,2026\Планировки\планировка 2.4 (изм 09.02).pdf (стр.1)
планировка 2мд,в1,планировка,1,49.6,49.6,"гостиная:1, кухня:1, санузел:1, спальня:1",коридор 3.0м²; ванная 3.35м²; кухня 19.14м²; спальня 16.14м²; гостиная 8.01м²,2024\Куприенко\Планировка 2МД В1.pdf (стр.1)
планировка 2мд,в2,планировка,1,51.4,32.2,"гостиная:1, прихожая:1, санузел:1, спальня:1, терраса:1",Кухня-Гостиная 19.14м²; Прихожая 1.75м²; Спальня 8.01м²; С/У 3.35м²; Терраса 16.14м²; Крыльцо 3.0м²,2024\Куприенко\Планировка 2МД В2.pdf (стр.1)
планировка 2мд + прихожая мод2,,планировка,1,57.5,36.5,"гостиная:1, прихожая:1, санузел:1, спальня:1, терраса:1",Кухня-Гостиная 20.8м²; Спальная 8.3м²; С/У 3.23м²; Прихожая 4.16м²; Терраса 18.0м²; Крыльцо 3.0м²,2025\Планировки\Для Василия\Отель\Планировка 2МД + Прихожая МОД2.pdf (стр.1)
планировка 2мд+,,планировка,1,58.8,36.2,"гостиная:1, прихожая:1, санузел:1, спальня:1, терраса:1",Кухня-Гостиная 23.39м²; Спальня 8.11м²; С/У 3.51м²; Прихожая 1.19м²; Терраса 19.59м²; Крыльцо 3.0м²,2025\Планировки\Для Василия\Отель\Планировка 2МД+.pdf (стр.1)
планировка 2мд+ мод2,,планировка,1,57.2,36.1,"гостиная:1, санузел:1, терраса:1",Кухня-Гостиная 28.99м²; С/У 7.07м²; Терраса 18.09м²; Крыльцо 3.0м²,2025\Планировки\Для Василия\Отель\Планировка 2МД+ МОД2.pdf (стр.1)
планировка 2мд+ прихожая,,планировка,1,57.6,36.5,"гостиная:1, прихожая:1, санузел:1, терраса:1",Кухня-Гостиная 28.12м²; С/У 4.27м²; Прихожая 4.16м²; Терраса 18.09м²; Крыльцо 3.0м²,2025\Планировки\Для Василия\Отель\Планировка 2МД+ Прихожая.pdf (стр.1)
планировка 2мд-модель 1,в1,планировка,1,51.6,33.9,"гостиная:1, санузел:1, спальня:1, терраса:1",Гостиная 24.48м²; 2 С/У 3.05м²; 3 Спальная 6.33м²; 4 Терраса 14.72м²; 5 Крыльцо 3.0м²,2025\Планировки\Юра\Планировка 2МД-Модель 1 В1.pdf (стр.1)
планировка 2мд-модель 1,в2,планировка,1,51.6,33.9,"гостиная:1, санузел:1, спальня:1, терраса:1",Гостиная 24.48м²; 2 С/У 3.05м²; 3 Спальная 6.33м²; 4 Терраса 14.72м²; 5 Крыльцо 3.0м²,2025\Планировки\Юра\Планировка 2МД-Модель 1 В2.pdf (стр.1)
планировка 2мд-модель 1,в3,планировка,1,51.6,33.9,"гостиная:1, санузел:1, спальня:1, терраса:1",Гостиная 24.48м²; 2 С/У 3.05м²; 3 Спальная 6.33м²; 4 Терраса 14.72м²; 5 Крыльцо 3.0м²,2025\Планировки\Юра\Планировка 2МД-Модель 1 В3.pdf (стр.1)
планировка 2эт,,планировка,1,21.5,21.5,"гостиная:1, санузел:1",гостиная 18.05м²; ванная 3.45м²,Работы Валя\Аля Точка на карте\Обновление\Планировка 2эт.pdf (стр.1)
планировка 3 мд 2су,в1,планировка,1,96.2,60.8,"гостиная:1, прихожая:1, санузел:1, спальня:2, терраса:1",С/У 1.38м²; Прихожая 4.72м²; Спальня 14.5м²; Кухня-Гостиная 28.4м²; Спальня 11.79м²; Терраса 32.42м²; Крыльцо 3.0м²,2025\Планировки\Юра\Анастасия 5555\Планировка 3 МД 2СУ В1.pdf (стр.1)
планировка 3 модуля,,планировка,1,70.8,49.2,"гостиная:1, прихожая:1, санузел:1, терраса:1",Жилая комната 10.6м²; Прихожая 5.2м²; Крыльцо 3.6м²; Гостиная-кухня 27.9м²; Сушилка; С/у 5.5м²; Терраса 18.0м²,Работы Валя\Выставочные\Планировка 3 модуля.pdf (стр.1)
планировка 3+ мд,в1,планировка,1,93.6,57.6,"гостиная:1, прихожая:1, санузел:1, спальня:1, терраса:1",Кабинет 7.49м²; Кухня-Гостиная 29.94м²; Спальня 10.18м²; С/У 4.89м²; Прихожая 5.06м²; Крыльцо 6.08м²; Терраса 29.97м²,2025\Планировки\Юра\Анастасия 5555\Планировка 3+ МД В1.pdf (стр.1)
планировка 3+ мд,в2,планировка,1,93.7,57.6,"гостиная:1, прихожая:1, санузел:1, спальня:1, терраса:1",Кабинет 7.49м²; Кухня-Гостиная 29.94м²; Спальня 10.43м²; С/У 4.69м²; Прихожая 5.06м²; Крыльцо 6.08м²; Терраса 29.97м²,2025\Планировки\Юра\Анастасия 5555\Планировка 3+ МД В2.pdf (стр.1)
планировка 3++ мд,в3,планировка,1,93.5,60.4,"гостиная:1, прихожая:1, санузел:1, спальня:1, терраса:1",Кабинет 10.34м²; Кухня-Гостиная 29.88м²; Спальня 10.43м²; С/У 4.69м²; Прихожая 5.06м²; Крыльцо 6.08м²; Терраса 26.98м²,2025\Планировки\Юра\Анастасия 5555\Планировка 3++ МД В3.pdf (стр.1)
планировка 3++ мд,в4,планировка,1,93.5,60.4,"гостиная:1, прихожая:1, санузел:1, спальня:1, терраса:1",Кабинет 10.34м²; Кухня-Гостиная 29.88м²; Спальня 10.43м²; С/У 4.69м²; Прихожая 5.06м²; Крыльцо 6.08м²; Терраса 26.98м²,2025\Планировки\Юра\Анастасия 5555\Планировка 3++ МД В4.pdf (стр.1)
планировка 3+1 акция,,планировка,1,76.9,76.9,"гостиная:1, кухня:1, прихожая:1, санузел:1, спальня:2",Санузел 2.84м²; Холл 3.42м²; ПМ 2.4м²; Кухня 7.4м²; Гостиная 34.44м²; Спальня 8.4м²; Спальня 18.0м²,Работы Валя\Виталий Рябово\Планировка 3+1 Акция.pdf (стр.1)
планировка 3мд,в1,планировка,1,72.3,47.2,"гостиная:1, прихожая:1, санузел:1, спальня:1, терраса:1",Кухня-Гостиная 20.75м²; Спальня 11.12м²; Гардеробная 3.13м²; Тех. помещение 2.21м²; С/У 4.85м²; Прихожая 5.1м²; Крыльцо 3.6м²; Терраса 21.57м²,2025\Планировки\Юра\Планировка 3МД В1.pdf (стр.1)
планировка 3мд,в2,планировка,2,125.0,99.8,"гостиная:2, кухня:1, прихожая:1, санузел:2, сауна:1, спальня:1, терраса:1",Гостиная 26.19м²; Кухня 10.43м²; Парная 7.42м²; Душевая 4.65м²; Тех. помещение 1.44м²; С/У 2.51м²; Кухня-Гостиная 20.75м²; Спальня 11.12м²; Гардеробная 3.13м²; Тех. помещение 2.21м²; С/У 4.85м²; Прихожая 5.1м²; Крыльцо 3.6м²; Терраса 21.57м²,2025\Дома\Планировка 3МД Баня 3М Лопухинка 2\Планировка 3МД В2.pdf (стр.1) | 2025\Планировки\Юра\Планировка 3МД В2.pdf (стр.1)
планировка 3мд,в3,планировка,1,52.6,52.6,"гостиная:1, кухня:1, санузел:1, сауна:1",Гостиная 26.19м²; Кухня 10.43м²; Парная 7.42м²; Душевая 4.65м²; Тех. помещение 1.44м²; С/У 2.51м²,2025\Дома\Планировка 3МД Баня 3М Лопухинка 2\Планировка 3МД В3.pdf (стр.1)
планировка 3мд,в4,планировка,1,52.6,52.6,"гостиная:1, кухня:1, санузел:1, сауна:1",Гостиная 26.19м²; Кухня 10.43м²; Парная 7.42м²; Душевая 4.65м²; Тех. помещение 1.44м²; С/У 2.51м²,2025\Дома\Планировка 3МД Баня 3М Лопухинка 2\Планировка 3МД В4.pdf (стр.1)
планировка 3мд,в5,планировка,1,70.7,49.7,"гостиная:1, кухня:1, санузел:1, сауна:1, терраса:1",Гостиная 22.95м²; Кухня 8.51м²; Парная 7.17м²; Душевая 5.29м²; Тех.помещение 2.86м²; С/У 2.93м²; Терраса 18.0м²; Крыльцо 3.0м²,2025\Дома\Планировка 3МД Баня 3М Лопухинка 2\Планировка 3МД В5.pdf (стр.1)
планировка 3мд,в6,планировка,1,70.7,49.7,"гостиная:1, кухня:1, санузел:1, сауна:1, терраса:1",Гостиная 22.95м²; Кухня 8.51м²; Парная 7.17м²; Душевая 5.29м²; Тех.помещение 2.86м²; С/У 2.93м²; Терраса 18.0м²; Крыльцо 3.0м²,2025\Дома\Планировка 3МД Баня 3М Лопухинка 2\Планировка 3МД В6.pdf (стр.1)
планировка 3мд,в7,планировка,1,70.7,49.7,"гостиная:1, кухня:1, санузел:1, сауна:1, терраса:1",Гостиная 22.95м²; Кухня 8.51м²; Парная 7.17м²; Душевая 5.29м²; Тех.помещение 2.86м²; С/У 2.93м²; Терраса 18.0м²; Крыльцо 3.0м²,2025\Дома\Планировка 3МД Баня 3М Лопухинка 2\Планировка 3МД В7.pdf (стр.1)
планировка 3мд,в8,планировка,1,70.7,49.7,"гостиная:1, кухня:1, санузел:1, сауна:1, терраса:1",Гостиная 22.95м²; Кухня 8.51м²; Парная 7.17м²; Душевая 5.29м²; Тех.помещение 2.86м²; С/У 2.93м²; Терраса 18.0м²; Крыльцо 3.0м²,2025\Дома\Планировка 3МД Баня 3М Лопухинка 2\Планировка 3МД В8.pdf (стр.1)
планировка 3мд+ванная,в1,планировка,1,65.7,47.7,"кухня:1, санузел:1, спальня:2",ванная 5.01м²; ПМ; кухня-столовая 22.75м²; спальня 9.5м²; спальня 10.45м²; балкон 18.0м²,2025\Планировки\Юра\Планировка 3МД+Ванная В1.pdf (стр.1)
планировка 4 модуля,,планировка,1,87.1,65.4,"гостиная:1, прихожая:1, санузел:1, терраса:1",С/у 7.1м²; Гардероб 2.6м²; Прихожая 5.1м²; Крыльцо 3.7м²; Гостиная-кухня 35.1м²; Жилая комната 8.8м²; Жилая комната 6.7м²; Терраса 18.0м²,Работы Валя\Выставочные\Планировка 4 модуля.pdf (стр.1)
планировка 4.1,,планировка,1,63.7,63.7,"гостиная:1, санузел:1, спальня:2",кухня-гостиная 34.16м²; спальня 7.73м²; спальня 7.17м²; ванная 6.88м²; коридор 2.77м²; гардеробная 4.96м²,Работы Валя\4 модуля зеркально\Планировка 4.1.pdf (стр.1)
планировка 4.1 (1),,планировка,1,63.2,53.1,"гостиная:1, прихожая:1, санузел:1, спальня:2",спальня 7.73м²; спальня 7.17м²; кухня-гостиная 23.03м²; санузел 4.81м²; коридор 5.3м²; прихожая 5.11м²; балкон 10.08м²,Загрузки Валя\Планировка 4.1 (1).pdf (стр.1)
планировка 4.1 (2),,планировка,1,63.2,63.2,"гостиная:1, прихожая:1, санузел:1, спальня:3",спальня 7.73м²; спальня 7.17м²; кухня-гостиная 23.03м²; санузел 4.81м²; прихожая 5.3м²; коридор 5.11м²; спальня 10.08м²,Загрузки Валя\Планировка 4.1 (2).pdf (стр.1)
планировка 4.2,,планировка,1,63.2,63.2,"гостиная:1, кухня:1, прихожая:1, санузел:1, спальня:3",Спальня 10.08м²; Ванная 4.81м²; Кухня 5.3м²; Гостиная 23.03м²; Прихожая 5.11м²; Спальня 7.73м²; Спальня 7.17м²,Загрузки Валя\Планировка 4.2.pdf (стр.1)
планировка 4мд,в1,планировка,1,80.9,60.1,"гостиная:1, прихожая:1, санузел:2, спальня:3, терраса:1",Кухня-Гостиная 21.22м²; Прихожая 3.2м²; С/У - 1 4.01м²; Тех. Помещение 2.1м²; Спальная 1 7.56м²; Спальная 2 7.56м²; Спальная 3 7.15м²; Гардеробная 3.32м²; С/У - 2 3.95м²; Терраса 17.2м²; Крыльцо 3.65м²,2025\Планировки\Юра\Планировка 4МД В1.pdf (стр.1)
планировка 4мд,в2,планировка,1,81.2,60.3,"гостиная:1, прихожая:1, санузел:2, спальня:3, терраса:1",Кухня-Гостиная 21.54м²; Прихожая 3.1м²; С/У - 1 3.88м²; Тех. Помещение 2.03м²; Спальная 1 7.56м²; Спальная 2 7.56м²; Спальная 3 7.15м²; Гардеробная 3.53м²; С/У - 2 3.95м²; Терраса 17.2м²; Крыльцо 3.65м²,2025\Планировки\Юра\Планировка 4МД В2.pdf (стр.1)
планировка 4мд,в3,планировка,1,81.2,60.3,"гостиная:1, прихожая:1, санузел:2, спальня:3, терраса:1",Кухня-Гостиная 21.54м²; Прихожая 3.1м²; С/У - 1 3.88м²; Тех. Помещение 2.03м²; Спальная 1 7.56м²; Спальная 2 7.56м²; Спальная 3 7.15м²; Гардеробная 3.53м²; С/У - 2 3.95м²; Терраса 17.2м²; Крыльцо 3.65м²,2025\Планировки\Юра\Планировка 4МД В3.pdf (стр.1)
планировка 4мд,в4,,1,0.0,0.0,,,2025\Планировки\Юра\Планировка 4МД В4.pdf (стр.1)
планировка 4мд в1-1,,планировка,1,80.9,60.1,"гостиная:1, прихожая:1, санузел:2, спальня:3, терраса:1",Кухня-Гостиная 21.22м²; Прихожая 3.2м²; С/У - 1 4.01м²; Тех. Помещение 2.1м²; Спальная 1 7.56м²; Спальная 2 7.56м²; Спальная 3 7.15м²; Гардеробная 3.32м²; С/У - 2 3.95м²; Терраса 17.2м²; Крыльцо 3.65м²,2025\Планировки\Юра\Планировка 4МД В1-1.pdf (стр.1)
планировка 4мд++,в1,планировка,1,89.2,68.4,"гостиная:1, прихожая:1, санузел:2, спальня:3, терраса:1",Кухня-Гостиная 27.04м²; Прихожая 3.1м²; С/У - 1 3.88м²; Тех. Помещение 2.03м²; Спальная 1 7.56м²; Спальная 2 7.56м²; Спальная 3 9.53м²; Гардеробная 3.7м²; С/У - 2 3.95м²; Терраса 17.22м²; Крыльцо 3.65м²,2025\Планировки\Юра\Планировка 4МД++ В1.pdf (стр.1)
планировка 5мд екатерина сашино,в2,планировка,1,124.3,84.2,"гостиная:1, прихожая:1, санузел:2, спальня:2, терраса:1",Кухня-Гостиная 31.54м²; Прихожая 9.17м²; С/У-1 7.53м²; Спальная 1 17.48м²; Гардероб 2.46м²; С/У-2 3.44м²; Спальная 2 12.59м²; Терраса 36.41м²; Крыльцо 3.65м²,2025\Планировки\Юра\Планировка 5МД Екатерина Сашино В2.pdf (стр.1)
планировка 5мд екатерина сашино в3 ф,,планировка,1,124.3,84.2,"гостиная:1, прихожая:1, санузел:2, спальня:2, терраса:1",Кухня-Гостиная 31.54м²; Прихожая 9.17м²; С/У-1 7.53м²; Спальная 1 17.48м²; Гардероб 2.46м²; С/У-2 3.44м²; Спальная 2 12.59м²; Терраса 36.41м²; Крыльцо 3.65м²,2025\Планировки\Юра\Планировка 5МД Екатерина Сашино В3 Ф.pdf (стр.1)
планировка 5мд екатерина сашино в4 финал,,планировка,2,248.5,168.4,"гостиная:2, прихожая:2, санузел:4, спальня:4, терраса:2",Кухня-Гостиная 31.54м²; Прихожая 9.17м²; С/У-1 7.53м²; Спальная 1 17.48м²; Гардероб 2.46м²; С/У-2 3.44м²; Спальная 2 12.59м²; Терраса 36.41м²; Крыльцо 3.65м²; Кухня-Гостиная 31.54м²; Прихожая 9.17м²; С/У-1 7.53м²; Спальная 1 17.48м²; Гардероб 2.46м²; С/У-2 3.44м²; Спальная 2 12.59м²; Терраса 36.41м²; Крыльцо 3.65м²,2025\Дома\Сашино 5МД Екатерина\Планировка 5МД Екатерина Сашино В4 Финал.pdf (стр.1) | 2025\Планировки\Юра\Планировка 5МД Екатерина Сашино В4 Финал.pdf (стр.1)
планировка 6 модулей,,планировка,1,96.9,96.9,"кухня:1, прихожая:2, санузел:2, спальня:2",Спальня 11.46м²; Кухня-столовая 45.08м²; Спальня 18.0м²; Ванная 4.26м²; Санузел 3.46м²; Прихожая 8.07м²; Холл 6.6м²,Работы Валя\5 модулей друг Василия\Планировка 6 модулей.pdf (стр.1)
планировка 6 модулей 1,,планировка,1,62.3,62.3,,комната 15.37м²; комната 18.67м²; комната 9.74м²; комната 3.45м²; комната 10.77м²; комната 4.26м²,Загрузки Валя\Telegram Desktop\Планировка 6 модулей 1.pdf (стр.1)
планировка 6 модулей исправлено,,планировка,1,82.3,82.3,"гостиная:1, санузел:2, спальня:2",спальня 11.46м²; санузел 4.26м²; кухня-гостиная 45.08м²; спальня 18.0м²; санузел 3.46м²,Загрузки Валя\Планировка 6 модулей исправлено.pdf (стр.1)
планировка 6 модулей исправлено (1),,планировка,1,82.3,82.3,"гостиная:1, санузел:2, спальня:2",спальня 11.46м²; санузел 4.26м²; кухня-гостиная 45.08м²; спальня 18.0м²; санузел 3.46м²,Загрузки Валя\Планировка 6 модулей исправлено (1).pdf (стр.1)
планировка 6 модулей исправлено (2),,планировка,1,82.3,82.3,"гостиная:1, санузел:2, спальня:2",спальня 11.46м²; санузел 4.26м²; кухня-гостиная 45.08м²; спальня 18.0м²; санузел 3.46м²,Загрузки Валя\Планировка 6 модулей исправлено (2).pdf (стр.1)
планировка 6.67.1,,планировка,1,94.0,67.0,"гостиная:1, прихожая:1, санузел:2, сауна:1, терраса:1",Крытая терраса 27.0м²; Гостиная 33.1м²; Прихожая 4.9м²; Котельная 2.0м²; С/у 2.1м²; С/у 2.8м²; Помещение персонала 6.1м²; Парная 7.4м²; Помывочная 4.4м²; Раздевалка 4.2м²; Зона барбекю,Работы Валя\Версаль\Планировка 6.67.1.pdf (стр.1)
планировка 6.67.2,,планировка,1,94.0,67.0,"гостиная:1, прихожая:1, санузел:2, сауна:1, терраса:1",Крытая терраса 27.0м²; Гостиная 33.1м²; Прихожая 4.9м²; Котельная 2.0м²; С/у 2.1м²; С/у 2.8м²; Помещение персонала 6.1м²; Парная 7.4м²; Помывочная 4.4м²; Раздевалка 4.2м²,Работы Валя\Версаль\Планировка 6.67.2.pdf (стр.1)
планировка 6.67.3,,планировка,1,94.0,67.0,"гостиная:1, прихожая:1, санузел:2, сауна:1, терраса:1",Крытая терраса 27.0м²; Гостиная 33.1м²; Прихожая 4.9м²; Котельная 2.0м²; С/у 2.1м²; С/у 2.8м²; Помещение персонала 6.1м²; Раздевалка 4.2м²; Помывочная 4.4м²; Парная 7.4м²; Зона барбекю,Работы Валя\Версаль\Планировка 6.67.3.pdf (стр.1)
планировка 6.67.3 (1),,планировка,1,94.0,67.0,"гостиная:1, прихожая:1, санузел:2, сауна:1, терраса:1",Крытая терраса 27.0м²; Гостиная 33.1м²; Прихожая 4.9м²; Котельная 2.0м²; С/у 2.1м²; С/у 2.8м²; Помещение персонала 6.1м²; Раздевалка 4.2м²; Помывочная 4.4м²; Парная 7.4м²; Зона барбекю,Загрузки Валя\Планировка 6.67.3 (1).pdf (стр.1)
планировка 6.67.3 генплан,,планировка,1,0.0,0.0,"гостиная:1, кухня:1, санузел:2, спальня:1",кухня; гостиная; спальня; ванная; туалет,Работы Валя\Версаль\Планировка 6.67.3 генплан.pdf (стр.1)
планировка 6мд 107,,планировка,1,127.3,97.3,"гостиная:1, прихожая:1, санузел:2, спальня:3, терраса:1",Кухня-Гостиная 30.93м²; Прихожая 10.02м²; Спальня 19.93м²; Спальня 9.02м²; С/У 3.81м²; Кладовая 2.23м²; Кладовая 3.16м²; С/У 4.25м²; Спальня 13.96м²; Терраса 30.0м²,2025\Дома\Планировка 6МД 107 Анна Константиновна\Планировка 6МД 107.pdf (стр.1)
планировка 6мд 107,в2,планировка,1,116.9,86.9,"гостиная:1, прихожая:2, санузел:2, спальня:3, терраса:1",Кухня-Гостиная 30.93м²; Прихожая 4.21м²; Спальная 9.93м²; Спальная 9.02м²; С/У 3.81м²; Кладовая 2.23м²; Кладовая 3.32м²; С/У 4.64м²; Спальная 13.34м²; Холл 5.51м²; Терраса 30.0м²,2025\Дома\Планировка 6МД 107 Анна Константиновна\Планировка 6МД 107 В2.pdf (стр.1)
планировка 6мд 107,в3,планировка,1,116.9,86.9,"гостиная:1, прихожая:2, санузел:2, спальня:3, терраса:1",Кухня-Гостиная 30.93м²; Прихожая 4.21м²; Спальная 9.93м²; Спальная 9.02м²; С/У 3.81м²; Кладовая 2.23м²; Кладовая 3.32м²; С/У 4.64м²; Спальная 13.34м²; Холл 5.51м²; Терраса 30.0м²,2025\Дома\Планировка 6МД 107 Анна Константиновна\Планировка 6МД 107 В3.pdf (стр.1)
планировка 6мд 121,в1,планировка,1,141.0,101.0,"гостиная:1, прихожая:2, санузел:2, спальня:3, терраса:1",Кухня-Гостиная 39.69м²; Прихожая 3.51м²; Спальная 10.77м²; Спальная 10.77м²; Холл 4.38м²; С/У 3.3м²; Кладовая 2.26м²; Тех. Помещение 3.77м²; С/У 5.07м²; Спальная 17.5м²; Терраса 39.95м²,2025\Дома\Планировка 6МД 107 Анна Константиновна\Планировка 6МД 121 В1.pdf (стр.1)
планировка 6мд 121,в2,планировка,1,141.0,101.0,"гостиная:1, прихожая:2, санузел:2, спальня:3, терраса:1",Кухня-Гостиная 39.69м²; Прихожая 3.51м²; Спальня 10.77м²; Спальня 10.77м²; Холл 4.38м²; С/У 3.3м²; Кладовая 2.26м²; Тех. Помещение 3.77м²; С/У 5.07м²; Спальная 17.5м²; Терраса 39.95м²,2025\Дома\Планировка 6МД 107 Анна Константиновна\Планировка 6МД 121 В2.pdf (стр.1)
планировка 6мд 121,в3,планировка,1,141.0,101.0,"гостиная:1, прихожая:2, санузел:2, спальня:3, терраса:1",Кухня-Гостиная 39.69м²; Прихожая 3.51м²; Спальня 10.77м²; Спальня 10.77м²; Холл 4.38м²; С/У 3.3м²; Кладовая 2.26м²; Тех. Помещение 3.77м²; С/У 5.07м²; Спальная 17.5м²; Терраса 39.95м²,2025\Дома\Планировка 6МД 107 Анна Константиновна\Планировка 6МД 121 В3.pdf (стр.1)
планировка 6мд 121,в4,планировка,1,141.0,101.0,"гостиная:1, прихожая:2, санузел:2, спальня:3, терраса:1",Кухня-Гостиная 39.69м²; Прихожая 3.51м²; Спальня 10.77м²; Спальня 10.77м²; Холл 4.38м²; С/У 3.3м²; Кладовая 2.26м²; Тех. Помещение 3.77м²; С/У 5.07м²; Спальная 17.5м²; Терраса 39.95м²,2025\Дома\Планировка 6МД 107 Анна Константиновна\Планировка 6МД 121 В4.pdf (стр.1)
планировка 6мд вер1,,планировка,1,136.6,93.0,"гостиная:1, прихожая:1, спальня:2, терраса:1",Кухня-Гостиная 42.84м²; Прихожая 7.86м²; Гардероб 2.76м²; Спальня 1 17.16м²; Спальня 2 15.16м²; Тех. Помещение 4.18м²; Гардероб 3.0м²; Крыльцо 3.65м²; Терраса 39.95м²,2025\Планировки\Планировка 6МД ВЕР1.pdf (стр.1)
планировка 6мд вер2,,,1,0.0,0.0,,,2025\Планировки\Планировка 6МД ВЕР2.pdf (стр.1)
планировка 7м разметка,,,1,0.0,0.0,,,Работы Валя\Эко озеро\Планировка 7м разметка.pdf (стр.1)
планировка 7мд 4сп,в1,планировка,1,110.9,92.3,"гостиная:1, прихожая:1, санузел:1, спальня:4, терраса:1",Спальная 10.61м²; Прихожая 4.59м²; С/У 4.6м²; Тех.Помещение 4.55м²; Спальная 10.87м²; Спальная 10.87м²; Кухня-Гостиная 35.56м²; Спальная 10.61м²; Терраса 15.0м²; Крыльцо 3.65м²,2025\Планировки\Юра\Анастасия 5555\Планировка 7МД 4СП В1.pdf (стр.1)
планировка 7мд 4сп,в2,планировка,1,132.5,92.3,"гостиная:1, прихожая:1, санузел:1, спальня:4, терраса:1",Спальная 10.61м²; Прихожая 4.59м²; С/У 4.6м²; Тех.Помещение 4.55м²; Спальная 10.87м²; Спальная 10.87м²; Кухня-Гостиная 35.56м²; Спальная 10.61м²; Терраса 36.6м²; Крыльцо 3.65м²,2025\Планировки\Юра\Анастасия 5555\Планировка 7МД 4СП В2.pdf (стр.1)
планировка 7мд 4сп,в3,планировка,1,132.5,92.3,"гостиная:1, прихожая:1, санузел:1, спальня:4, терраса:1",Спальная 10.61м²; Прихожая 4.59м²; С/У 4.6м²; Тех.Помещение 4.55м²; Спальная 10.87м²; Спальная 10.87м²; Кухня-Гостиная 35.56м²; Спальная 10.61м²; Терраса 36.6м²; Крыльцо 3.65м²,2025\Планировки\Юра\Анастасия 5555\Планировка 7МД 4СП В3.pdf (стр.1)
планировка 7мд 4сп,в4,планировка,1,147.1,92.3,"гостиная:1, прихожая:1, санузел:1, спальня:4, терраса:1",Спальная 10.61м²; Прихожая 4.59м²; С/У 4.6м²; Тех.Помещение 4.55м²; Спальная 10.87м²; Спальная 10.87м²; Кухня-Гостиная 35.65м²; Спальная 10.61м²; Терраса 51.12м²; Крыльцо 3.65м²,2025\Планировки\Юра\Анастасия 5555\Планировка 7МД 4СП В4.pdf (стр.1)
планировка 9.120.1,,планировка,1,145.2,120.4,"гостиная:1, прихожая:1, санузел:3, сауна:1, спальня:1, терраса:2",Крытая терраса 18.0м²; Гостиная 34.05м²; Прихожая 4.32м²; Бильярдная под стол 12фт 40.51м²; С/у 2.5м²; Парная 30м3 10.85м²; Душевая 4.5м²; Раздевалка 5.62м²; Котельная 7.6м²; С/у 1.6м²; С/у 2.74м²; Спальная персонала 6.1м²; Крытая терраса 6.8м²,Работы Валя\Версаль\Планировка 9.120.1.pdf (стр.1)
планировка 9.120.2,,планировка,1,145.2,120.4,"гостиная:1, прихожая:1, санузел:3, сауна:1, спальня:1, терраса:2",Крытая терраса 18.0м²; Гостиная 34.05м²; Прихожая 4.32м²; Бильярдная под стол 12фт 40.51м²; С/у 2.5м²; С/у 1.6м²; Парная 30м3 10.85м²; Душевая 4.5м²; Раздевалка 5.62м²; Котельная 7.6м²; С/у 2.74м²; Спальня персонала 6.1м²; Крытая терраса 6.8м²,Работы Валя\Версаль\Планировка 9.120.2.pdf (стр.1)
планировка 9.120.3,,планировка,1,138.3,113.5,"гостиная:1, прихожая:1, сауна:1, спальня:1, терраса:2",Крытая терраса 18.0м²; Гостиная 34.05м²; Прихожая 4.32м²; Бильярдная под стол 12фт 40.51м²; Парная 30м3 10.85м²; Душевая 4.5м²; Раздевалка 5.62м²; Котельная 7.6м²; Спальня персонала 6.1м²; Крытая терраса 6.8м²,Работы Валя\Версаль\Планировка 9.120.3.pdf (стр.1)
планировка 9мд,в1,планировка,1,166.8,110.4,"гостиная:1, прихожая:2, санузел:2, спальня:3, терраса:3",Прихожая 6.11м²; Кладовая 3.89м²; Кухня-Гостиная 32.86м²; Коридор 12.09м²; Спальная 12.89м²; Спальная 14.79м²; С/У 4.59м²; Тех. Помещение 3.08м²; Гардероб-Холл 5.01м²; С/У 4.21м²; Мастер Спальная 10.93м²; Открытая Терраса 27.21м²; Крытая Терраса 18.81м²; Крыльцо 5.83м²; Открытая Терраса 4.5м²,2025\Планировки\Для Василия\Планировка 9МД\Планировка 9МД В1.pdf (стр.1)
планировка агалатово проверка,,планировка,1,32.9,32.9,санузел:1,с/у 4.1м²; Жилая комната 28.8м²,Работы Валя\Дима\Планировка Агалатово проверка.pdf (стр.1)
планировка агалатово проверка 2,,планировка,1,32.9,32.9,санузел:1,с/у 4.1м²; Жилая комната 28.8м²,Работы Валя\Дима\Планировка Агалатово проверка 2.pdf (стр.1)
планировка алексей,,планировка,1,75.9,75.9,"гостиная:1, кухня:1, санузел:2, спальня:1",гостиная 35.0м²; кухня 11.72м²; спальня 9.49м²; ванная 4.83м²; туалет 2.4м²; коридор 7.7м²; гардеробная 4.79м²,Планировки\Настя\Планировка Алексей.pdf (стр.1)
планировка беседка 2,,планировка,1,23.1,23.1,гостиная:1,кухня-гостиная 23.15м²,Работы Валя\Сергей Вольво\Планировка беседка 2.pdf (стр.1)
планировка вариант 1,,планировка,3,265.4,265.4,"гостиная:2, кухня:3, прихожая:1, санузел:8, спальня:7",гостиная 37.78м²; кухня 6.0м²; коридор 3.62м²; ванная 2.85м²; спальня 10.88м²; спальня 12.54м²; спальня 12.54м²; санузел 2.0м²; холл 18.0м²; ПМ; кухня-столовая 24.0м²; санузел 4.23м²; спальня 8.64м²; гостиная 18.0м²; кухня 37.78м²; спальня 10.88м²; ванная 2.85м²; гардеробная 3.53м²; коридор 6.0м²; санузел 3.62м²; санузел 3.26м²; санузел 3.87м²; санузел 3.88м²; коридор 2.0м²; коридор 1.58м²; спальня 12.54м²; спальня 12.54м²,2024\Прадайз\Нью парадайс\Планировка вариант 1.pdf (стр.1) | Работы Валя\Андрей Коробицино\Планировка вариант 1.pdf (стр.1) | Работы Валя\Нью парадайс\Планировка вариант 1.pdf (стр.1)
планировка вариант 2,,планировка,3,216.5,216.5,"гостиная:2, кухня:3, прихожая:2, санузел:4, спальня:3",Хоз. блок и гараж для хранения кладов; Кухня-столовая 37.78м²; Гостиная 18.0м²; Санузел 3.48м²; Спальня 12.54м²; Коридор 6.0м²; Холл 3.12м²; Духов 4.54м²; ПМ; кухня-столовая 24.0м²; санузел 4.23м²; спальня 8.64м²; кладовая 7.47м²; Хоз. блок и гараж для хранения кладов; Кухня-столовая 37.78м²; Гостиная 18.0м²; Спальня 12.54м²; Ванная 4.54м²; Туалет 3.48м²; Холл 3.64м²; Духов 3.62м²; Кладовая 3.12м²,2024\Прадайз\Нью парадайс\Планировка вариант 2.pdf (стр.1) | Работы Валя\Андрей Коробицино\Планировка вариант 2.pdf (стр.1) | Работы Валя\Нью парадайс\Планировка вариант 2.pdf (стр.1)
планировка вариант 3,,планировка,1,60.7,40.3,"кухня:1, спальня:1, терраса:1",ПМ 4.6м²; Ст-М 4.23м²; Кухня-столовая 24.0м²; Спальня 7.47м²; Терраса 20.4м²,Работы Валя\Андрей Коробицино\Планировка вариант 3.pdf (стр.1)
планировка вариант 4,,,1,0.0,0.0,,,Работы Валя\Андрей Коробицино\Планировка вариант 4.pdf (стр.1)
планировка вариант 5,,планировка,1,51.9,51.9,"гостиная:1, прихожая:1, санузел:1, спальня:1",кухня-гостиная 24.0м²; спальня 7.47м²; ванная 4.23м²; коридор 4.6м²; гардеробная 8.64м²; прихожая 3.0м²,Работы Валя\Андрей Коробицино\Планировка вариант 5.pdf (стр.1)
планировка вер 1 тула,,планировка,1,77.7,52.4,"гостиная:1, прихожая:1, спальня:2, терраса:1",Кухня-Гостиная 23.4м²; Спальная № 1 10.77м²; Спальная № 2 9.41м²; Прихожая 4.58м²; Терраса 22.27м²; C/У 4.25м²; Крыльцо 3.0м²,2024\Тула\Планировка вер 1 Тула.pdf (стр.1)
планировка вер 2 купры,,планировка,1,60.3,36.6,"кухня:1, спальня:1",ПМ 3.35м²; Х 1.75м²; кухня 4.36м²; коридор 8.01м²; спальня 19.14м²; балкон 23.69м²,2024\Тула\Планировка вер 2 Купры.pdf (стр.1)
планировка гостилицы,,планировка,1,64.3,64.3,"гостиная:1, санузел:2, спальня:2",спальня 8.27м²; спальня 7.29м²; кухня-гостиная 33.87м²; ванная 3.91м²; туалет 5.97м²; коридор 5.01м²,Работы Валя\Гостилицы\Планировка Гостилицы.pdf (стр.1)
планировка для кп,,планировка,1,30.3,30.3,"кухня:1, прихожая:1, санузел:1",Жилая комната 10.6м²; Прихожая 5.2м²; Кухня 9.0м²; С/у 5.5м²,Работы Валя\Геленджик\Планировка для КП.pdf (стр.1)
планировка дмитрий,,планировка,1,0.0,0.0,,,2025\Планировки\Планировка Дмитрий.pdf (стр.1)
планировка зеркальная,,планировка,1,6.4,4.1,"сауна:1, терраса:1",Парная 4.09м²; Терраса 2.28м²,"2024\Хозблоки, сауны итп\САУНА\Планировка зеркальная.pdf (стр.1)"
планировка изменения,,планировка,1,64.9,64.9,"гостиная:1, прихожая:1, санузел:1, спальня:1",спальня 10.45м²; кухня-гостиная 33.52м²; ванная 4.88м²; прихожая 12.08м²; кладовая 4.0м²,Работы Валя\Москва Павел\Планировка изменения.pdf (стр.1)
планировка изменения (1),,планировка,1,64.9,64.9,"гостиная:1, прихожая:1, санузел:1, спальня:1",спальня 10.45м²; кухня-гостиная 33.52м²; ванная 4.88м²; прихожая 12.08м²; кладовая 4.0м²,Загрузки Валя\Планировка изменения (1).pdf (стр.1)
планировка исправлено,,планировка,4,410.1,375.9,"гостиная:4, кухня:3, прихожая:1, санузел:9, спальня:5, терраса:1",гараж 6.0м²; кухня-столовая 37.78м²; гостиная 18.0м²; спальня 10.88м²; ванная 12.54м²; санузел 12.54м²; кладовая 2.85м²; коридор 3.53м²; прихожая 4.34м²; кухня 6.82м²; спальня 11.46м²; кухня-гостиная 45.08м²; спальня 18.0м²; ванная 4.26м²; туалет 3.46м²; СУМ 8.07м²; коридор 6.6м²; Жилая комната 7.2м²; Гостиная-кухня 36.0м²; Кабинет 4.8м²; С/У 1.4м²; С/У 4.6м²; Жилая комната 7.8м²; Терраса 22.2м²; гараж 6.0м²; кухня-столовая 37.78м²; гостиная 18.0м²; спальня 10.88м²; ванная 4.54м²; туалет 2.85м²; коридор 3.53м²; кладовая 2.82м²; кладовая 2.36м²; спальня 12.54м²; ванная 12.54м²,2024\Прадайз\Нью парадайс\Планировка исправлено.pdf (стр.1) | Работы Валя\5 модулей друг Василия\Планировка исправлено.pdf (стр.1) | Работы Валя\Капитолово\Планировка исправлено.pdf (стр.1) | Работы Валя\Нью парадайс\Планировка исправлено.pdf (стр.1)
планировка итог нью парадайс,,планировка,2,287.5,209.8,"кухня:1, санузел:1, спальня:2, терраса:1",Гараж 6.0м²; Холодильник 5.45м²; Духовка 5.39м²; Стиральная машина 4.54м²; Комната 3.84м²; Комната 12.54м²; Комната 12.54м²; Комната 37.78м²; Комната 10.88м²; Комната 2.85м²; Комната 3.53м²; Комната 6.82м²; Комната 4.34м²; гараж 6.0м²; кладовая 2.85м²; кладовая 3.53м²; кладовая 10.88м²; кухня-столовая 37.78м²; санузел 4.54м²; кладовая 5.45м²; кладовая 5.39м²; кладовая 3.84м²; спальня 12.54м²; спальня 12.54м²; терраса 65.7м²,2024\Прадайз\Нью парадайс\Планировка итог Нью Парадайс.pdf (стр.1) | Работы Валя\Нью парадайс\Планировка итог Нью Парадайс.pdf (стр.1)
планировка итог1,,планировка,1,53.9,50.9,"гостиная:1, прихожая:1, санузел:1, спальня:1, терраса:1",спальня 11.32м²; кухня-гостиная 24.07м²; ванная 4.3м²; прихожая 4.35м²; гардеробная 2.3м²; коридор 2.3м²; коридор 2.3м²; терраса 3.0м²,Работы Валя\Кирилл Вышний Волочек\Планировка итог1.pdf (стр.1)
планировка итоговая,,планировка,3,138.9,138.9,"гостиная:2, кухня:1, прихожая:3, санузел:2, спальня:2",Спальня 11.32м²; Кухня-гостиная 24.07м²; Ванная 4.3м²; Прихожая 4.35м²; Холл 2.3м²; спальня 10.45м²; кухня-гостиная 33.52м²; санузел 4.88м²; комната 12.08м²; коридор 4.0м²; прихожая 4.5м²; ПММ; кухня-столовая 23.15м²,Работы Валя\Кирилл Вышний Волочек\Планировка итоговая.pdf (стр.1) | Работы Валя\Москва Павел\Планировка итоговая.pdf (стр.1) | Работы Валя\Сергей Вольво\Согласовать\Планировка итоговая.pdf (стр.1)
планировка итоговая нью парадайс,,планировка,2,263.6,184.3,"гостиная:2, кухня:2, прихожая:2, санузел:3, спальня:3, терраса:1",Гараж 6.82м²; Помещение 4.34м²; Прихожая 2.85м²; Санузел 3.53м²; Кухня 10.88м²; Гостиная 37.78м²; Спальня 12.54м²; Дополнительный модуль 12.54м²; Гараж 6.82м²; Помещение 4.34м²; Прихожая 2.85м²; Санузел 3.53м²; Кухня 10.88м²; Гостиная 37.78м²; Холодильник 5.45м²; Духовка 5.39м²; Санузел 4.54м²; Спальня 12.54м²; Спальня 12.54м²; Терраса 65.7м²,2024\Прадайз\Нью парадайс\Планировка итоговая Нью Парадайс.pdf (стр.1) | Работы Валя\Нью парадайс\Планировка итоговая Нью Парадайс.pdf (стр.1)
планировка итоговая с газовым оборудованием,,планировка,1,178.9,178.9,"гостиная:1, кухня:1, прихожая:1, санузел:2, спальня:3",Гостевая комната 6.27м²; Санузел 5.65м²; Спальня 13.53м²; Кухня-столовая 48.5м²; Гостиная 69.6м²; Спальня 12.54м²; Спальня 12.54м²; Санузел 3.84м²; Холл 6.45м²,Загрузки Валя\Планировка итоговая с газовым оборудованием.pdf (стр.1)
планировка итоговая с газовым оборудованием (1),,планировка,1,212.4,212.4,"гостиная:1, кухня:1, прихожая:1, санузел:2, спальня:5",Гостиная 69.6м²; Спальня 12.54м²; Спальня 12.54м²; Кухня-столовая 48.5м²; Холл 6.45м²; Санузел 3.84м²; Санузел 4.54м²; Спальня 13.53м²; Спальня 5.65м²; Спальня 3.68м²; Гостевые домики 31.5м²,Загрузки Валя\Планировка итоговая с газовым оборудованием (1).pdf (стр.1)
планировка капитолово исправлено,,планировка,1,84.0,61.8,"гостиная:1, санузел:2, терраса:1",Жилая комната 7.2м²; Гостиная-кухня 36.0м²; Кабинет 4.8м²; С/У 1.4м²; С/У 4.6м²; Жилая комната 7.8м²; Терраса 22.2м²,Работы Валя\Капитолово\Планировка Капитолово исправлено.pdf (стр.1)
планировка корректировка,,планировка,1,73.0,73.0,"гостиная:1, кухня:1, прихожая:2, санузел:1, спальня:1",Спальня 11.51м²; Гостиная 34.43м²; Санузел 4.16м²; Кухня 7.2м²; Холл 11.89м²; Прихожая 3.82м²,Работы Валя\Москва Павел\Планировка корректировка.pdf (стр.1)
планировка корректировка 2,,планировка,1,70.1,70.1,"гостиная:1, кухня:1, прихожая:1, санузел:2, спальня:1",Спальня 10.84м²; Гостиная 34.55м²; Ванная 5.0м²; Кухня 12.08м²; Прихожая 4.0м²; Туалет 3.6м²,Работы Валя\Москва Павел\Планировка корректировка 2.pdf (стр.1)
планировка корректировка 3,,планировка,1,70.1,66.5,"гостиная:1, прихожая:1, санузел:1, спальня:1",спальня 10.84м²; кухня-гостиная 34.55м²; ванная 5.0м²; коридор 12.08м²; прихожая 4.0м²; крыльцо 3.6м²,Работы Валя\Москва Павел\Планировка корректировка 3.pdf (стр.1)
планировка корректировка 4,,планировка,1,71.0,71.0,"гостиная:1, кухня:1, прихожая:1, санузел:1, спальня:1",гостиная 34.55м²; кухня 10.84м²; спальня 12.08м²; санузел 5.0м²; коридор 4.0м²; прихожая 4.5м²,Работы Валя\Москва Павел\Планировка корректировка 4.pdf (стр.1)
планировка куприенко,,планировка,1,51.1,51.1,,ПМ 3.35м²; Х 19.14м²; комната 14.51м²; комната 8.01м²; комната 1.75м²; комната 4.36м²,2024\Куприенко\Планировка Куприенко.pdf (стр.1)
планировка лисий нос итоговая,,планировка,1,15.3,15.3,санузел:1,ванная 3.4м²; комната 3.5м²; комната 8.4м²,Загрузки Валя\Планировка Лисий нос итоговая.pdf (стр.1)
планировка на 01 09,,планировка,2,275.7,237.8,"гостиная:1, кухня:2, прихожая:2, санузел:3, спальня:6",гараж 2.85м²; гараж 16.07м²; кладовая 2.84м²; кладовая 4.01м²; коридор 8.6м²; кухня 5.45м²; столовая 8.39м²; прихожая 4.54м²; холл 3.84м²; духов 12.54м²; гостиная 37.78м²; спальня 10.45м²; спальня 9.16м²; спальня 9.16м²; ванная 2.84м²; ванная 2.84м²; гараж 2.85м²; гараж 16.07м²; кладовая 2.84м²; кладовая 4.01м²; кладовая 5.45м²; кладовая 8.39м²; кухня 4.54м²; столовая 37.78м²; коридор 8.6м²; ванная 3.84м²; спальня 12.54м²; спальня 9.16м²; спальня 9.16м²; кладовая 2.84м²; кладовая 2.84м²; кладовая 3.42м²,2024\Прадайз\Нью парадайс\1 сентября сборка\Планировка на 01 09.pdf (стр.1) | Работы Валя\Нью парадайс\1 сентября сборка\Планировка на 01 09.pdf (стр.1)
планировка на 01 09 угол,,планировка,2,225.5,209.4,"гостиная:2, кухня:2, прихожая:4, санузел:2, спальня:8",Гостиная 37.78м²; Кухня 8.39м²; Духов 4.54м²; Спальня 12.54м²; Спальня 10.45м²; Спальня 9.16м²; Спальня 9.16м²; Санузел 2.84м²; Санузел 2.84м²; Гараж 16.07м²; Гостиная 37.78м²; Кухня 8.39м²; Духов 4.54м²; Спальня 12.54м²; Спальня 10.45м²; Спальня 9.16м²; Спальня 9.16м²; Холл 8.6м²; Холл 5.45м²; Холл 2.84м²; Холл 2.84м²,2024\Прадайз\Нью парадайс\1 сентября сборка\Планировка на 01 09 угол.pdf (стр.1) | Работы Валя\Нью парадайс\1 сентября сборка\Планировка на 01 09 угол.pdf (стр.1)
планировка на согласование,,планировка,1,57.3,48.5,"гостиная:1, прихожая:1, санузел:1, спальня:1",спальня 15.37м²; кухня-гостиная 20.15м²; ванная 4.73м²; прихожая 3.44м²; кладовая 4.8м²; балкон 8.79м²,Работы Валя\4 модуля друг Василия\Планировка на согласование.pdf (стр.1)
планировка на согласование 2,,планировка,1,51.5,51.5,"гостиная:1, санузел:1, спальня:1",СМ 4.26м²; кухня-гостиная 24.44м²; спальня 9.51м²; гардеробная 8.82м²; ванная 4.52м²,Работы Валя\3м Кирилл\КД дизайнер\Планировка на согласование 2.pdf (стр.1)
планировка нью парадайс,,планировка,8,489.8,424.1,"гостиная:8, кухня:8, прихожая:2, санузел:15, спальня:15, терраса:1",гостиная 18.0м²; кухня 37.78м²; спальня 10.88м²; ванная 2.85м²; гардеробная 3.53м²; спальня 12.54м²; спальня 12.54м²; санузел 2.0м²; коридор 3.62м²; коридор 3.87м²; коридор 3.26м²; коридор 3.88м²; коридор 1.58м²; кухня-столовая; гостиная; спальня; ванная; гардеробная; кухня; столовая; гостиная; спальня; ванная; гардеробная; прихожая; санузел; Гостиная 37.78м²; Спальня 12.54м²; Спальня 12.54м²; Кухня 6.0м²; Холодильник 3.84м²; Духовка 4.54м²; Санузел 3.53м²; Санузел 5.45м²; Санузел 5.39м²; Прихожая 2.85м²; Терраса 65.7м²; гостиная 18.0м²; кухня 37.78м²; спальня 10.88м²; ванная 2.85м²; гардеробная 3.53м²; спальня 12.54м²; спальня 12.54м²; санузел 2.0м²; коридор 1.58м²; кухня; столовая; гостиная; спальня; ванная; гардеробная; гостиная 18.0м²; кухня-столовая 37.78м²; спальня 10.88м²; ванная 3.53м²; туалет 2.85м²; коридор 6.0м²; спальня 12.54м²; спальня 12.54м²; гардеробная 3.88м²; санузел 2.0м²; кладовая 1.58м²; кухня; столовая; гостиная; спальня; ванная; гардеробная; коридор,2024\Прадайз\Нью парадайс\Планировка Нью Парадайс.pdf (стр.1) | 2024\Прадайз\Нью парадайс\Фасад\Планировка Нью Парадайс.pdf (стр.1) | 2024\Прадайз\Фасад\Планировка Нью Парадайс.pdf (стр.1) | Работы Валя\Наработки по перголам\Планировка Нью Парадайс.pdf (стр.1) | Работы Валя\Нью парадайс\Планировка Нью Парадайс.pdf (стр.1) | Работы Валя\Нью парадайс\Фасад\Планировка Нью Парадайс.pdf (стр.1) | Работы Валя\Склад\Блоки автокад\Планировка Нью Парадайс.pdf (стр.1) | Сборка Парадайз\Планировка Нью Парадайс.pdf (стр.1)
планировка нью парадайс 2 гостевые,,планировка,2,184.7,184.7,"гостиная:2, детская:1, кухня:2, прихожая:4, санузел:4, спальня:4",Гостиная 37.78м²; Спальня 12.54м²; Кухня 10.88м²; Холл 5.45м²; Санузел 3.99м²; Санузел 3.84м²; Душевая 4.54м²; Спальня 6.82м²; Спальня 4.34м²; Гостиная 37.78м²; Спальня 12.54м²; Детская 12.54м²; Кухня 10.88м²; Холл 6.0м²; Санузел 3.84м²; Санузел 4.54м²; Прихожая 2.85м²; Прихожая 3.53м²,2024\Прадайз\Нью парадайс\Сборка 17 августа\Планировка Нью парадайс 2 гостевые.pdf (стр.1) | Работы Валя\Нью парадайс\Сборка 17 августа\Планировка Нью парадайс 2 гостевые.pdf (стр.1)
планировка нью парадайс 3 гостевые,,планировка,1,146.0,146.0,"гостиная:1, кухня:1, санузел:2, спальня:2",гостиная 37.78м²; кухня 10.88м²; спальня 12.54м²; спальня 12.54м²; ванная 4.54м²; туалет 3.39м²; коридор 6.0м²; гардеробная 5.45м²; кладовая 3.84м²; кладовая 2.85м²; кладовая 3.53м²; кладовая 2.85м²; кладовая 2.85м²; кладовая 12.89м²; кладовая 12.89м²; кладовая 6.82м²; кладовая 4.34м²,Загрузки Валя\Планировка Нью парадайс 3 гостевые.pdf (стр.1)
планировка нью парадайс гостевые,,планировка,2,352.6,202.8,"гостиная:2, кухня:2, прихожая:2, санузел:4, спальня:4, терраса:2",гостиная 37.78м²; кухня 10.88м²; спальня 12.54м²; спальня 12.54м²; санузел 3.39м²; санузел 4.54м²; коридор 5.45м²; холл 6.0м²; кладовая 3.84м²; терраса 65.7м²; гараж 18.4м²; гостиная 37.78м²; кухня 10.88м²; спальня 12.54м²; спальня 12.72м²; ванная 4.54м²; туалет 3.39м²; коридор 5.45м²; холл 6.0м²; домов 12.54м²; терраса 65.7м²,2024\Прадайз\Нью парадайс\Сборка 17 августа\Планировка Нью парадайс гостевые.pdf (стр.1) | Работы Валя\Нью парадайс\Сборка 17 августа\Планировка Нью парадайс гостевые.pdf (стр.1)
планировка нью парадайс с гостевым,,планировка,1,171.0,171.0,,Гостевой модуль; Дополнительный модуль; Холод; Духов; Ст.М.; Комната 6.0м²; Комната 2.85м²; Комната 3.53м²; Комната 5.45м²; Комната 5.39м²; Комната 4.54м²; Комната 3.84м²; Комната 12.54м²; Комната 12.54м²; Комната 10.88м²; Комната 37.78м²; Комната 65.7м²,Работы Валя\Наработки по перголам\Планировка Нью Парадайс с гостевым.pdf (стр.1)
планировка обновлено,,планировка,1,32.9,32.9,санузел:1,с/у 4.1м²; Жилая комната 28.8м²,Работы Валя\Дима\Планировка обновлено.pdf (стр.1)
планировка ольга максим,,планировка,1,66.0,66.0,"кухня:1, прихожая:2, санузел:1, спальня:1",Кухня-столовая 33.7м²; Спальня 10.68м²; Санузел 5.0м²; Прихожая 6.39м²; Холл 10.18м²,Планировки\Настя\Планировка Ольга Максим.pdf (стр.1)
планировка павел итоговая,,планировка,1,64.9,64.9,"гостиная:1, прихожая:1, санузел:1, спальня:2",спальня 10.45м²; кухня-гостиная 33.52м²; ванная 4.88м²; прихожая 4.0м²; спальня 12.08м²,Работы Валя\Москва Павел\Планировка Павел итоговая.pdf (стр.1)
планировка репинаская,,планировка,1,53.2,53.2,"кухня:1, санузел:2, спальня:1",спальня 11.34м²; ванная 4.12м²; кухня 5.3м²; столовая 23.03м²; коридор 5.11м²; санузел 2.0м²; кладовая 2.3м²,Работы Валя\Алушта\Планировка Репинаская.pdf (стр.1)
планировка репинаская1,,планировка,1,63.0,63.0,"гостиная:1, прихожая:1, санузел:3, спальня:1",спальня 11.34м²; кухня-гостиная 23.03м²; санузел 4.12м²; прихожая 5.06м²; ванная 4.9м²; гардеробная 10.3м²; туалет 2.0м²; кладовая 2.3м²,Работы Валя\Алушта\Планировка Репинаская1.pdf (стр.1)
планировка репинаская2,,планировка,1,60.8,50.5,"кухня:1, санузел:2, спальня:1",спальня 11.34м²; кухня 4.9м²; ванная 4.12м²; туалет 2.0м²; коридор 5.06м²; столовая 23.03м²; балкон 10.3м²,Работы Валя\Алушта\Планировка Репинаская2.pdf (стр.1)
планировка с изм,,планировка,3,323.1,323.1,"гостиная:3, кухня:3, прихожая:1, санузел:7, спальня:9",Гостиная 48.5м²; Спальня 13.53м²; Спальня 9.16м²; Спальня 9.16м²; Кухня 6.45м²; Ванная 3.68м²; Туалет 2.84м²; Хозблок 12.2м²; гостиная 48.5м²; кухня 13.53м²; спальня 6.45м²; ванная 3.68м²; гардеробная 5.65м²; прихожая 6.27м²; спальня 9.16м²; спальня 9.16м²; ванная 2.84м²; ванная 3.42м²; коридор 3.42м²; Гостиная 48.5м²; Спальня 13.53м²; Спальня 9.16м²; Спальня 9.16м²; Кухня 6.45м²; Ванная 3.68м²; Туалет 2.84м²; Хозблок 12.2м²,2024\Прадайз\KD\Планировка с изм.pdf (стр.1) | 2024\Прадайз\Нью парадайс\KD\Планировка с изм.pdf (стр.1) | Работы Валя\Нью парадайс\KD\Планировка с изм.pdf (стр.1)
планировка с размерами александра 5мд,,планировка,1,0.0,0.0,,,2025\Дома\Александра 5МД\Планировка\Планировка с размерами Александра 5МД.pdf (стр.1)
планировка с террасами - вариант 1,,"планировка, фасад",2,17.3,1.8,терраса:2,терраса 7.5м²; терраса 8.0м²; лестница 1.8м²,комарово\Планировка с террасами - вариант 1.pdf (стр.1) | комарово\Планировка с террасами - вариант 1.pdf (стр.2)
планировка синявино,,планировка,1,77.6,60.5,"гостиная:1, санузел:1, терраса:1",Терраса 17.1м²; Кухня-столовая-гостиная 26.3м²; Жилая комната 10.7м²; Жилая комната 14.9м²; Хол.; Гардероб 3.9м²; С/У 4.7м²,Загрузки Валя\Планировка Синявино.pdf (стр.1)
планировка синявино (1),,планировка,1,77.6,60.5,"гостиная:1, санузел:1, терраса:1",Терраса 17.1м²; Кухня-столовая-гостиная 26.3м²; Жилая комната 10.7м²; Жилая комната 14.9м²; Хол.; Гардероб 3.9м²; С/У 4.7м²,Загрузки Валя\Планировка Синявино (1).pdf (стр.1)
планировка согласованная,в4,планировка,1,0.0,0.0,,Банный комплекс Хутор,"2025\Бани\Юлия, БАНЯ 3 М КП ХУТОР БЛИЗ ИЗВАРЫ\планировка согласованная В4.pdf (стр.1)"
планировка согласовать,,планировка,1,52.8,52.8,"гостиная:1, кухня:1, прихожая:1, санузел:2, спальня:1",спальня 11.34м²; кухня 4.9м²; ванная 4.12м²; прихожая 5.06м²; гостиная 23.03м²; туалет 2.0м²; кладовая 2.3м²,Загрузки Валя\Планировка согласовать.pdf (стр.1)
планировка спа 4мд,в1,планировка,1,81.0,58.2,"гостиная:1, прихожая:1, санузел:1, сауна:1, спальня:1, терраса:1",Кухня-Гостиная 20.68м²; Парная 10.75м²; Душевая 3.4м²; СПА 10.38м²; Прихожая 2.91м²; С/У 2.04м²; Спальная 8.02м²; Терраса 19.84м²; Крыльцо 3.0м²,2025\Планировки\Юра\Планировка СПА 4МД В1.pdf (стр.1)
планировка спа 4мд,в2,планировка,1,81.0,58.2,"гостиная:1, прихожая:1, санузел:1, сауна:1, спальня:1, терраса:1",Кухня-Гостиная 20.68м²; Парная 10.75м²; Душевая 3.4м²; СПА 10.38м²; Прихожая 2.91м²; С/У 2.04м²; Спальная 8.02м²; Терраса 19.84м²; Крыльцо 3.0м²,2025\Планировки\Юра\Планировка СПА 4МД В2.pdf (стр.1)
планировка спа 4мд,в3,планировка,1,75.5,52.7,"гостиная:1, прихожая:1, санузел:1, сауна:1, спальня:1, терраса:1",Кухня-Гостинная 20.68м²; Парная 7.99м²; Душевая 3.03м²; СПА 7.86м²; Прихожая 2.91м²; С/У 2.04м²; Спальная 8.15м²; Терраса 19.84м²; Крыльцо 3.0м²,2025\Планировки\Юра\Планировка СПА 4МД В3.pdf (стр.1)
планировка спа 4мд,в4,планировка,1,76.0,53.1,"гостиная:1, прихожая:1, санузел:1, сауна:1, спальня:1, терраса:1",Кухня-Гостинная 20.68м²; Парная 8.12м²; Душевая 3.38м²; СПА 7.86м²; Прихожая 2.91м²; С/У 2.04м²; Спальная 8.15м²; Терраса 19.84м²; Крыльцо 3.0м²,2025\Планировки\Юра\Планировка СПА 4МД В4.pdf (стр.1)
планировка спа 4мд,в5,планировка,1,76.0,53.1,"гостиная:1, прихожая:1, санузел:1, сауна:1, спальня:1, терраса:1",Кухня-Гостинная 20.68м²; Парная 8.12м²; Душевая 3.38м²; СПА 7.86м²; Прихожая 2.91м²; С/У 2.04м²; Спальная 8.15м²; Терраса 19.84м²; Крыльцо 3.0м²,2025\Планировки\Юра\Планировка СПА 4МД В5.pdf (стр.1)
планировка спа 4мд,в6,планировка,1,76.0,53.1,"гостиная:1, прихожая:1, санузел:1, сауна:1, спальня:1, терраса:1",Кухня-Гостинная 20.68м²; Парная 8.12м²; Душевая 3.38м²; СПА 7.86м²; Прихожая 2.91м²; С/У 2.04м²; Спальная 8.15м²; Терраса 19.84м²; Крыльцо 3.0м²,2025\Планировки\Юра\Планировка СПА 4МД В6.pdf (стр.1)
планировка ф 6мд ирина раздолье,,планировка,1,0.0,0.0,"гостиная:1, кухня:1, санузел:2, спальня:1",гостиная; кухня; спальня; ванная; санузел,2026\ДОМА\6МД Ирина Раздолье\Планировка Ф 6МД Ирина Раздолье.pdf (стр.1)
планировка эскиз 4.1,,планировка,2,146.5,146.5,гостиная:1,комната 10.45м²; кухня-гостиная 20.91м²; комната 7.9м²; комната 3.75м²; комната 9.42м²; комната 3.47м²; комната 6.8м²; комната 8.94м²; комната 11.27м²; комната 16.21м²; комната 7.9м²; комната 6.74м²; комната 6.8м²; комната 5.12м²; комната 6.68м²; комната 1.08м²; комната 3.68м²; комната 9.42м²,Загрузки Валя\Telegram Desktop\Планировка эскиз 4.1.pdf (стр.1) | Загрузки Валя\Telegram Desktop\Планировка эскиз 4.1.pdf (стр.2)
планировка эскиз 4.1 (2),,планировка,2,146.5,146.5,"кухня:1, санузел:1",комната 10.45м²; кухня-столовая 20.91м²; комната 7.9м²; коридор 3.75м²; санузел 3.47м²; комната 9.42м²; лестница 6.8м²; комната 8.94м²; комната 11.27м²; комната 16.21м²; комната 7.9м²; комната 6.74м²; комната 6.8м²; комната 5.12м²; комната 6.68м²; комната 1.08м²; комната 3.68м²; комната 9.42м²,Загрузки Валя\Telegram Desktop\Планировка эскиз 4.1 (2).pdf (стр.1) | Загрузки Валя\Telegram Desktop\Планировка эскиз 4.1 (2).pdf (стр.2)
планировка_изм.1-model,,планировка,1,93.1,93.1,"гостиная:1, кухня:1, санузел:2, спальня:2",Гостевые домики 31.5м²; Хозблок 12.2м²; кухня 6.27м²; коридор 5.65м²; ванная 3.68м²; спальня 6.45м²; гостиная 13.53м²; столовая 4.85м²; спальня 4.54м²; ванная 4.39м²,Загрузки Валя\Планировка_ИЗМ.1-Model.pdf (стр.1)
планировка_изм.1-model (1),,планировка,1,87.2,87.2,"гостиная:1, кухня:1, санузел:2, спальня:3",Гостевые домики 31.5м²; Хозблок 12.2м²; Гостиная 6.27м²; Кухня 5.65м²; Спальня 13.53м²; Санузел 3.68м²; Санузел 5.45м²; Спальня 4.54м²; Спальня 4.39м²,Загрузки Валя\Планировка_ИЗМ.1-Model (1).pdf (стр.1)
планировка_изм.1-лист2,,планировка,4,430.4,430.4,"гостиная:4, спальня:21",Гостиная 48.5м²; Спальня 13.53м²; Спальня 6.27м²; Спальня 5.65м²; Спальня 9.16м²; Спальня 9.16м²; Хозблок 12.2м²; Гостиная 48.5м²; Спальня 13.53м²; Спальня 6.27м²; Спальня 5.65м²; Спальня 9.16м²; Спальня 9.16м²; Спальня 12.54м²; Хозблок 12.2м²; Гостиная 48.5м²; Спальня 13.53м²; Спальня 6.27м²; Спальня 5.65м²; Спальня 9.16м²; Спальня 9.16м²; Хозблок 12.2м²; Гостиная 48.5м²; Спальня 13.53м²; Спальня 6.27м²; Спальня 5.65м²; Спальня 9.16м²; Спальня 9.16м²; Хозблок 12.2м²,2024\Прадайз\KD\Планировка_ИЗМ.1-Лист2.pdf (стр.1) | 2024\Прадайз\Нью парадайс\KD\Планировка_ИЗМ.1-Лист2.pdf (стр.1) | Работы Валя\5 модулей друг Василия\Баня\На продажу\Банька 1\Планировка_ИЗМ.1-Лист2.pdf (стр.1) | Работы Валя\Нью парадайс\KD\Планировка_ИЗМ.1-Лист2.pdf (стр.1)
планировки,,планировка,1,0.0,0.0,,АТРИУМ; СТОЛОВАЯ; СПОРТИВНЫЙ ЗАЛ; АМФИТЕАТР; КЛАССЫ,Загрузки Валя\Telegram Desktop\Планировки.pdf (стр.1)
планировки 1 модуль,,планировка,3,52.9,52.9,"гостиная:1, санузел:3, спальня:2",спальня 12.38м²; ванная 2.75м²; спальня 12.38м²; ванная 2.75м²; гостиная 17.08м²; ванная 5.54м²,Загрузки Валя\Планировки 1 модуль.pdf (стр.1) | Загрузки Валя\Планировки 1 модуль.pdf (стр.2) | Загрузки Валя\Планировки 1 модуль.pdf (стр.3)
планировки 2,,планировка,1,0.0,0.0,"гостиная:1, прихожая:1, санузел:2, спальня:2",гостиная; спальня; спальня; прихожая; хз; с/у; с/у; кот.,Загрузки Валя\планировки 2.pdf (стр.1)
планировки 2 (1),,планировка,1,0.0,0.0,"гостиная:1, прихожая:1, спальня:3",гостиная; прихожая; спальня; спальня; спальня; кот.; c/y; c/y; c/y,Загрузки Валя\планировки 2 (1).pdf (стр.1)
планировки 4м,,планировка,9,573.9,573.9,"гостиная:7, кухня:9, прихожая:10, санузел:11, спальня:9",кухня 4.61м²; санузел 4.13м²; прихожая 4.76м²; коридор 3.95м²; гостиная 35.55м²; спальня 8.21м²; холл 6.68м²; спальня 9.98м²; ванная 5.01м²; кухня 5.3м²; столовая 23.03м²; коридор 5.11м²; прихожая 6.68м²; кладовая 8.21м²; кухня 7.6м²; коридор 7.3м²; гостиная 23.95м²; санузел 4.13м²; кладовая 4.75м²; спальня 10.86м²; санузел 4.12м²; кухня 4.61м²; санузел 4.13м²; прихожая 4.76м²; гостиная 35.55м²; спальня 8.21м²; гардеробная 6.68м²; спальня 9.98м²; ванная 5.01м²; кухня 5.3м²; столовая 23.03м²; коридор 5.11м²; прихожая 6.68м²; гардеробная 8.21м²; кухня 7.6м²; коридор 7.3м²; гостиная 23.95м²; санузел 4.13м²; прихожая 4.75м²; спальня 10.86м²; кладовая 4.12м²; кухня 4.61м²; санузел 4.13м²; прихожая 4.76м²; гостиная 35.55м²; спальня 8.21м²; гардеробная 6.68м²; Спальня 9.98м²; Ванная 5.01м²; Гостиная 23.03м²; Кухня 5.3м²; Прихожая 5.11м²; Туалет 6.68м²; Холл 8.21м²; кухня 7.6м²; коридор 7.3м²; гостиная 23.95м²; санузел 4.13м²; прихожая 4.75м²; спальня 10.86м²; кладовая 4.12м²,2024\Прадайз\Нью парадайс\Планировки 4м.pdf (стр.1) | 2024\Прадайз\Нью парадайс\Планировки 4м.pdf (стр.2) | 2024\Прадайз\Нью парадайс\Планировки 4м.pdf (стр.3) | Работы Валя\Нью парадайс\Планировки 4м.pdf (стр.1) | Работы Валя\Нью парадайс\Планировки 4м.pdf (стр.2) | Работы Валя\Нью парадайс\Планировки 4м.pdf (стр.3) | Работы Валя\Склад\Блоки автокад\скачанные все\Планировки 4м.pdf (стр.1) | Работы Валя\Склад\Блоки автокад\скачанные все\Планировки 4м.pdf (стр.2) | Работы Валя\Склад\Блоки автокад\скачанные все\Планировки 4м.pdf (стр.3)
планировки 5м,,планировка,3,232.7,217.7,"гостиная:3, кухня:3, прихожая:4, санузел:5, спальня:4, терраса:2",Гостиная 36.14м²; Кухня 4.85м²; Спальня 1 8.27м²; Спальня 2 8.27м²; Ванная 4.13м²; Прихожая 6.62м²; Туалет 4.76м²; Ст.М. 4.09м²; Кухня 7.9м²; Санузел 9.97м²; Холл 8.83м²; Гостиная 34.07м²; Спальня 9.76м²; Санузел 5.23м²; Спальня 10.31м²; Гостиная 34.31м²; Кухня 5.46м²; Санузел 4.63м²; Холл 5.4м²; Прихожая 4.68м²; Терраса 9.76м²; Терраса 5.23м²,Работы Валя\Склад\Блоки автокад\скачанные все\Планировки 5м.pdf (стр.1) | Работы Валя\Склад\Блоки автокад\скачанные все\Планировки 5м.pdf (стр.2) | Работы Валя\Склад\Блоки автокад\скачанные все\Планировки 5м.pdf (стр.3)
планировки бани,,планировка,3,109.4,101.9,"гостиная:3, кухня:1, санузел:4, спальня:3, терраса:1",гостиная 17.56м²; спальня 4.93м²; ванная 4.52м²; туалет 4.13м²; спальня; кухня-гостиная 16.24м²; санузел 1.53м²; коридор 5.58м²; терраса 7.48м²; кухня-столовая 16.24м²; санузел 1.75м²; гостиная 13.5м²; спальня 15.95м²,Загрузки Валя\Планировки Бани.pdf (стр.1) | Загрузки Валя\Планировки Бани.pdf (стр.2) | Загрузки Валя\Планировки Бани.pdf (стр.3)
планировки бани (1),,планировка,3,109.4,109.4,"гостиная:3, кухня:1, прихожая:1, санузел:4, спальня:3",гостиная 17.56м²; спальня 4.93м²; ванная 4.52м²; туалет 4.13м²; спальня; кухня-гостиная 16.24м²; санузел 1.53м²; коридор 5.58м²; холл 7.48м²; кухня-столовая 16.24м²; санузел 1.75м²; гостиная 13.5м²; спальня 15.95м²,Загрузки Валя\Планировки Бани (1).pdf (стр.1) | Загрузки Валя\Планировки Бани (1).pdf (стр.2) | Загрузки Валя\Планировки Бани (1).pdf (стр.3)
"планировки бань, 1 модуль",,планировка,3,60.5,44.2,"санузел:3, сауна:3, терраса:1",Сауна 5.2м²; С/у 2.0м²; Комната отдыха 7.4м²; Сауна 4.7м²; С/У 1.9м²; Комната отдыха 7.5м²; Терраса 16.3м²; Парная 5.7м²; Моечная 1.9м²; Комната отдыха 6.8м²; С/У 1.1м²,"Загрузки Валя\Планировки бань, 1 модуль.pdf (стр.1) | Загрузки Валя\Планировки бань, 1 модуль.pdf (стр.2) | Загрузки Валя\Планировки бань, 1 модуль.pdf (стр.3)"
планировки на гп,,планировка,1,0.0,0.0,,,Работы Валя\Эксперименты с подачей проектов\RANTA\Уличная мебель\Айвазовский База Вася\Сборка предварительно\Планировки на ГП.pdf (стр.1)
планировки на гп 2,,планировка,1,0.0,0.0,,,Работы Валя\Эксперименты с подачей проектов\RANTA\Уличная мебель\Айвазовский База Вася\Сборка предварительно\Планировки на ГП 2.pdf (стр.1)
"планировки, 4 модуля",,планировка,3,185.9,185.9,"гостиная:2, кухня:3, прихожая:2, санузел:4, спальня:5",кухня 4.61м²; санузел 4.13м²; прихожая 4.76м²; спальня 7.17м²; ванная 7.73м²; гостиная 35.55м²; Спальня 10.08м²; Кухня 5.3м²; Гостиная 23.03м²; Санузел 4.81м²; Прихожая 5.11м²; Спальня 7.73м²; Спальня 7.17м²; кухня 10.86м²; столовая 23.95м²; спальня 10.86м²; ванная 4.13м²; коридор 4.75м²; кладовая 4.12м²,"Загрузки Валя\Планировки, 4 модуля.pdf (стр.1) | Загрузки Валя\Планировки, 4 модуля.pdf (стр.2) | Загрузки Валя\Планировки, 4 модуля.pdf (стр.3)"
"планировки, 4 модуля (1)",,планировка,3,185.9,185.9,"гостиная:2, кухня:3, прихожая:2, санузел:3, спальня:5",кухня 4.61м²; санузел 4.13м²; прихожая 4.76м²; гостиная 35.55м²; спальня 7.73м²; шкаф 7.17м²; Спальня 10.08м²; Кухня 5.3м²; Гостиная 23.03м²; Санузел 4.81м²; Прихожая 5.11м²; Спальня 7.73м²; Спальня 7.17м²; кухня 10.86м²; столовая 23.95м²; спальня 10.86м²; ванная 4.13м²; коридор 4.75м²; кладовая 4.12м²,"Загрузки Валя\Планировки, 4 модуля (1).pdf (стр.1) | Загрузки Валя\Планировки, 4 модуля (1).pdf (стр.2) | Загрузки Валя\Планировки, 4 модуля (1).pdf (стр.3)"
"планировки, 4 модуля (2)",,планировка,3,185.9,185.9,"гостиная:2, кухня:3, прихожая:3, санузел:3, спальня:6",кухня 4.61м²; санузел 4.13м²; прихожая 4.76м²; спальня 7.17м²; гостиная 35.55м²; спальня 7.73м²; Спальня 10.08м²; Кухня 5.3м²; Гостиная 23.03м²; Санузел 4.81м²; Прихожая 5.11м²; Спальня 7.73м²; Спальня 7.17м²; кухня 10.86м²; столовая 23.95м²; спальня 10.86м²; ванная 4.13м²; коридор 4.75м²; прихожая 4.12м²,"Загрузки Валя\Планировки, 4 модуля (2).pdf (стр.1) | Загрузки Валя\Планировки, 4 модуля (2).pdf (стр.2) | Загрузки Валя\Планировки, 4 модуля (2).pdf (стр.3)"
"планировки, 4 модуля (3)",,планировка,3,185.9,185.9,"гостиная:2, кухня:3, прихожая:1, санузел:5, спальня:6",кухня 4.61м²; санузел 4.13м²; прихожая 4.76м²; гостиная 35.55м²; спальня 7.73м²; спальня 7.17м²; Спальня 10.08м²; Ванная 4.81м²; Кухня 5.3м²; Гостиная 23.03м²; Туалет 5.11м²; Спальня 7.73м²; Спальня 7.17м²; кухня 10.86м²; столовая 23.95м²; спальня 10.86м²; ванная 4.13м²; туалет 4.12м²; коридор 4.75м²,"Загрузки Валя\Планировки, 4 модуля (3).pdf (стр.1) | Загрузки Валя\Планировки, 4 модуля (3).pdf (стр.2) | Загрузки Валя\Планировки, 4 модуля (3).pdf (стр.3)"
"планировки, 4 модуля (4)",,планировка,3,185.9,185.9,"гостиная:2, кухня:3, прихожая:2, санузел:4, спальня:6",кухня 4.61м²; санузел 4.13м²; прихожая 4.76м²; спальня 7.17м²; гостиная 35.55м²; спальня 7.73м²; Спальня 10.08м²; Кухня 5.3м²; Гостиная 23.03м²; Санузел 4.81м²; Прихожая 5.11м²; Спальня 7.73м²; Спальня 7.17м²; кухня 10.86м²; столовая 23.95м²; спальня 10.86м²; ванная 4.13м²; туалет 4.12м²; коридор 4.75м²,"Загрузки Валя\Планировки, 4 модуля (4).pdf (стр.1) | Загрузки Валя\Планировки, 4 модуля (4).pdf (стр.2) | Загрузки Валя\Планировки, 4 модуля (4).pdf (стр.3)"
"планировки, 4 модуля (5)",,планировка,3,185.9,185.9,"гостиная:2, кухня:3, прихожая:2, санузел:5, спальня:5",кухня 4.61м²; санузел 4.13м²; прихожая 4.76м²; спальня 7.17м²; ванная 7.73м²; гостиная 35.55м²; Спальня 10.08м²; Кухня 5.3м²; Гостиная 23.03м²; Санузел 4.81м²; Прихожая 5.11м²; Спальня 7.73м²; Спальня 7.17м²; кухня 10.86м²; столовая 23.95м²; спальня 10.86м²; ванная 4.13м²; туалет 4.12м²; коридор 4.75м²,"Загрузки Валя\Планировки, 4 модуля (5).pdf (стр.1) | Загрузки Валя\Планировки, 4 модуля (5).pdf (стр.2) | Загрузки Валя\Планировки, 4 модуля (5).pdf (стр.3)"
"планировки, 5 модулей",,планировка,3,235.5,235.5,"гостиная:3, кухня:2, прихожая:3, санузел:6, спальня:6",гостиная 36.14м²; кухня 7.17м²; спальня 7.73м²; санузел 4.13м²; прихожая 4.76м²; спальня 7.73м²; кухня 7.17м²; санузел 4.85м²; спальня 10.86м²; санузел 4.13м²; кухня-гостиная 34.16м²; коридор 8.16м²; прихожая 7.83м²; спальня 10.86м²; санузел 4.13м²; спальня 10.86м²; спальня 10.86м²; кухня-гостиная 36.14м²; санузел 4.13м²; санузел 4.13м²; коридор 4.76м²; прихожая 4.85м²,"Загрузки Валя\Планировки, 5 модулей.pdf (стр.1) | Загрузки Валя\Планировки, 5 модулей.pdf (стр.2) | Загрузки Валя\Планировки, 5 модулей.pdf (стр.3)"
"планировки, 5 модулей (1)",,планировка,3,224.7,224.7,"гостиная:2, кухня:1, прихожая:3, санузел:6, спальня:5",кухня-столовая 36.14м²; спальня 7.73м²; спальня 7.73м²; ванная 4.13м²; туалет 4.85м²; коридор 7.17м²; коридор 7.17м²; прихожая 4.76м²; спальня 10.86м²; санузел 4.13м²; кухня-гостиная 34.16м²; коридор 7.83м²; прихожая 8.16м²; санузел 4.13м²; спальня 10.86м²; спальня 10.86м²; кухня-гостиная 36.14м²; санузел 4.13м²; санузел 4.13м²; коридор 4.76м²; прихожая 4.85м²,"Загрузки Валя\Планировки, 5 модулей (1).pdf (стр.1) | Загрузки Валя\Планировки, 5 модулей (1).pdf (стр.2) | Загрузки Валя\Планировки, 5 модулей (1).pdf (стр.3)"
планировки-layout1,,планировка,1,0.0,0.0,,,Работы Валя\Эксперименты с подачей проектов\Исходники двг\Планировки-Layout1.pdf (стр.1)
планировки. 3 модуля,,планировка,3,141.9,141.9,"гостиная:3, прихожая:1, санузел:3, спальня:5",спальня 7.6м²; кухня-гостиная 23.41м²; санузел 4.13м²; коридор 5.03м²; прихожая 7.3м²; кухня-гостиная 17.08м²; спальня 10.08м²; спальня 9.69м²; санузел 4.84м²; коридор 5.21м²; спальня 7.6м²; спальня 7.3м²; кухня-гостиная 23.5м²; коридор 5.03м²; санузел 4.13м²,Загрузки Валя\Планировки. 3 модуля.pdf (стр.1) | Загрузки Валя\Планировки. 3 модуля.pdf (стр.2) | Загрузки Валя\Планировки. 3 модуля.pdf (стр.3)
планировкка итоговая,,планировка,1,85.5,85.5,"гостиная:1, санузел:2, спальня:1",кухня-гостиная 45.08м²; спальня 18.0м²; санузел 3.46м²; ванная 4.26м²; кладовая 6.6м²; коридор 8.07м²,Работы Валя\5 модулей друг Василия\Планировкка итоговая.pdf (стр.1)
планировкка итоговая dthv,,планировка,1,19.8,19.8,"гостиная:1, кухня:1, санузел:1",кухня 5.37м²; коридор 2.56м²; ванная 1.33м²; гостиная 10.54м²,Работы Валя\5 модулей друг Василия\Планировкка итоговая dthv.pdf (стр.1)
планировкка итоговая версия 1,,планировка,1,19.8,19.8,"гостиная:1, кухня:1, санузел:1",кухня 5.37м²; коридор 2.56м²; ванная 1.33м²; гостиная 10.54м²,Работы Валя\5 модулей друг Василия\Планировкка итоговая версия 1.pdf (стр.1)
планировкка итоговая версия 1 (1),,планировка,1,19.8,19.8,"гостиная:1, кухня:1, санузел:1",кухня 5.37м²; коридор 2.56м²; ванная 1.33м²; гостиная 10.54м²,Загрузки Валя\Планировкка итоговая версия 1 (1).pdf (стр.1)
планировкка итоговая версия 1 (2),,планировка,1,19.8,19.8,"гостиная:1, кухня:1, санузел:1",кухня 5.37м²; коридор 2.56м²; санузел 1.33м²; гостиная 10.54м²,Загрузки Валя\Планировкка итоговая версия 1 (2).pdf (стр.1)
"планировочное_решение_улица_тельмана,_30к1,_кв_249",,"другое, планировка",3,134.1,128.2,"гостиная:2, кухня:2, прихожая:2, санузел:4, спальня:2",Гостиная 19.48м²; Прихожая 9.66м²; Спальня 19.36м²; Кухня 8.64м²; Коридор 3.05м²; Ванная 3.04м²; Санузел 0.85м²; Балкон 2.95м²; Гостиная 19.48м²; Прихожая 9.66м²; Спальня 19.36м²; Кухня 8.64м²; Коридор 3.05м²; Ванная 3.04м²; Санузел 0.85м²; Балкон 2.95м²,"Загрузки Валя\Telegram Desktop\Планировочное_решение_улица_Тельмана,_30к1,_кв_249.pdf (стр.1) | Загрузки Валя\Telegram Desktop\Планировочное_решение_улица_Тельмана,_30к1,_кв_249.pdf (стр.2) | Загрузки Валя\Telegram Desktop\Планировочное_решение_улица_Тельмана,_30к1,_кв_249.pdf (стр.3)"
планировочные решения paradise,,"другое, планировка",9,831.0,603.9,"гостиная:5, кухня:6, прихожая:2, санузел:10, спальня:16, терраса:6",кухня 7.75м²; прихожая 6.3м²; ванная 4.65м²; туалет 4.3м²; коридор 6.8м²; спальня 16.3м²; спальня 11.6м²; гардеробная 2.25м²; гостиная 35.55м²; терраса 36.0м²; гостиная 48.0м²; кухня 6.4м²; холодильник 6.3м²; ванная 3.75м²; спальня 13.6м²; гардеробная 5.5м²; санузел 5.15м²; спальня 12.4м²; спальня 12.4м²; терраса 39.7м²; кухня 7.75м²; коридор 6.3м²; ванная 4.65м²; туалет 4.3м²; гардеробная 6.8м²; спальня 16.3м²; гостиная 35.55м²; спальня 11.6м²; спальня 10.3м²; терраса 36.0м²; гостиная 48.0м²; кухня 6.4м²; спальня 13.6м²; ванная 3.75м²; спальня 12.4м²; спальня 12.4м²; терраса 39.7м²; кухня 7.75м²; прихожая 6.3м²; санузел 4.65м²; ванная 4.3м²; коридор 6.8м²; спальня 16.3м²; спальня 11.6м²; столовая 35.55м²; терраса 36.0м²; гостиная 48.0м²; кухня 6.4м²; спальня 13.6м²; ванная 3.75м²; спальня 12.4м²; гардеробная 5.0м²; спальня 12.4м²; терраса 39.7м²,2024\Прадайз\Линейка Парадайс\Планировочные решения PARADISE.pdf (стр.1) | 2024\Прадайз\Линейка Парадайс\Планировочные решения PARADISE.pdf (стр.2) | 2024\Прадайз\Линейка Парадайс\Планировочные решения PARADISE.pdf (стр.3) | Работы Валя\Линейка Парадайс\Планировочные решения PARADISE.pdf (стр.1) | Работы Валя\Линейка Парадайс\Планировочные решения PARADISE.pdf (стр.2) | Работы Валя\Линейка Парадайс\Планировочные решения PARADISE.pdf (стр.3) | Сборка Парадайз\Планировочные решения PARADISE.pdf (стр.1) | Сборка Парадайз\Планировочные решения PARADISE.pdf (стр.2) | Сборка Парадайз\Планировочные решения PARADISE.pdf (стр.3)
планировочные решения от 16.01 (2),,узел,1,0.0,0.0,,,Работы Валя\Эксперименты с подачей проектов\RANTA\Уличная мебель\Библиотека долбаеба\Планировочные решения от 16.01 (2).pdf (стр.1)
"планировочные_решения_магнитогорская_улица,_1,_кв_81",,"другое, планировка",3,165.6,154.6,"гостиная:2, детская:2, прихожая:2, санузел:4, спальня:4",Прихожая 6.34м²; Спальня 1 9.98м²; Кухня-гостиная 20.67м²; Спальня 2 9.78м²; Санузел 2.35м²; Ванная 5.03м²; Коридор 4.82м²; Спальня 3 18.7м²; Балкон 5.5м²; Прихожая 6.34м²; Детская 1 9.98м²; Кухня-гостиная 20.67м²; Детская 2 9.78м²; Санузел 2.01м²; Ванная 4.98м²; Коридор 4.82м²; Спальня 18.37м²; Балкон 5.5м²,"Загрузки Валя\Telegram Desktop\Планировочные_решения_Магнитогорская_улица,_1,_кв_81.pdf (стр.1) | Загрузки Валя\Telegram Desktop\Планировочные_решения_Магнитогорская_улица,_1,_кв_81.pdf (стр.2) | Загрузки Валя\Telegram Desktop\Планировочные_решения_Магнитогорская_улица,_1,_кв_81.pdf (стр.3)"
подключение чехофф малышев,,другое,1,0.0,0.0,,,Планировки\Подключение Чехофф Малышев.pdf (стр.1)
пол доска,,спецификация,1,0.0,0.0,,,2025\Дома\Планировка 3МД Баня 3М Лопухинка 2\СПЕЦ\Пол доска.pdf (стр.1)
полная планировка 2+2,,планировка,1,75.2,75.2,"гостиная:1, кухня:1, санузел:3, спальня:1",гостиная 18.38м²; кухня 23.03м²; ванная 5.16м²; туалет 5.11м²; спальня 18.38м²; санузел 5.16м²,Работы Валя\Лосево\Полная планировка 2+2.pdf (стр.1)
положение дома на участке малышев,,планировка,1,0.0,0.0,,,Планировки\Положение дома на участке Малышев.pdf (стр.1)
порнокоридор,,планировка,1,0.0,0.0,,,2025\Планировки\Юра\Порнокоридор.pdf (стр.1)
посадка домов,в2,планировка,1,0.0,0.0,,,Работы Валя\Вельск\посадка домов в2.pdf (стр.1)
потолок осб,,спецификация,1,0.0,0.0,,,2025\Дома\Планировка 3МД Баня 3М Лопухинка 2\СПЕЦ\ОСБ потолок\Потолок ОСБ.pdf (стр.1)
приложение №2 планировка,,планировка,1,0.0,0.0,,,Загрузки Валя\Telegram Desktop\Приложение №2 Планировка.pdf (стр.1)
пристройка баня 1мд,в1,планировка,1,21.3,15.5,сауна:1,Парная 10.72м²; Комната отдыха 4.79м²; Крыльцо(справочно) 5.79м²,2025\Планировки\Для Василия\Пристройка баня 1МД В1.pdf (стр.1)
проект 3+мд,,планировка,1,52.4,52.4,"гостиная:1, детская:1, прихожая:1, санузел:1, спальня:1",Кухня-Гостиная 24.0м²; Спальня 8.25м²; Детская 11.34м²; Прихожая 2.89м²; С/У 1.95м²; Душевая 3.96м²,2025\Планировки\Юра\Проект 3+МД.pdf (стр.1)
проект 3мд лопухинка 2 - план перекрытия пола,,"планировка, узел",3,0.0,0.0,,,2025\Дома\Планировка 3МД Баня 3М Лопухинка 2\ПОЛ\Проект 3МД Лопухинка 2 - План перекрытия пола.pdf (стр.1) | 2025\Дома\Планировка 3МД Баня 3М Лопухинка 2\ПОЛ\Проект 3МД Лопухинка 2 - План перекрытия пола.pdf (стр.2) | 2025\Дома\Планировка 3МД Баня 3М Лопухинка 2\ПОЛ\Проект 3МД Лопухинка 2 - План перекрытия пола.pdf (стр.3)
проект для мгн 3мд вариант 2,в1,планировка,1,79.7,48.4,"гостиная:1, санузел:1, спальня:1, терраса:1",С/У 6.73м²; Спальная 15.48м²; Кухня-Гостиная 26.21м²; Терраса 23.55м²; Крыльцо 7.7м²,2025\Планировки\Юра\Проект для МГН 3МД Вариант 2 В1.pdf (стр.1)
проект для мгн 3мд вариант 2,в2,планировка,1,79.7,48.4,"гостиная:1, санузел:1, спальня:1, терраса:1",С/У 6.73м²; Спальная 15.48м²; Кухня-Гостиная 26.21м²; Терраса 23.55м²; Крыльцо 7.7м²,2025\Планировки\Юра\Проект для МГН 3МД Вариант 2 В2.pdf (стр.1)
проектная документация банный дом квс 2мд,,"ведомость чертежей, планировка, фасад",3,31.2,31.2,"гостиная:1, санузел:1, сауна:1",Гостиная 16.04м²; С/У 2.0м²; Предбанник-Душевая 5.3м²; Парная 7.87м²,без адреса\Проектная документация Банный дом КВС 2мд.pdf (стр.1) | без адреса\Проектная документация Банный дом КВС 2мд.pdf (стр.2) | без адреса\Проектная документация Банный дом КВС 2мд.pdf (стр.3)
проектная документация гостевой дом квс 5мд,,"планировка, спецификация, фасад",3,62.4,57.9,"гостиная:1, прихожая:1, санузел:1, спальня:1",Кухня-Гостиная 21.05м²; Прихожая 10.75м²; С/У 5.07м²; Спальня 21.05м²; Крыльцо 4.5м²,без адреса\Проектная документация гостевой дом КВС 5мд.pdf (стр.1) | без адреса\Проектная документация гостевой дом КВС 5мд.pdf (стр.2) | без адреса\Проектная документация гостевой дом КВС 5мд.pdf (стр.3)
проектная документация по проекту лахденпохья 6мд (29.10.25),,"ведомость чертежей, планировка, спецификация, фасад",6,276.2,165.4,"гостиная:2, прихожая:4, санузел:4, спальня:6, терраса:6",Тех. Помещение 4.67м²; Спальня 11.82м²; Кухня-Гостиная 29.98м²; Спальня 8.82м²; Холл 3.47м²; Спальня 11.71м²; С/У 4.1м²; Прихожая 4.52м²; С/У 3.59м²; Крыльцо 3.0м²; Открытая терраса 30.7м²; Крытая терраса 18.0м²; Открытая терраса 3.71м²; Тех. Помещение 4.67м²; Спальня 11.82м²; Кухня-Гостиная 29.98м²; Спальня 8.82м²; Холл 3.47м²; Спальня 11.71м²; С/У 4.1м²; Прихожая 4.52м²; С/У 3.59м²; Крыльцо 3.0м²; Открытая терраса 30.7м²; Крытая терраса 18.0м²; Открытая терраса 3.71м²,2025\Дома\Пол Окенфольд\Проектная документация по проекту Лахденпохья 6мд (29.10.25).pdf (стр.1) | 2025\Дома\Пол Окенфольд\Проектная документация по проекту Лахденпохья 6мд (29.10.25).pdf (стр.2) | 2025\Дома\Пол Окенфольд\Проектная документация по проекту Лахденпохья 6мд (29.10.25).pdf (стр.3) | без адреса\Проектная документация по проекту Лахденпохья 6мд (29.10.25).pdf (стр.1) | без адреса\Проектная документация по проекту Лахденпохья 6мд (29.10.25).pdf (стр.2) | без адреса\Проектная документация по проекту Лахденпохья 6мд (29.10.25).pdf (стр.3)
проектная документация по федоровской усадьбе 2мд,,"ведомость чертежей, планировка, фасад",6,83.9,65.9,"гостиная:2, санузел:2, сауна:2, спальня:2, терраса:1",Кухня-Гостиная 19.61м²; Спальня 5.69м²; С/У 4.17м²; Парная 3.47м²; Кухня-Гостиная 19.61м²; Спальня 5.69м²; С/У 4.17м²; Парная 3.47м²; Терраса 18.0м²,Для обмена\федоровское\Проектная документация по Федоровской усадьбе 2мд.pdf (стр.1) | Для обмена\федоровское\Проектная документация по Федоровской усадьбе 2мд.pdf (стр.2) | Для обмена\федоровское\Проектная документация по Федоровской усадьбе 2мд.pdf (стр.3) | без адреса\Проектная документация по Федоровской усадьбе 2мд.pdf (стр.1) | без адреса\Проектная документация по Федоровской усадьбе 2мд.pdf (стр.2) | без адреса\Проектная документация по Федоровской усадьбе 2мд.pdf (стр.3)
птдк,,спецификация,1,0.0,0.0,,,2025\Дома\Планировка 3МД Баня 3М Лопухинка 2\СПЕЦ\Потолок\птдк.pdf (стр.1)
пустой цех,,планировка,1,0.0,0.0,,,Планировки\ПУСТОЙ ЦЕХ.pdf (стр.1)
пухолово,в1,планировка,1,70.2,52.3,"гостиная:1, кухня:1, санузел:1, спальня:1, терраса:1",кухня-столовая 23.25м²; санузел 3.47м²; коридор 3.55м²; гардеробная 2.2м²; спальня 9.3м²; гостиная 10.58м²; терраса 17.84м²,Планировки\Пухолово в1.pdf (стр.1)
пухолово,в2,планировка,1,59.6,41.8,"кухня:1, прихожая:1, санузел:1, спальня:1, терраса:1",кухня-столовая 23.25м²; санузел 3.74м²; прихожая 3.3м²; гардеробная 2.2м²; спальня 9.3м²; терраса 17.84м²,Планировки\Пухолово в2.pdf (стр.1)
размерный план,,планировка,2,33.6,33.6,,комната 27.0м²; комната 3.6м²; комната 3.0м²,Планировки\Собрать проект 2\Размерный план.pdf (стр.1) | Планировки\Собрать проект\Размерный план.pdf (стр.1)
разрез,,разрез,1,0.0,0.0,,,Планировки\Настя\Разрез.pdf (стр.1)
разрез по крыльцу снетки,,разрез,1,0.0,0.0,,,Планировки\Разрез по крыльцу снетки.pdf (стр.1)
рамул,в2,планировка,1,58.6,58.6,"гостиная:1, кухня:1, санузел:2, спальня:1",гостиная 22.0м²; кухня 9.42м²; спальня 9.54м²; ванная 3.76м²; туалет 3.5м²; коридор 7.44м²; гардеробная 2.97м²,Планировки\Собрать проект\Рамул в2.pdf (стр.1)
рамул,в3,планировка,1,75.2,75.2,"гостиная:1, кухня:1, санузел:2, спальня:1",гостиная 18.0м²; кухня 22.29м²; санузел 2.97м²; ванная 3.5м²; гардеробная 3.55м²; лестница 4.5м²; спальня 12.65м²; коридор 7.79м²,Планировки\Собрать проект\Рамул в3.pdf (стр.1)
ранта изм,,планировка,1,97.8,97.8,"гостиная:1, кухня:1, прихожая:1, санузел:2, спальня:1",гостиная 18.0м²; кухня 6.71м²; столовая 24.42м²; спальня 11.17м²; ванная 8.4м²; коридор 9.61м²; санузел 2.79м²; кладовая 3.23м²; кладовая 3.31м²; прихожая 10.19м²,Планировки\RANTA\Ранта изм.pdf (стр.1)
раскладка парадайс,,планировка,1,40.0,40.0,"кухня:2, прихожая:3, санузел:2",Прихожая 9.0м²; Прихожая 9.0м²; Санузел 2.74м²; Санузел 2.74м²; Кухня 3.44м²; Кухня 3.44м²; Холл 9.62м²,Планировки\Раскладка парадайс.pdf (стр.1)
расположение дома на участке,,планировка,1,0.0,0.0,,,Планировки\Расположение дома на участке.pdf (стр.1)
рд 23.10.25-маф задание 03.12.25,,"планировка, разрез, фасад",3,0.0,0.0,,,2026\Планировки\РД 23.10.25-МАФ задание 03.12.25.pdf (стр.1) | 2026\Планировки\РД 23.10.25-МАФ задание 03.12.25.pdf (стр.2) | 2026\Планировки\РД 23.10.25-МАФ задание 03.12.25.pdf (стр.3)
рд офмс 5м планировка,,планировка,1,0.0,0.0,детская:1,Зона ожидания с ТВ; Ресепшн; Макет; Выставочные экземпляры; Детская зона,2024\Офис 5М\РД Офмс 5М планировка.pdf (стр.1)
ромуал,в1,планировка,1,32.7,32.7,"гостиная:1, кухня:1, санузел:1",гостиная 19.04м²; кухня 4.51м²; санузел 4.27м²; кладовая 4.87м²,Планировки\Собрать проект\Ромуал в1.pdf (стр.1)
ромуальдас,,планировка,1,32.3,32.3,"гостиная:1, кухня:1, санузел:1",гостиная 19.04м²; кухня 4.87м²; санузел 2.97м²; коридор 3.07м²; кладовая 2.39м²,Планировки\Собрать проект\Ромуальдас.pdf (стр.1)
ромуальдас,в2,планировка,1,32.3,32.3,"кухня:1, прихожая:1, санузел:1, спальня:1",спальня 19.04м²; кухня 3.42м²; ванная 1.8м²; коридор 3.13м²; прихожая 4.87м²,Планировки\Собрать проект\Ромуальдас в2.pdf (стр.1)
ромул,в3,планировка,1,67.5,67.5,"гостиная:1, кухня:1, санузел:2, спальня:1",гостиная 22.29м²; кухня 18.0м²; спальня 12.65м²; ванная 2.97м²; санузел 3.5м²; гардеробная 3.55м²; лестница 4.5м²,Планировки\Собрать проект\Ромул в3.pdf (стр.1)
рощино,в1,планировка,1,67.9,67.9,"гостиная:1, кухня:1, прихожая:1, санузел:2, спальня:1",гостиная 23.66м²; кухня 9.67м²; спальня 15.65м²; ванная 4.37м²; туалет 4.62м²; прихожая 6.93м²; лестница 3.0м²,Планировки\Рощино в1.pdf (стр.1)
рощино,в2,планировка,1,67.9,67.9,"гостиная:1, кухня:1, прихожая:1, санузел:2, спальня:1",гостиная 23.66м²; кухня 9.67м²; спальня 15.65м²; ванная 4.37м²; туалет 4.62м²; прихожая 6.93м²; лестница 3.0м²,Планировки\Рощино в2.pdf (стр.1)
рощино,в3,планировка,1,82.7,64.7,"гостиная:1, прихожая:1, санузел:2, спальня:1, терраса:1",спальня 9.67м²; кухня-гостиная 22.6м²; санузел 4.62м²; ванная 4.14м²; прихожая 6.93м²; коридор 16.74м²; терраса 18.0м²,Планировки\Рощино в3.pdf (стр.1)
рощино,в4,планировка,1,78.3,60.3,"гостиная:1, кухня:1, санузел:2, спальня:1",гостиная 22.64м²; кухня 17.1м²; спальня 9.0м²; ванная 3.92м²; туалет 4.64м²; коридор 3.0м²; балкон 18.0м²,Планировки\Рощино в4.pdf (стр.1)
рощино,в5,планировка,1,68.4,68.4,"гостиная:1, кухня:1, санузел:1",гостиная 22.64м²; кухня 16.81м²; санузел 8.67м²; комната 8.81м²; коридор 3.92м²; кладовая 4.55м²; лестница 3.0м²,Планировки\Рощино в5.pdf (стр.1)
рощино,в6,планировка,1,44.4,44.4,"гостиная:1, кухня:1, санузел:1",гостиная 23.47м²; кухня 9.46м²; санузел 4.23м²; кладовая 4.29м²; лестница 3.0м²,Планировки\Lampi 4\Рощино в6.pdf (стр.1)
рыбацкая кухня челмуши,в1,планировка,1,0.0,0.0,,СУШ ШКАФ; ХД; МЗ,Планировки\Собрать проект\Рыбацкая кухня Челмуши в1.pdf (стр.1)
рыбацкий блок челмуши,в1,планировка,1,0.0,0.0,,СУШ ШКАФ; ХД; МЗ,Планировки\Собрать проект\Рыбацкий блок Челмуши в1.pdf (стр.1)
рязань,,планировка,1,0.0,0.0,,,Планировки\Lampi 4\Рязань.pdf (стр.1)
рязань,в5,планировка,1,73.1,73.1,"гостиная:1, санузел:2, спальня:2",спальня 12.33м²; спальня 12.33м²; кухня-гостиная 33.47м²; санузел 4.77м²; санузел 4.77м²; коридор 5.43м²,С рабочего стола Юры (бывш Аркадий)\то что было на компе тут\Лиза\Рязань в5\Рязань в5.pdf (стр.1)
рязань,в6,планировка,1,89.7,89.7,"гостиная:1, кухня:1, санузел:1, спальня:1",гостиная 32.56м²; спальня 18.0м²; комната 11.5м²; кухня 12.17м²; санузел 4.29м²; коридор 4.39м²; гардеробная 6.78м²,Работы Валя\1FF\Рязань в6.pdf (стр.1)
рязань,в7,планировка,1,89.7,89.7,"гостиная:1, кухня:1, прихожая:1, санузел:1, спальня:1",гостиная 32.56м²; спальня 18.0м²; комната 11.5м²; кухня 12.17м²; санузел 4.29м²; коридор 6.78м²; прихожая 4.39м²,Работы Валя\1FF\Рязань в7.pdf (стр.1)
рязань 2,в1,планировка,1,91.4,64.4,"гостиная:1, санузел:2, спальня:1, терраса:1",спальня 12.87м²; ванная 3.38м²; кухня-гостиная 34.39м²; санузел 4.63м²; гардеробная 4.03м²; лестничная клетка 5.1м²; терраса 27.0м²,Планировки\Рязань 2 в1.pdf (стр.1)
рязань иправления от 30.05,,планировка,1,0.0,0.0,,,Планировки\Lampi 4\Рязань иправления от 30.05.pdf (стр.1)
рязань итог,,планировка,1,71.7,71.7,"гостиная:1, кухня:1, санузел:1, спальня:1",гостиная 32.56м²; спальня 11.5м²; ванная 4.29м²; гардеробная 6.78м²; кухня 4.39м²; ПМ 12.17м²,Планировки\Рязань итог.pdf (стр.1)
рязань планировочное решение,,планировка,1,71.7,71.7,"гостиная:1, кухня:1, санузел:1, спальня:1",гостиная 32.56м²; кухня 12.17м²; спальня 11.5м²; ванная 4.29м²; гардеробная 6.78м²; ПМ 4.39м²,Планировки\Lampi 4\Рязань планировочное решение.pdf (стр.1)
рязань схема террас,,планировка,1,31.9,31.9,"кухня:1, санузел:1, спальня:1",кухня-столовая 19.09м²; спальня 7.55м²; ванная 3.5м²; гардеробная 1.8м²,Планировки\Рязань схема террас.pdf (стр.1)
рязань эскиз,,планировка,1,19.5,19.5,"кухня:1, санузел:1",коридор 11.34м²; санузел 1.1м²; кладовая 1.6м²; кухня-столовая 5.5м²,Планировки\Собрать проект\Рязань эскиз.pdf (стр.1)
рязань2,в2,планировка,1,77.7,77.7,"гостиная:1, прихожая:1, санузел:2, спальня:1",спальня 12.87м²; ванная 3.38м²; коридор 5.1м²; кухня-гостиная 34.39м²; санузел 4.63м²; гардеробная 4.03м²; лестница 7.0м²; прихожая 6.26м²,Планировки\Рязань2 в2.pdf (стр.1)
самая последняя планировка (1),,планировка,1,73.9,73.9,"гостиная:1, кухня:1, прихожая:1, санузел:1, спальня:1",гостиная 33.5м²; кухня 18.0м²; спальня 9.25м²; ванная 4.03м²; гардеробная 4.16м²; прихожая 5.0м²,Работы Валя\Эко озеро\КД дома\Самая последняя планировка (1).pdf (стр.1)
самая последняя планировка (1) (2),,планировка,1,81.4,81.4,"гостиная:1, кухня:1, прихожая:1, санузел:2, спальня:1",гостиная 33.5м²; кухня 18.0м²; ванная 4.03м²; туалет 4.16м²; прихожая 5.0м²; спальня 9.25м²; коридор 7.48м²,Работы Валя\Вельск\Самая последняя планировка (1) (2).pdf (стр.1)
самая последняя планировка экоозеро,,планировка,1,77.3,77.3,"гостиная:1, кухня:1, прихожая:1, санузел:1, спальня:1",гостиная 33.5м²; кухня 18.0м²; спальня 9.25м²; ванная 4.03м²; коридор 7.48м²; прихожая 5.0м²,Работы Валя\Вельск\Самая последняя планировка Экоозеро.pdf (стр.1)
санино 5мд,в4,планировка,1,124.3,84.2,"гостиная:1, прихожая:1, санузел:2, спальня:2, терраса:1",Кухня-Гостиная 31.54м²; Прихожая 9.17м²; С/У-1 7.53м²; Спальная 1 17.48м²; Гардероб 2.46м²; С/У-2 3.44м²; Спальная 2 12.59м²; Терраса 36.41м²; Крыльцо 3.65м²,Катерина\Юрочка\Санино 5МД В4.pdf (стр.1)
сарай планировка,,планировка,1,9.6,9.6,,САРАЙ 9.6м²,Работы Валя\Ебучий сарай\Сарай планировка.pdf (стр.1)
сваи под террасу дома,,планировка,1,0.0,0.0,,,Планировки\RANTA\Сваи под террасу дома.pdf (стр.1)
сваи под террасу дома уточнения,,планировка,1,0.0,0.0,,,Планировки\RANTA\Сваи под террасу дома уточнения.pdf (стр.1)
свайное поле малышев отступы от границ,,планировка,1,0.0,0.0,,,Планировки\Обновленные\Свайное поле Малышев отступы от границ.pdf (стр.1)
свайное поле чехофф предв,,планировка,1,0.0,0.0,,,Планировки\Обновленные\Свайное поле Чехофф предв.pdf (стр.1)
свойное поле баня lampi premium,,планировка,1,13.3,13.3,"кухня:1, санузел:1",ванная 8.86м²; кухня 4.44м²,Планировки\Свойное поле баня Lampi Premium.pdf (стр.1)
сергей размерный план от 13.08,,,1,0.0,0.0,,,Планировки\RANTA\Сергей размерный план от 13.08.pdf (стр.1)
скотное,,планировка,1,89.8,71.8,"гостиная:1, санузел:1, спальня:1",спальня 11.29м²; гардеробная 9.11м²; кухня-гостиная 34.95м²; санузел 4.21м²; коридор 9.22м²; лестница 3.0м²; балкон 18.0м²,Планировки\Скотное.pdf (стр.1)
скотное планировка в производство,,планировка,1,87.3,87.3,"гостиная:1, санузел:2, спальня:1",спальня 11.29м²; гардеробная 9.11м²; кухня-гостиная 34.95м²; санузел 4.21м²; коридор 9.22м²; лестница 3.0м²; санузел 4.21м²; кабинет 11.29м²,Работы Валя\Карповы\Скотное планировка в производство.pdf (стр.1)
скотное планировка в производство (1),,планировка,1,87.3,87.3,"гостиная:1, санузел:2, спальня:1",спальня 11.29м²; гардеробная 9.11м²; кухня-гостиная 34.95м²; санузел 4.21м²; коридор 9.22м²; лестница 3.0м²; кабинет 11.29м²; санузел 4.21м²,Загрузки Валя\Скотное планировка в производство (1).pdf (стр.1)
скотное планировка в производство (2),,планировка,1,87.3,87.3,"гостиная:1, санузел:2, спальня:1",спальня 11.29м²; гардеробная 9.11м²; кухня-гостиная 34.95м²; санузел 4.21м²; коридор 9.22м²; лестница 3.0м²; кабинет 11.29м²; санузел 4.21м²,Загрузки Валя\Скотное планировка в производство (2).pdf (стр.1)
скотное планировка в производство (3),,планировка,1,87.3,87.3,"кухня:1, санузел:2, спальня:1",спальня 11.29м²; гардеробная 9.11м²; кухня-столовая 34.95м²; санузел 4.21м²; коридор 9.22м²; лестница 3.0м²; кабинет 11.29м²; санузел 4.21м²,Загрузки Валя\Скотное планировка в производство (3).pdf (стр.1)
скотное планировка в производство (4),,планировка,1,71.8,71.8,"гостиная:1, санузел:1, спальня:1",спальня 11.29м²; гардеробная 9.11м²; кухня-гостиная 34.95м²; санузел 4.21м²; коридор 9.22м²; лестница 3.0м²,Загрузки Валя\Скотное планировка в производство (4).pdf (стр.1)
скотное положение дома на участке,в2,планировка,1,0.0,0.0,,,Планировки\Скотное положение дома на участке в2.pdf (стр.1)
скотное+ванна,,планировка,1,96.1,78.1,"гостиная:1, прихожая:1, санузел:1, спальня:2",спальня 11.29м²; гардеробная 9.11м²; кухня-гостиная 34.95м²; спальня 11.29м²; санузел 4.21м²; прихожая 4.21м²; лестница 3.0м²; балкон 18.0м²,Планировки\Скотное+ванна.pdf (стр.1)
славина,в3,планировка,1,55.6,46.8,"гостиная:1, прихожая:1, санузел:1, спальня:2, терраса:1",спальня 9.27м²; спальня 9.27м²; кухня-гостиная 20.92м²; ванная 3.69м²; холл 3.63м²; морозильная камера; помещение техническое; терраса 8.8м²,Планировки\RANTA\Славина в3.pdf (стр.1)
славино,в1,планировка,1,61.2,49.2,"гостиная:1, прихожая:1, санузел:1, спальня:2, терраса:1",спальня 9.52м²; спальня 9.52м²; ванная 3.69м²; кухня-гостиная 19.26м²; коридор 4.23м²; холл; гардеробная 2.98м²; терраса 12.0м²,Планировки\RANTA\Славино в1.pdf (стр.1)
славино,в2,планировка,1,58.9,58.9,"гостиная:1, прихожая:2, санузел:1, спальня:2",спальня 9.52м²; спальня 9.52м²; кухня-гостиная 17.52м²; санузел 3.69м²; холл 3.63м²; прихожая 2.98м²; кладовая 12.0м²,Планировки\RANTA\Славино в2.pdf (стр.1)
славино,в4,планировка,1,55.6,46.8,"гостиная:1, санузел:1, спальня:2, терраса:1",спальня 9.27м²; спальня 9.27м²; кухня-гостиная 20.92м²; ванная 3.69м²; мороэ 3.63м²; хол; пм; терраса 8.8м²,Планировки\RANTA\Славино в4.pdf (стр.1)
снетки 3 модуля новая,,планировка,1,67.9,49.9,"гостиная:1, кухня:1, санузел:1, спальня:1, терраса:1",гостиная 22.75м²; кухня 9.5м²; спальня 10.45м²; ванная 4.2м²; ПМ 3.0м²; терраса 18.0м²,Планировки\Lampi 4\Снетки 3 модуля новая.pdf (стр.1)
снетки хоз в работу,,планировка,1,72.9,72.9,,СТМ 6.77м²; СТМ 6.75м²; СУШ ШКАФ 8.67м²; СТМ 4.15м²; СТМ 28.55м²; 5 СТМ 18.0м²,Планировки\Lampi 4\Снетки хоз в работу.pdf (стр.1)
согласованная планировка,,планировка,1,72.6,55.6,"гостиная:1, санузел:1, сауна:1, терраса:1",Парная 16.24м²; Помывочное помещение 8.56м²; Массажный кабинет 5.5м²; Кухня-Гостиная 16.33м²; Тамбур 7.79м²; С/У 1.21м²; Терраса 16.96м²,3D визуализация\ФАСАДЫ\Фасады Байкал 3MD Банный дом\согласованная планировка.pdf (стр.1)
согласованная планировка александра боброво,,планировка,1,99.4,66.4,"гостиная:1, прихожая:1, санузел:1, спальня:1, терраса:1",Кабинет 10.88м²; Кухня-Гостиная 29.45м²; Спальная 16.28м²; С/У 4.69м²; Прихожая 5.06м²; Крыльцо 6.08м²; Терраса 26.98м²,2025\Дома\Александра 5МД\Планировка\Согласованная планировка Александра Боброво.pdf (стр.1)
солнечное - клумба,,"разрез, спецификация, узел",3,0.0,0.0,,,2025\Планировки\Юра\Солнечное - Клумба.pdf (стр.1) | 2025\Планировки\Юра\Солнечное - Клумба.pdf (стр.2) | 2025\Планировки\Юра\Солнечное - Клумба.pdf (стр.3)
сосновские горки,в1,планировка,1,35.3,35.3,"гостиная:1, кухня:1, спальня:1",спальня 7.93м²; гостиная 19.35м²; кухня 3.28м²; ПМ 1.08м²; Х 3.68м²,Планировки\Lampi 4\Сосновские горки в1.pdf (стр.1)
состав проекта,,состав проекта,1,0.0,0.0,,,Планировки\Собрать проект\Состав проекта.pdf (стр.1)
состав проекта 2,,состав проекта,1,0.0,0.0,,,Планировки\Собрать проект\Состав проекта 2.pdf (стр.1)
состав проекта 3,,состав проекта,1,0.0,0.0,,,Планировки\Собрать проект\Состав проекта 3.pdf (стр.1)
спецификация бакшты деревянные,,узел,1,0.0,0.0,,,Планировки\RANTA\Спецификация БАкшты деревянные.pdf (стр.1)
спецификация деревянных окон lampi m3 black,,спецификация,1,0.0,0.0,,,Планировки\Спецификация деревянных окон Lampi M3 BLACK.pdf (стр.1)
спецификация деревянных окон lampi m3 standart,,спецификация,1,0.0,0.0,,,Планировки\Спецификация деревянных окон Lampi M3 STANDART.pdf (стр.1)
спецификация окон,,спецификация,1,0.0,0.0,,,Планировки\Собрать проект 2\Спецификация окон.pdf (стр.1)
спецификация окон lampi m3 black,,спецификация,1,0.0,0.0,,,Планировки\Спецификация окон Lampi M3 BLACK.pdf (стр.1)
спецификация окон lampi m3 standart,,спецификация,1,0.0,0.0,,,Планировки\Спецификация окон Lampi M3 STANDART.pdf (стр.1)
спецка,,спецификация,1,0.0,0.0,,,Планировки\Собрать проект\Спецка.pdf (стр.1)
спортивный комплекс,,планировка,1,55.8,46.2,прихожая:1,Гараж 9.57м²; Тренерская 6.49м²; Прокат/сервисная 11.58м²; Холл 8.02м²; Раздевалка 1 10.05м²; Раздевалка 2 10.05м²,Планировки\ньки\Спортивный комплекс.pdf (стр.1)
стены доска,,спецификация,2,0.0,0.0,,,2025\Дома\Планировка 3МД Баня 3М Лопухинка 2\СПЕЦ\Стены\Стены доска.pdf (стр.1) | 2025\Дома\Планировка 3МД Баня 3М Лопухинка 2\СПЕЦ\Стены\Стены доска.pdf (стр.2)
суздаль,в1,планировка,1,70.8,52.8,"гостиная:1, кухня:1, санузел:1, спальня:1, терраса:1",гостиная 23.51м²; кухня 9.72м²; спальня 10.59м²; ванная 4.26м²; коридор 4.68м²; терраса 18.0м²,Планировки\Lampi 4\Суздаль в1.pdf (стр.1)
суздаль,в2,планировка,1,70.8,52.8,"гостиная:1, кухня:1, санузел:1, спальня:1, терраса:1",гостиная 23.51м²; кухня 9.72м²; спальня 10.59м²; санузел 4.26м²; коридор 4.68м²; терраса 18.0м²,Планировки\Lampi 4\Суздаль в2.pdf (стр.1)
суздаль 2,в1,планировка,1,53.1,53.1,санузел:1,ПМ 9.0м²; Х 18.84м²; комната 18.0м²; С/У 3.23м²; коридор 1.08м²; кладовая 3.0м²,Планировки\Собрать проект\Суздаль 2в1.pdf (стр.1)
суздаль 2,в2,планировка,1,41.1,41.1,"гостиная:1, кухня:1, санузел:1",гостиная 18.84м²; кухня 18.0м²; санузел 3.23м²; ПМ 1.08м²; Х,Планировки\Собрать проект\Суздаль 2в2.pdf (стр.1)
суздаль 2,в3,планировка,1,50.1,50.1,"гостиная:1, кухня:1, санузел:1, спальня:1",гостиная 18.84м²; спальня 18.0м²; кухня 9.0м²; санузел 3.23м²; ПМ 1.08м²; Х,Планировки\Собрать проект\Суздаль 2в3.pdf (стр.1)
суздаль 2,в4,планировка,1,50.0,50.0,"гостиная:1, кухня:1, санузел:1, спальня:1",гостиная 18.72м²; спальня 18.0м²; кухня 9.0м²; санузел 3.23м²; ПМ 1.08м²; Х,Планировки\Собрать проект\Суздаль 2в4.pdf (стр.1)
суздаль 2,в6,планировка,1,50.0,50.0,"гостиная:1, кухня:1, санузел:1, спальня:1",гостиная 18.72м²; спальня 18.0м²; кухня 9.0м²; санузел 3.23м²; ПМ 1.08м²; Х,Планировки\Собрать проект\Суздаль 2в6.pdf (стр.1)
суздаль 2,в7,планировка,1,50.0,50.0,"гостиная:1, кухня:1, санузел:1, спальня:1",гостиная 18.52м²; спальня 18.0м²; кухня 9.0м²; санузел 3.23м²; коридор 1.29м²; ПМ; Х,Планировки\Собрать проект\Суздаль 2в7.pdf (стр.1)
суздаль 2,в8,планировка,1,53.0,53.0,"гостиная:1, кухня:1, прихожая:1, санузел:1, спальня:1",гостиная 18.52м²; спальня 18.0м²; кухня 9.0м²; ванная 3.23м²; коридор 1.29м²; прихожая 3.0м²,Планировки\RANTA\Суздаль 2 в8.pdf (стр.1)
суздаль 2 в8 (2),,планировка,1,50.0,50.0,"гостиная:1, санузел:2, спальня:1",гостиная 18.52м²; спальня 18.0м²; ванная 3.23м²; туалет 1.29м²; коридор 9.0м²,2024\Суздаль 2М\Суздаль 2 в8 (2).pdf (стр.1)
суздаль 3,в5,планировка,1,50.0,50.0,"гостиная:1, кухня:1, санузел:1, спальня:1",гостиная 18.72м²; спальня 18.0м²; кухня 9.0м²; санузел 3.23м²; ПМ 1.08м²; Х,Планировки\Собрать проект\Суздаль 3в5.pdf (стр.1)
суздаль 4мд антон,,планировка,1,73.8,73.8,"гостиная:1, кухня:1, санузел:1, спальня:1",кухня-столовая 23.51м²; гостиная 18.0м²; спальня 10.59м²; санузел 4.26м²; гардеробная 4.68м²; лестничная клетка 3.0м²; коридор 9.72м²,2025\Дома\Суздаль 4МД Антон\Суздаль 4МД Антон.pdf (стр.1)
суздаль 4мд антон,в2,планировка,1,73.8,73.8,"гостиная:1, кухня:1, санузел:1, спальня:1",гостиная 23.51м²; кухня 18.0м²; спальня 10.59м²; ванная 4.26м²; гардеробная 4.68м²; коридор 9.72м²; лестница 3.0м²,2025\Дома\Суздаль 4МД Антон\Суздаль 4МД Антон В2.pdf (стр.1)
суздаль 4мд антон,в3,планировка,1,73.8,73.8,"гостиная:1, кухня:1, санузел:2, спальня:1",кухня-столовая 23.51м²; гостиная 18.0м²; спальня 10.59м²; санузел 4.68м²; ванная 4.26м²; коридор 9.72м²; лестничная клетка 3.0м²,2025\Дома\Суздаль 4МД Антон\Суздаль 4МД Антон В3.pdf (стр.1)
суздаль 4мд антон,в4,планировка,1,73.8,73.8,"гостиная:1, кухня:1, санузел:2, спальня:1",гостиная 23.51м²; кухня 9.72м²; санузел 4.68м²; ванная 4.26м²; кладовая 3.0м²; спальня 10.59м²; лестница 18.0м²,2025\Дома\Суздаль 4МД Антон\Суздаль 4МД Антон В4.pdf (стр.1)
схема каркаса террас,,планировка,1,0.0,0.0,,,Планировки\RANTA\Схема каркаса террас.pdf (стр.1)
схема подключения коммуникаций скотное,,планировка,1,0.0,0.0,,,Планировки\Схема подключения коммуникаций Скотное.pdf (стр.1)
схема посадки дома,,планировка,1,0.0,0.0,,,Планировки\Собрать проект\Схема посадки дома.pdf (стр.1)
тех. характеристики дома..doc,,"другое, спецификация",3,0.0,0.0,,,2025\Планировки\Вводные\На анг\Тех. характеристики дома..doc.pdf (стр.1) | 2025\Планировки\Вводные\На анг\Тех. характеристики дома..doc.pdf (стр.2) | 2025\Планировки\Вводные\На анг\Тех. характеристики дома..doc.pdf (стр.3)
тимур агалатово,в2,планировка,1,29.6,29.6,"гостиная:1, кухня:1",гостиная 16.8м²; кухня 12.8м²,Планировки\Lampi 4\Тимур Агалатово в2.pdf (стр.1)
титульник,,другое,1,0.0,0.0,,,Планировки\Собрать проект\Титульник.pdf (стр.1)
фасад вариант 1,,фасад,1,0.0,0.0,,,Планировки\Фасад Вариант 1.pdf (стр.1)
фасад вариант 2,,фасад,1,0.0,0.0,,,Планировки\Фасад Вариант 2.pdf (стр.1)
фасадные решения,,фасад,1,0.0,0.0,,,Планировки\Собрать проект 2\Фасадные решения.pdf (стр.1)
фасады,,фасад,1,0.0,0.0,,,Планировки\Собрать проект\Фасады.pdf (стр.1)
фасады карповы 1,,фасад,1,0.0,0.0,,,Планировки\Фасады Карповы 1.pdf (стр.1)
фонтанка1,в1,планировка,1,17.9,17.9,санузел:1,комната 12.63м²; ванная 2.9м²; коридор 2.4м²,Планировки\Обновленные\Фонтанка1 в1.pdf (стр.1)
форэскиз 2000x1000 mm@2x сжат сильно,,планировка,1,0.0,0.0,,,Планировки\Форэскиз 2000x1000 mm@2x сжат сильно.pdf (стр.1)
херкально бриз,,планировка,1,19.9,19.9,,комната 9.91м²; комната 4.31м²; комната 5.7м²,Планировки\Херкально бриз.pdf (стр.1)
хозблок (11мд москва) проект,,"планировка, разрез, спецификация",3,0.0,0.0,,,2025\Дома\11МД Москва Евгения\ХОЗБЛОК\Хозблок (11МД Москва) Проект.pdf (стр.1) | 2025\Дома\11МД Москва Евгения\ХОЗБЛОК\Хозблок (11МД Москва) Проект.pdf (стр.2) | 2025\Дома\11МД Москва Евгения\ХОЗБЛОК\Хозблок (11МД Москва) Проект.pdf (стр.3)
хозблок 3х6 ак,в1,разрез,1,0.0,0.0,,,2025\Планировки\Юра\Хозблоки\Хозблок 3х6 АК В1.pdf (стр.1)
хозблок плюс навес,в3,планировка,1,0.0,0.0,,,2026\Планировки\Юра\Хозблок плюс навес В3.pdf (стр.1)
хозбок ак 6х3,в1,разрез,1,0.0,0.0,,,2025\Планировки\Для Василия\Хозбок АК 6х3 В1.pdf (стр.1)
хозбок ак 6х3,в2,разрез,1,0.0,0.0,,,2025\Планировки\Для Василия\Хозбок АК 6х3 В2.pdf (стр.1)
хозбок с воротмаи 1мд,в1,планировка,1,16.2,16.2,,Помещение 16.16м²,2025\Планировки\Для Василия\Хозбок с воротмаи 1МД В1.pdf (стр.1)
хозбок с воротмаи 1мд,в2,планировка,1,16.2,16.2,,Помещение 16.16м²,2025\Планировки\Для Василия\Хозбок с воротмаи 1МД В2.pdf (стр.1)
хохблок плюс навес,в1,планировка,1,0.0,0.0,,,2026\Планировки\Юра\Хохблок плюс навес В1.pdf (стр.1)
хохблок плюс навес,в2,планировка,1,0.0,0.0,,,2026\Планировки\Юра\Хохблок плюс навес В2.pdf (стр.1)
цех май,,планировка,1,31.0,31.0,,Аньялово 3.0м²; Лахденпохья 3.0м²; АКОП 5.0м²; Бриллиант; Лахденпохья 2.0м²; Муравьёвы 4.5м²; Максим 3.5м²; Рязань 4.5м²; Рязань; Карповы 5.5м²,Планировки\Цех май.pdf (стр.1)
цех планировка версия 2  на обсуждение,,планировка,1,146.5,146.5,"кухня:1, санузел:1, спальня:1",Теплое ожидание 17.76м²; Коридор 8.8м²; Склад мелкого белья 11.5м²; Склад крупного белья 11.5м²; Прачечная 43.5м²; Коридор 3.4м²; Коридор 3.4м²; Коридорный склад и зона разгрузки 21.5м²; Гардероб 5.8м²; Стиральная 4.4м²; Санузел 3.3м²; Кухня 7.2м²; Спальня 4.4м²,Работы Валя\Дима\Цех\Цех планировка версия 2  на обсуждение.pdf (стр.1)
цех планировка версия на обсуждение,,планировка,1,150.1,150.1,санузел:1,Технический этаж 33.2м²; Кухонный склад и зона раздачи 18.7м²; Приемка 35.6м²; Зона подготовки блюда 23.6м²; Корпус 14.0м²; Коридор 2.4м²; Буфетная 4.1м²; Душевая комната 1.5м²; Душевая 2.5м²; Душевая 2.5м²; Душевая 2.5м²; С/У 3.3м²; Техническое помещение 4.8м²; Шкаф 1.4м²,Работы Валя\Дима\Цех\Цех планировка версия на обсуждение.pdf (стр.1)
цех с домом сестры васи,,планировка,1,0.0,0.0,,,Планировки\Цех с домом сестры Васи.pdf (стр.1)
челмуши,в5,планировка,1,77.0,59.0,"кухня:1, санузел:1, спальня:1, терраса:1",терраса 18.0м²; кухня-столовая 27.0м²; спальня 19.4м²; ванная 3.23м²; коридор 1.08м²; кладовая 8.27м²,Планировки\Челмуши в5.pdf (стр.1)
челмуши,в6,планировка,1,77.0,32.0,"кухня:1, санузел:1, спальня:1, терраса:1",терраса 18.0м²; кухня-столовая 19.4м²; санузел 3.23м²; коридор 1.08м²; спальня 8.27м²; балкон 27.0м²,Планировки\Челмуши в6.pdf (стр.1)
челмуши фасады,,фасад,3,0.0,0.0,,,Планировки\Собрать проект 2\Челмуши фасады.pdf (стр.1) | Планировки\Собрать проект 2\Челмуши фасады.pdf (стр.2) | Планировки\Собрать проект 2\Челмуши фасады.pdf (стр.3)
челмушскаяя коса,в2,планировка,1,50.0,32.0,"гостиная:1, кухня:1, санузел:1, терраса:1",гостиная 19.4м²; кухня 8.27м²; санузел 3.23м²; коридор 1.08м²; терраса 18.0м²,Планировки\Челмушскаяя коса в2.pdf (стр.1)
черновик,,планировка,1,63.7,63.7,,9.02 м2 9.02м²; 9.58 м2 9.58м²; 45.07 м2 45.07м²,Планировки\Собрать проект\Черновик.pdf (стр.1)
чехофф 3,в1,планировка,1,139.8,139.8,"гостиная:1, кухня:1, прихожая:1, санузел:4, спальня:6",гостиная 45.04м²; кухня 14.38м²; спальня 13.09м²; ванная 3.82м²; туалет 3.0м²; коридор 5.06м²; прихожая 7.08м²; гардеробная 5.0м²; санузел 1.39м²; лоджия 2.68м²; спальня 9.06м²; ванная 10.67м²; спальня 8.02м²; спальня 4.07м²; спальня 3.67м²; спальня 3.75м²,Планировки\Собрать проект\Чехофф 3 в1.pdf (стр.1)
чехофф 3 гп,,планировка,1,76.3,76.3,"гостиная:1, детская:1, прихожая:1, санузел:2, спальня:1",кухня-гостиная 36.04м²; спальня 13.29м²; детская 12.88м²; санузел 3.75м²; ванная 4.28м²; прихожая 6.02м²,Планировки\Собрать проект\Чехофф 3 гп.pdf (стр.1)
чехофф 3 предв,,планировка,1,155.1,142.0,"гостиная:1, кухня:1, прихожая:1, санузел:5, спальня:2",гостиная 48.94м²; кухня 13.88м²; спальня 1 14.38м²; спальня 2 14.07м²; ванная 1 3.67м²; ванная 2 3.75м²; ванная 3 3.67м²; ванная 4 10.67м²; ванная 5 9.06м²; коридор 8.02м²; прихожая 5.08м²; гардеробная 3.0м²; кабинет 3.82м²; балкон 13.09м²,Планировки\Собрать проект\Чехофф 3 предв.pdf (стр.1)
эко 29,в1,планировка,1,35.4,35.4,"санузел:2, спальня:1",спальня 14.0м²; ванная 6.34м²; туалет 3.11м²; коридор 9.41м²; кладовая 2.5м²,Планировки\RANTA\Эко 29 в1.pdf (стр.1)
электрика lampi бриллиант,,планировка,1,0.0,0.0,,,Планировки\Lampi 4\Электрика Lampi Бриллиант.pdf (стр.1)
электрика lampi бриллиант исправления,,разрез,1,0.0,0.0,,,Планировки\Lampi 4\Электрика Lampi Бриллиант исправления.pdf (стр.1)
электрика lampi бриллиант исправления 2,,планировка,1,0.0,0.0,,,Планировки\Lampi 4\Электрика Lampi Бриллиант исправления 2.pdf (стр.1)
электрика финский бриз,,планировка,1,46.2,46.2,,комната 26.24м²; комната 9.91м²; комната 5.7м²; комната 4.31м²,Планировки\Электрика финский бриз.pdf (стр.1)
эскиз офиса продаж,,"планировка, фасад",3,0.0,0.0,,,2025\Дома\Офис косой\Планировка\Эскиз Офиса продаж.pdf (стр.1) | 2025\Дома\Офис косой\Планировка\Эскиз Офиса продаж.pdf (стр.2) | 2025\Дома\Офис косой\Планировка\Эскиз Офиса продаж.pdf (стр.3)
эскиз посадки 2,,планировка,1,0.0,0.0,,,Планировки\Lampi 4\Эскиз посадки 2.pdf (стр.1)
эссойла,в1,планировка,1,96.1,96.1,"гостиная:1, санузел:2, спальня:2",кухня-гостиная 33.5м²; спальня 17.7м²; спальня 11.17м²; ванная 4.03м²; гардеробная 4.16м²; коридор 4.46м²; кабинет 10.88м²; санузел 10.18м²,Планировки\Обновленные\Эссойла в1.pdf (стр.1)
эссойла,в2,планировка,1,76.4,58.7,"гостиная:1, прихожая:1, санузел:1, спальня:1",кухня-гостиная 33.54м²; спальня 11.03м²; санузел 5.07м²; гардеробная 6.04м²; прихожая 3.0м²; балкон 17.7м²,Планировки\Эссойла в2.pdf (стр.1)
эссойла,в3,планировка,1,88.7,65.8,"гостиная:1, санузел:1, спальня:1, терраса:1",кухня-гостиная 33.54м²; спальня 11.03м²; санузел 5.07м²; гардеробная 6.04м²; коридор 10.16м²; терраса 22.89м²,Планировки\Эссойла в3.pdf (стр.1)
эссойла,в5,планировка,1,101.2,101.2,"гостиная:1, кухня:1, санузел:1, спальня:1",гостиная 33.54м²; кухня 17.38м²; спальня 11.03м²; ванная 5.07м²; гардеробная 6.04м²; коридор 10.16м²; лоджия 18.0м²,Планировки\Эссойла в5.pdf (стр.1)
эссойла,в6,планировка,1,106.7,106.7,"гостиная:1, кухня:1, санузел:1, спальня:1",гостиная 33.54м²; кухня 17.38м²; спальня 11.03м²; ванная 5.78м²; гардеробная 10.8м²; коридор 10.16м²; лестница 18.0м²,Планировки\Эссойла в6.pdf (стр.1)
эссойла,в7,планировка,1,101.2,83.2,"гостиная:1, кухня:1, прихожая:1, санузел:1, спальня:1",гостиная 33.54м²; кухня 17.38м²; спальня 11.03м²; ванная 5.78м²; гардеробная 5.28м²; прихожая 10.16м²; балкон 18.0м²,Планировки\Эссойла в7.pdf (стр.1)
ямилахти_2мд_планировочное_решение__спецификация_окон_и_дверей_изм,,спецификация,2,0.0,0.0,,,2026\ДОМА\Ямилахти\Ямилахти_2мд_Планировочное_решение__спецификация_окон_и_дверей_изм.pdf (стр.1) | 2026\ДОМА\Ямилахти\Ямилахти_2мд_Планировочное_решение__спецификация_окон_и_дверей_изм.pdf (стр.2)
